date,league,home,away,home_goals,away_goals
2023-08-18,德甲,SV Werder Bremen,FC Bayern München,0,4
2023-08-19,德甲,Bayer 04 Leverkusen,RB Leipzig,3,2
2023-08-19,德甲,VfL Wolfsburg,1. FC Heidenheim 1846,2,0
2023-08-19,德甲,TSG 1899 Hoffenheim,SC Freiburg,1,2
2023-08-19,德甲,FC Augsburg,Borussia Mönchengladbach,4,4
2023-08-19,德甲,VfB Stuttgart,VfL Bochum 1848,5,0
2023-08-19,德甲,Borussia Dortmund,1. FC Köln,1,0
2023-08-20,德甲,1. FC Union Berlin,1. FSV Mainz 05,4,1
2023-08-20,德甲,Eintracht Frankfurt,SV Darmstadt 98,1,0
2023-08-25,德甲,RB Leipzig,VfB Stuttgart,5,1
2023-08-26,德甲,SC Freiburg,SV Werder Bremen,1,0
2023-08-26,德甲,1. FC Köln,VfL Wolfsburg,1,2
2023-08-26,德甲,VfL Bochum 1848,Borussia Dortmund,1,1
2023-08-26,德甲,1. FC Heidenheim 1846,TSG 1899 Hoffenheim,2,3
2023-08-26,德甲,SV Darmstadt 98,1. FC Union Berlin,1,4
2023-08-26,德甲,Borussia Mönchengladbach,Bayer 04 Leverkusen,0,3
2023-08-27,德甲,1. FSV Mainz 05,Eintracht Frankfurt,1,1
2023-08-27,德甲,FC Bayern München,FC Augsburg,3,1
2023-09-01,德甲,Borussia Dortmund,1. FC Heidenheim 1846,2,2
2023-09-02,德甲,Bayer 04 Leverkusen,SV Darmstadt 98,5,1
2023-09-02,德甲,TSG 1899 Hoffenheim,VfL Wolfsburg,3,1
2023-09-02,德甲,SV Werder Bremen,1. FSV Mainz 05,4,0
2023-09-02,德甲,FC Augsburg,VfL Bochum 1848,2,2
2023-09-02,德甲,VfB Stuttgart,SC Freiburg,5,0
2023-09-02,德甲,Borussia Mönchengladbach,FC Bayern München,1,2
2023-09-03,德甲,Eintracht Frankfurt,1. FC Köln,1,1
2023-09-03,德甲,1. FC Union Berlin,RB Leipzig,0,3
2023-09-15,德甲,FC Bayern München,Bayer 04 Leverkusen,2,2
2023-09-16,德甲,RB Leipzig,FC Augsburg,3,0
2023-09-16,德甲,SC Freiburg,Borussia Dortmund,2,4
2023-09-16,德甲,VfL Wolfsburg,1. FC Union Berlin,2,1
2023-09-16,德甲,1. FSV Mainz 05,VfB Stuttgart,1,3
2023-09-16,德甲,1. FC Köln,TSG 1899 Hoffenheim,1,3
2023-09-16,德甲,VfL Bochum 1848,Eintracht Frankfurt,1,1
2023-09-17,德甲,1. FC Heidenheim 1846,SV Werder Bremen,4,2
2023-09-17,德甲,SV Darmstadt 98,Borussia Mönchengladbach,3,3
2023-09-22,德甲,VfB Stuttgart,SV Darmstadt 98,3,1
2023-09-23,德甲,FC Bayern München,VfL Bochum 1848,7,0
2023-09-23,德甲,Borussia Dortmund,VfL Wolfsburg,1,0
2023-09-23,德甲,1. FC Union Berlin,TSG 1899 Hoffenheim,0,2
2023-09-23,德甲,Borussia Mönchengladbach,RB Leipzig,0,1
2023-09-23,德甲,FC Augsburg,1. FSV Mainz 05,2,1
2023-09-23,德甲,SV Werder Bremen,1. FC Köln,2,1
2023-09-24,德甲,Bayer 04 Leverkusen,1. FC Heidenheim 1846,4,1
2023-09-24,德甲,Eintracht Frankfurt,SC Freiburg,0,0
2023-09-29,德甲,TSG 1899 Hoffenheim,Borussia Dortmund,1,3
2023-09-30,德甲,VfL Wolfsburg,Eintracht Frankfurt,2,0
2023-09-30,德甲,1. FSV Mainz 05,Bayer 04 Leverkusen,0,3
2023-09-30,德甲,1. FC Köln,VfB Stuttgart,0,2
2023-09-30,德甲,VfL Bochum 1848,Borussia Mönchengladbach,1,3
2023-09-30,德甲,1. FC Heidenheim 1846,1. FC Union Berlin,1,0
2023-09-30,德甲,RB Leipzig,FC Bayern München,2,2
2023-10-01,德甲,SV Darmstadt 98,SV Werder Bremen,4,2
2023-10-01,德甲,SC Freiburg,FC Augsburg,2,0
2023-10-06,德甲,Borussia Mönchengladbach,1. FSV Mainz 05,2,2
2023-10-07,德甲,Borussia Dortmund,1. FC Union Berlin,4,2
2023-10-07,德甲,RB Leipzig,VfL Bochum 1848,0,0
2023-10-07,德甲,FC Augsburg,SV Darmstadt 98,1,2
2023-10-07,德甲,VfB Stuttgart,VfL Wolfsburg,3,1
2023-10-07,德甲,SV Werder Bremen,TSG 1899 Hoffenheim,2,3
2023-10-08,德甲,Bayer 04 Leverkusen,1. FC Köln,3,0
2023-10-08,德甲,FC Bayern München,SC Freiburg,3,0
2023-10-08,德甲,Eintracht Frankfurt,1. FC Heidenheim 1846,2,0
2023-10-20,德甲,Borussia Dortmund,SV Werder Bremen,1,0
2023-10-21,德甲,TSG 1899 Hoffenheim,Eintracht Frankfurt,1,3
2023-10-21,德甲,SV Darmstadt 98,RB Leipzig,1,3
2023-10-21,德甲,1. FC Union Berlin,VfB Stuttgart,0,3
2023-10-21,德甲,SC Freiburg,VfL Bochum 1848,2,1
2023-10-21,德甲,VfL Wolfsburg,Bayer 04 Leverkusen,1,2
2023-10-21,德甲,1. FSV Mainz 05,FC Bayern München,1,3
2023-10-22,德甲,1. FC Köln,Borussia Mönchengladbach,3,1
2023-10-22,德甲,1. FC Heidenheim 1846,FC Augsburg,2,5
2023-10-27,德甲,VfL Bochum 1848,1. FSV Mainz 05,2,2
2023-10-28,德甲,FC Bayern München,SV Darmstadt 98,8,0
2023-10-28,德甲,Borussia Mönchengladbach,1. FC Heidenheim 1846,2,1
2023-10-28,德甲,SV Werder Bremen,1. FC Union Berlin,2,0
2023-10-28,德甲,FC Augsburg,VfL Wolfsburg,3,2
2023-10-28,德甲,VfB Stuttgart,TSG 1899 Hoffenheim,2,3
2023-10-28,德甲,RB Leipzig,1. FC Köln,6,0
2023-10-29,德甲,Eintracht Frankfurt,Borussia Dortmund,3,3
2023-10-29,德甲,Bayer 04 Leverkusen,SC Freiburg,2,1
2023-11-03,德甲,SV Darmstadt 98,VfL Bochum 1848,1,2
2023-11-04,德甲,1. FC Union Berlin,Eintracht Frankfurt,0,3
2023-11-04,德甲,SC Freiburg,Borussia Mönchengladbach,3,3
2023-11-04,德甲,1. FSV Mainz 05,RB Leipzig,2,0
2023-11-04,德甲,1. FC Köln,FC Augsburg,1,1
2023-11-04,德甲,TSG 1899 Hoffenheim,Bayer 04 Leverkusen,2,3
2023-11-04,德甲,Borussia Dortmund,FC Bayern München,0,4
2023-11-05,德甲,VfL Wolfsburg,SV Werder Bremen,2,2
2023-11-05,德甲,1. FC Heidenheim 1846,VfB Stuttgart,2,0
2023-11-10,德甲,Borussia Mönchengladbach,VfL Wolfsburg,4,0
2023-11-11,德甲,FC Bayern München,1. FC Heidenheim 1846,4,2
2023-11-11,德甲,FC Augsburg,TSG 1899 Hoffenheim,1,1
2023-11-11,德甲,VfB Stuttgart,Borussia Dortmund,2,1
2023-11-11,德甲,SV Darmstadt 98,1. FSV Mainz 05,0,0
2023-11-11,德甲,VfL Bochum 1848,1. FC Köln,1,1
2023-11-12,德甲,Bayer 04 Leverkusen,1. FC Union Berlin,4,0
2023-11-12,德甲,SV Werder Bremen,Eintracht Frankfurt,2,2
2023-11-12,德甲,RB Leipzig,SC Freiburg,3,1
2023-11-24,德甲,1. FC Köln,FC Bayern München,0,1
2023-11-25,德甲,Borussia Dortmund,Borussia Mönchengladbach,4,2
2023-11-25,德甲,1. FC Union Berlin,FC Augsburg,1,1
2023-11-25,德甲,SC Freiburg,SV Darmstadt 98,1,1
2023-11-25,德甲,VfL Wolfsburg,RB Leipzig,2,1
2023-11-25,德甲,SV Werder Bremen,Bayer 04 Leverkusen,0,3
2023-11-25,德甲,Eintracht Frankfurt,VfB Stuttgart,1,2
2023-11-26,德甲,1. FC Heidenheim 1846,VfL Bochum 1848,0,0
2023-11-26,德甲,TSG 1899 Hoffenheim,1. FSV Mainz 05,1,1
2023-12-01,德甲,SV Darmstadt 98,1. FC Köln,0,1
2023-12-02,德甲,RB Leipzig,1. FC Heidenheim 1846,2,1
2023-12-02,德甲,Borussia Mönchengladbach,TSG 1899 Hoffenheim,2,1
2023-12-02,德甲,VfL Bochum 1848,VfL Wolfsburg,3,1
2023-12-02,德甲,VfB Stuttgart,SV Werder Bremen,2,0
2023-12-03,德甲,1. FSV Mainz 05,SC Freiburg,0,1
2023-12-03,德甲,Bayer 04 Leverkusen,Borussia Dortmund,1,1
2023-12-03,德甲,FC Augsburg,Eintracht Frankfurt,2,1
2023-12-08,德甲,TSG 1899 Hoffenheim,VfL Bochum 1848,3,1
2023-12-09,德甲,1. FC Union Berlin,Borussia Mönchengladbach,3,1
2023-12-09,德甲,Eintracht Frankfurt,FC Bayern München,5,1
2023-12-09,德甲,VfL Wolfsburg,SC Freiburg,0,1
2023-12-09,德甲,SV Werder Bremen,FC Augsburg,2,0
2023-12-09,德甲,1. FC Heidenheim 1846,SV Darmstadt 98,3,2
2023-12-09,德甲,Borussia Dortmund,RB Leipzig,2,3
2023-12-10,德甲,VfB Stuttgart,Bayer 04 Leverkusen,1,1
2023-12-10,德甲,1. FC Köln,1. FSV Mainz 05,0,0
2023-12-15,德甲,Borussia Mönchengladbach,SV Werder Bremen,2,2
2023-12-16,德甲,1. FSV Mainz 05,1. FC Heidenheim 1846,0,1
2023-12-16,德甲,VfL Bochum 1848,1. FC Union Berlin,3,0
2023-12-16,德甲,FC Augsburg,Borussia Dortmund,1,1
2023-12-16,德甲,SV Darmstadt 98,VfL Wolfsburg,0,1
2023-12-16,德甲,RB Leipzig,TSG 1899 Hoffenheim,3,1
2023-12-17,德甲,SC Freiburg,1. FC Köln,2,0
2023-12-17,德甲,Bayer 04 Leverkusen,Eintracht Frankfurt,3,0
2023-12-17,德甲,FC Bayern München,VfB Stuttgart,3,0
2023-12-19,德甲,SV Werder Bremen,RB Leipzig,1,1
2023-12-19,德甲,Borussia Dortmund,1. FSV Mainz 05,1,1
2023-12-19,德甲,TSG 1899 Hoffenheim,SV Darmstadt 98,3,3
2023-12-20,德甲,1. FC Union Berlin,1. FC Köln,2,0
2023-12-20,德甲,Bayer 04 Leverkusen,VfL Bochum 1848,4,0
2023-12-20,德甲,Eintracht Frankfurt,Borussia Mönchengladbach,2,1
2023-12-20,德甲,VfL Wolfsburg,FC Bayern München,1,2
2023-12-20,德甲,VfB Stuttgart,FC Augsburg,3,0
2023-12-20,德甲,1. FC Heidenheim 1846,SC Freiburg,3,2
2024-01-12,德甲,FC Bayern München,TSG 1899 Hoffenheim,3,0
2024-01-13,德甲,RB Leipzig,Eintracht Frankfurt,0,1
2024-01-13,德甲,SC Freiburg,1. FC Union Berlin,0,0
2024-01-13,德甲,1. FSV Mainz 05,VfL Wolfsburg,1,1
2024-01-13,德甲,1. FC Köln,1. FC Heidenheim 1846,1,1
2024-01-13,德甲,FC Augsburg,Bayer 04 Leverkusen,0,1
2024-01-13,德甲,SV Darmstadt 98,Borussia Dortmund,0,3
2024-01-14,德甲,VfL Bochum 1848,SV Werder Bremen,1,1
2024-01-14,德甲,Borussia Mönchengladbach,VfB Stuttgart,3,1
2024-01-20,德甲,1. FC Köln,Borussia Dortmund,0,4
2024-01-20,德甲,SV Darmstadt 98,Eintracht Frankfurt,2,2
2024-01-20,德甲,1. FC Heidenheim 1846,VfL Wolfsburg,1,1
2024-01-20,德甲,SC Freiburg,TSG 1899 Hoffenheim,3,2
2024-01-20,德甲,VfL Bochum 1848,VfB Stuttgart,1,0
2024-01-20,德甲,RB Leipzig,Bayer 04 Leverkusen,2,3
2024-01-21,德甲,FC Bayern München,SV Werder Bremen,0,1
2024-01-21,德甲,Borussia Mönchengladbach,FC Augsburg,1,2
2024-01-24,德甲,FC Bayern München,1. FC Union Berlin,1,0
2024-01-26,德甲,Eintracht Frankfurt,1. FSV Mainz 05,1,0
2024-01-27,德甲,FC Augsburg,FC Bayern München,2,3
2024-01-27,德甲,VfB Stuttgart,RB Leipzig,5,2
2024-01-27,德甲,SV Werder Bremen,SC Freiburg,3,1
2024-01-27,德甲,VfL Wolfsburg,1. FC Köln,1,1
2024-01-27,德甲,TSG 1899 Hoffenheim,1. FC Heidenheim 1846,1,1
2024-01-27,德甲,Bayer 04 Leverkusen,Borussia Mönchengladbach,0,0
2024-01-28,德甲,1. FC Union Berlin,SV Darmstadt 98,1,0
2024-01-28,德甲,Borussia Dortmund,VfL Bochum 1848,3,1
2024-02-02,德甲,1. FC Heidenheim 1846,Borussia Dortmund,0,0
2024-02-03,德甲,SV Darmstadt 98,Bayer 04 Leverkusen,0,2
2024-02-03,德甲,FC Bayern München,Borussia Mönchengladbach,3,1
2024-02-03,德甲,1. FSV Mainz 05,SV Werder Bremen,0,1
2024-02-03,德甲,VfL Bochum 1848,FC Augsburg,1,1
2024-02-03,德甲,SC Freiburg,VfB Stuttgart,1,3
2024-02-03,德甲,1. FC Köln,Eintracht Frankfurt,2,0
2024-02-04,德甲,VfL Wolfsburg,TSG 1899 Hoffenheim,2,2
2024-02-04,德甲,RB Leipzig,1. FC Union Berlin,2,0
2024-02-07,德甲,1. FSV Mainz 05,1. FC Union Berlin,1,1
2024-02-09,德甲,Borussia Dortmund,SC Freiburg,3,0
2024-02-10,德甲,FC Augsburg,RB Leipzig,2,2
2024-02-10,德甲,1. FC Union Berlin,VfL Wolfsburg,1,0
2024-02-10,德甲,Eintracht Frankfurt,VfL Bochum 1848,1,1
2024-02-10,德甲,SV Werder Bremen,1. FC Heidenheim 1846,1,2
2024-02-10,德甲,Borussia Mönchengladbach,SV Darmstadt 98,0,0
2024-02-10,德甲,Bayer 04 Leverkusen,FC Bayern München,3,0
2024-02-11,德甲,VfB Stuttgart,1. FSV Mainz 05,3,1
2024-02-11,德甲,TSG 1899 Hoffenheim,1. FC Köln,1,1
2024-02-16,德甲,1. FC Köln,SV Werder Bremen,0,1
2024-02-17,德甲,VfL Wolfsburg,Borussia Dortmund,1,1
2024-02-17,德甲,TSG 1899 Hoffenheim,1. FC Union Berlin,0,1
2024-02-17,德甲,1. FC Heidenheim 1846,Bayer 04 Leverkusen,1,2
2024-02-17,德甲,1. FSV Mainz 05,FC Augsburg,1,0
2024-02-17,德甲,SV Darmstadt 98,VfB Stuttgart,1,2
2024-02-17,德甲,RB Leipzig,Borussia Mönchengladbach,2,0
2024-02-18,德甲,SC Freiburg,Eintracht Frankfurt,3,3
2024-02-18,德甲,VfL Bochum 1848,FC Bayern München,3,2
2024-02-23,德甲,Bayer 04 Leverkusen,1. FSV Mainz 05,2,1
2024-02-24,德甲,VfB Stuttgart,1. FC Köln,1,1
2024-02-24,德甲,1. FC Union Berlin,1. FC Heidenheim 1846,2,2
2024-02-24,德甲,SV Werder Bremen,SV Darmstadt 98,1,1
2024-02-24,德甲,Borussia Mönchengladbach,VfL Bochum 1848,5,2
2024-02-24,德甲,FC Bayern München,RB Leipzig,2,1
2024-02-25,德甲,Eintracht Frankfurt,VfL Wolfsburg,2,2
2024-02-25,德甲,Borussia Dortmund,TSG 1899 Hoffenheim,2,3
2024-02-25,德甲,FC Augsburg,SC Freiburg,2,1
2024-03-01,德甲,SC Freiburg,FC Bayern München,2,2
2024-03-02,德甲,1. FC Union Berlin,Borussia Dortmund,0,2
2024-03-02,德甲,VfL Bochum 1848,RB Leipzig,1,4
2024-03-02,德甲,1. FC Heidenheim 1846,Eintracht Frankfurt,1,2
2024-03-02,德甲,1. FSV Mainz 05,Borussia Mönchengladbach,1,1
2024-03-02,德甲,SV Darmstadt 98,FC Augsburg,0,6
2024-03-02,德甲,VfL Wolfsburg,VfB Stuttgart,2,3
2024-03-03,德甲,1. FC Köln,Bayer 04 Leverkusen,0,2
2024-03-03,德甲,TSG 1899 Hoffenheim,SV Werder Bremen,2,1
2024-03-08,德甲,VfB Stuttgart,1. FC Union Berlin,2,0
2024-03-09,德甲,FC Bayern München,1. FSV Mainz 05,8,1
2024-03-09,德甲,Borussia Mönchengladbach,1. FC Köln,3,3
2024-03-09,德甲,FC Augsburg,1. FC Heidenheim 1846,1,0
2024-03-09,德甲,RB Leipzig,SV Darmstadt 98,2,0
2024-03-09,德甲,SV Werder Bremen,Borussia Dortmund,1,2
2024-03-10,德甲,VfL Bochum 1848,SC Freiburg,1,2
2024-03-10,德甲,Eintracht Frankfurt,TSG 1899 Hoffenheim,3,1
2024-03-10,德甲,Bayer 04 Leverkusen,VfL Wolfsburg,2,0
2024-03-15,德甲,1. FC Köln,RB Leipzig,1,5
2024-03-16,德甲,SV Darmstadt 98,FC Bayern München,2,5
2024-03-16,德甲,1. FC Heidenheim 1846,Borussia Mönchengladbach,1,1
2024-03-16,德甲,1. FC Union Berlin,SV Werder Bremen,2,1
2024-03-16,德甲,1. FSV Mainz 05,VfL Bochum 1848,2,0
2024-03-16,德甲,VfL Wolfsburg,FC Augsburg,1,3
2024-03-16,德甲,TSG 1899 Hoffenheim,VfB Stuttgart,0,3
2024-03-17,德甲,SC Freiburg,Bayer 04 Leverkusen,2,3
2024-03-17,德甲,Borussia Dortmund,Eintracht Frankfurt,3,1
2024-03-30,德甲,Eintracht Frankfurt,1. FC Union Berlin,0,0
2024-03-30,德甲,Borussia Mönchengladbach,SC Freiburg,0,3
2024-03-30,德甲,SV Werder Bremen,VfL Wolfsburg,0,2
2024-03-30,德甲,RB Leipzig,1. FSV Mainz 05,0,0
2024-03-30,德甲,Bayer 04 Leverkusen,TSG 1899 Hoffenheim,2,1
2024-03-30,德甲,FC Bayern München,Borussia Dortmund,0,2
2024-03-31,德甲,FC Augsburg,1. FC Köln,1,1
2024-03-31,德甲,VfB Stuttgart,1. FC Heidenheim 1846,3,3
2024-03-31,德甲,VfL Bochum 1848,SV Darmstadt 98,2,2
2024-04-05,德甲,Eintracht Frankfurt,SV Werder Bremen,1,1
2024-04-06,德甲,1. FC Heidenheim 1846,FC Bayern München,3,2
2024-04-06,德甲,SC Freiburg,RB Leipzig,1,4
2024-04-06,德甲,1. FC Union Berlin,Bayer 04 Leverkusen,0,1
2024-04-06,德甲,1. FC Köln,VfL Bochum 1848,2,1
2024-04-06,德甲,1. FSV Mainz 05,SV Darmstadt 98,4,0
2024-04-06,德甲,Borussia Dortmund,VfB Stuttgart,0,1
2024-04-07,德甲,TSG 1899 Hoffenheim,FC Augsburg,3,1
2024-04-07,德甲,VfL Wolfsburg,Borussia Mönchengladbach,1,3
2024-04-12,德甲,FC Augsburg,1. FC Union Berlin,2,0
2024-04-13,德甲,Borussia Mönchengladbach,Borussia Dortmund,1,2
2024-04-13,德甲,RB Leipzig,VfL Wolfsburg,3,0
2024-04-13,德甲,FC Bayern München,1. FC Köln,2,0
2024-04-13,德甲,1. FSV Mainz 05,TSG 1899 Hoffenheim,4,1
2024-04-13,德甲,VfL Bochum 1848,1. FC Heidenheim 1846,1,1
2024-04-13,德甲,VfB Stuttgart,Eintracht Frankfurt,3,0
2024-04-14,德甲,SV Darmstadt 98,SC Freiburg,0,1
2024-04-14,德甲,Bayer 04 Leverkusen,SV Werder Bremen,5,0
2024-04-19,德甲,Eintracht Frankfurt,FC Augsburg,3,1
2024-04-20,德甲,1. FC Heidenheim 1846,RB Leipzig,1,2
2024-04-20,德甲,TSG 1899 Hoffenheim,Borussia Mönchengladbach,4,3
2024-04-20,德甲,VfL Wolfsburg,VfL Bochum 1848,1,0
2024-04-20,德甲,1. FC Köln,SV Darmstadt 98,0,2
2024-04-20,德甲,1. FC Union Berlin,FC Bayern München,1,5
2024-04-21,德甲,SV Werder Bremen,VfB Stuttgart,2,1
2024-04-21,德甲,Borussia Dortmund,Bayer 04 Leverkusen,1,1
2024-04-21,德甲,SC Freiburg,1. FSV Mainz 05,1,1
2024-04-26,德甲,VfL Bochum 1848,TSG 1899 Hoffenheim,3,2
2024-04-27,德甲,RB Leipzig,Borussia Dortmund,4,1
2024-04-27,德甲,FC Bayern München,Eintracht Frankfurt,2,1
2024-04-27,德甲,SC Freiburg,VfL Wolfsburg,1,2
2024-04-27,德甲,FC Augsburg,SV Werder Bremen,0,3
2024-04-27,德甲,Bayer 04 Leverkusen,VfB Stuttgart,2,2
2024-04-28,德甲,Borussia Mönchengladbach,1. FC Union Berlin,0,0
2024-04-28,德甲,1. FSV Mainz 05,1. FC Köln,1,1
2024-04-28,德甲,SV Darmstadt 98,1. FC Heidenheim 1846,0,1
2024-05-03,德甲,TSG 1899 Hoffenheim,RB Leipzig,1,1
2024-05-04,德甲,VfB Stuttgart,FC Bayern München,3,1
2024-05-04,德甲,SV Werder Bremen,Borussia Mönchengladbach,2,2
2024-05-04,德甲,Borussia Dortmund,FC Augsburg,5,1
2024-05-04,德甲,VfL Wolfsburg,SV Darmstadt 98,3,0
2024-05-04,德甲,1. FC Köln,SC Freiburg,0,0
2024-05-05,德甲,1. FC Union Berlin,VfL Bochum 1848,3,4
2024-05-05,德甲,Eintracht Frankfurt,Bayer 04 Leverkusen,1,5
2024-05-05,德甲,1. FC Heidenheim 1846,1. FSV Mainz 05,1,1
2024-05-10,德甲,FC Augsburg,VfB Stuttgart,0,1
2024-05-11,德甲,1. FC Köln,1. FC Union Berlin,3,2
2024-05-11,德甲,Borussia Mönchengladbach,Eintracht Frankfurt,1,1
2024-05-11,德甲,RB Leipzig,SV Werder Bremen,1,1
2024-05-11,德甲,SC Freiburg,1. FC Heidenheim 1846,1,1
2024-05-11,德甲,1. FSV Mainz 05,Borussia Dortmund,3,0
2024-05-12,德甲,SV Darmstadt 98,TSG 1899 Hoffenheim,0,6
2024-05-12,德甲,FC Bayern München,VfL Wolfsburg,2,0
2024-05-12,德甲,VfL Bochum 1848,Bayer 04 Leverkusen,0,5
2024-05-18,德甲,TSG 1899 Hoffenheim,FC Bayern München,4,2
2024-05-18,德甲,Eintracht Frankfurt,RB Leipzig,2,2
2024-05-18,德甲,1. FC Union Berlin,SC Freiburg,2,1
2024-05-18,德甲,VfL Wolfsburg,1. FSV Mainz 05,1,3
2024-05-18,德甲,VfB Stuttgart,Borussia Mönchengladbach,4,0
2024-05-18,德甲,1. FC Heidenheim 1846,1. FC Köln,4,1
2024-05-18,德甲,SV Werder Bremen,VfL Bochum 1848,4,1
2024-05-18,德甲,Bayer 04 Leverkusen,FC Augsburg,2,1
2024-05-18,德甲,Borussia Dortmund,SV Darmstadt 98,4,0
2024-08-23,德甲,Borussia Mönchengladbach,Bayer 04 Leverkusen,2,3
2024-08-24,德甲,RB Leipzig,VfL Bochum 1848,1,0
2024-08-24,德甲,TSG 1899 Hoffenheim,Holstein Kiel,3,2
2024-08-24,德甲,SC Freiburg,VfB Stuttgart,3,1
2024-08-24,德甲,FC Augsburg,SV Werder Bremen,2,2
2024-08-24,德甲,1. FSV Mainz 05,1. FC Union Berlin,1,1
2024-08-24,德甲,Borussia Dortmund,Eintracht Frankfurt,2,0
2024-08-25,德甲,VfL Wolfsburg,FC Bayern München,2,3
2024-08-25,德甲,FC St. Pauli 1910,1. FC Heidenheim 1846,0,2
2024-08-30,德甲,1. FC Union Berlin,FC St. Pauli 1910,1,0
2024-08-31,德甲,VfB Stuttgart,1. FSV Mainz 05,3,3
2024-08-31,德甲,Eintracht Frankfurt,TSG 1899 Hoffenheim,3,1
2024-08-31,德甲,SV Werder Bremen,Borussia Dortmund,0,0
2024-08-31,德甲,VfL Bochum 1848,Borussia Mönchengladbach,0,2
2024-08-31,德甲,Holstein Kiel,VfL Wolfsburg,0,2
2024-08-31,德甲,Bayer 04 Leverkusen,RB Leipzig,2,3
2024-09-01,德甲,1. FC Heidenheim 1846,FC Augsburg,4,0
2024-09-01,德甲,FC Bayern München,SC Freiburg,2,0
2024-09-13,德甲,Borussia Dortmund,1. FC Heidenheim 1846,4,2
2024-09-14,德甲,RB Leipzig,1. FC Union Berlin,0,0
2024-09-14,德甲,TSG 1899 Hoffenheim,Bayer 04 Leverkusen,1,4
2024-09-14,德甲,SC Freiburg,VfL Bochum 1848,2,1
2024-09-14,德甲,VfL Wolfsburg,Eintracht Frankfurt,1,2
2024-09-14,德甲,Borussia Mönchengladbach,VfB Stuttgart,1,3
2024-09-14,德甲,Holstein Kiel,FC Bayern München,1,6
2024-09-15,德甲,FC Augsburg,FC St. Pauli 1910,3,1
2024-09-15,德甲,1. FSV Mainz 05,SV Werder Bremen,1,2
2024-09-20,德甲,FC Augsburg,1. FSV Mainz 05,2,3
2024-09-21,德甲,1. FC Heidenheim 1846,SC Freiburg,0,3
2024-09-21,德甲,SV Werder Bremen,FC Bayern München,0,5
2024-09-21,德甲,1. FC Union Berlin,TSG 1899 Hoffenheim,2,1
2024-09-21,德甲,VfL Bochum 1848,Holstein Kiel,2,2
2024-09-21,德甲,Eintracht Frankfurt,Borussia Mönchengladbach,2,0
2024-09-22,德甲,Bayer 04 Leverkusen,VfL Wolfsburg,4,3
2024-09-22,德甲,VfB Stuttgart,Borussia Dortmund,5,1
2024-09-22,德甲,FC St. Pauli 1910,RB Leipzig,0,0
2024-09-27,德甲,Borussia Dortmund,VfL Bochum 1848,4,2
2024-09-28,德甲,RB Leipzig,FC Augsburg,4,0
2024-09-28,德甲,SC Freiburg,FC St. Pauli 1910,0,3
2024-09-28,德甲,VfL Wolfsburg,VfB Stuttgart,2,2
2024-09-28,德甲,1. FSV Mainz 05,1. FC Heidenheim 1846,0,2
2024-09-28,德甲,Borussia Mönchengladbach,1. FC Union Berlin,1,0
2024-09-28,德甲,FC Bayern München,Bayer 04 Leverkusen,1,1
2024-09-29,德甲,Holstein Kiel,Eintracht Frankfurt,2,4
2024-09-29,德甲,TSG 1899 Hoffenheim,SV Werder Bremen,3,4
2024-10-04,德甲,FC Augsburg,Borussia Mönchengladbach,2,1
2024-10-05,德甲,Bayer 04 Leverkusen,Holstein Kiel,2,2
2024-10-05,德甲,SV Werder Bremen,SC Freiburg,0,1
2024-10-05,德甲,1. FC Union Berlin,Borussia Dortmund,2,1
2024-10-05,德甲,VfL Bochum 1848,VfL Wolfsburg,1,3
2024-10-05,德甲,FC St. Pauli 1910,1. FSV Mainz 05,0,3
2024-10-06,德甲,1. FC Heidenheim 1846,RB Leipzig,0,1
2024-10-06,德甲,Eintracht Frankfurt,FC Bayern München,3,3
2024-10-06,德甲,VfB Stuttgart,TSG 1899 Hoffenheim,1,1
2024-10-18,德甲,Borussia Dortmund,FC St. Pauli 1910,2,1
2024-10-19,德甲,Bayer 04 Leverkusen,Eintracht Frankfurt,2,1
2024-10-19,德甲,TSG 1899 Hoffenheim,VfL Bochum 1848,3,1
2024-10-19,德甲,SC Freiburg,FC Augsburg,3,1
2024-10-19,德甲,1. FSV Mainz 05,RB Leipzig,0,2
2024-10-19,德甲,Borussia Mönchengladbach,1. FC Heidenheim 1846,3,2
2024-10-19,德甲,FC Bayern München,VfB Stuttgart,4,0
2024-10-20,德甲,Holstein Kiel,1. FC Union Berlin,0,2
2024-10-20,德甲,VfL Wolfsburg,SV Werder Bremen,2,4
2024-10-25,德甲,1. FSV Mainz 05,Borussia Mönchengladbach,1,1
2024-10-26,德甲,VfB Stuttgart,Holstein Kiel,2,1
2024-10-26,德甲,RB Leipzig,SC Freiburg,3,1
2024-10-26,德甲,FC Augsburg,Borussia Dortmund,2,1
2024-10-26,德甲,FC St. Pauli 1910,VfL Wolfsburg,0,0
2024-10-26,德甲,SV Werder Bremen,Bayer 04 Leverkusen,2,2
2024-10-27,德甲,VfL Bochum 1848,FC Bayern München,0,5
2024-10-27,德甲,1. FC Union Berlin,Eintracht Frankfurt,1,1
2024-10-27,德甲,1. FC Heidenheim 1846,TSG 1899 Hoffenheim,0,0
2024-11-01,德甲,Bayer 04 Leverkusen,VfB Stuttgart,0,0
2024-11-02,德甲,FC Bayern München,1. FC Union Berlin,3,0
2024-11-02,德甲,Eintracht Frankfurt,VfL Bochum 1848,7,2
2024-11-02,德甲,TSG 1899 Hoffenheim,FC St. Pauli 1910,0,2
2024-11-02,德甲,VfL Wolfsburg,FC Augsburg,1,1
2024-11-02,德甲,Holstein Kiel,1. FC Heidenheim 1846,1,0
2024-11-02,德甲,Borussia Dortmund,RB Leipzig,2,1
2024-11-03,德甲,SC Freiburg,1. FSV Mainz 05,0,0
2024-11-03,德甲,Borussia Mönchengladbach,SV Werder Bremen,4,1
2024-11-08,德甲,1. FC Union Berlin,SC Freiburg,0,0
2024-11-09,德甲,SV Werder Bremen,Holstein Kiel,2,1
2024-11-09,德甲,1. FSV Mainz 05,Borussia Dortmund,3,1
2024-11-09,德甲,VfL Bochum 1848,Bayer 04 Leverkusen,1,1
2024-11-09,德甲,FC St. Pauli 1910,FC Bayern München,0,1
2024-11-09,德甲,RB Leipzig,Borussia Mönchengladbach,0,0
2024-11-10,德甲,FC Augsburg,TSG 1899 Hoffenheim,0,0
2024-11-10,德甲,VfB Stuttgart,Eintracht Frankfurt,2,3
2024-11-10,德甲,1. FC Heidenheim 1846,VfL Wolfsburg,1,3
2024-11-22,德甲,FC Bayern München,FC Augsburg,3,0
2024-11-23,德甲,Bayer 04 Leverkusen,1. FC Heidenheim 1846,5,2
2024-11-23,德甲,VfB Stuttgart,VfL Bochum 1848,2,0
2024-11-23,德甲,Borussia Dortmund,SC Freiburg,4,0
2024-11-23,德甲,TSG 1899 Hoffenheim,RB Leipzig,4,3
2024-11-23,德甲,VfL Wolfsburg,1. FC Union Berlin,1,0
2024-11-23,德甲,Eintracht Frankfurt,SV Werder Bremen,1,0
2024-11-24,德甲,Holstein Kiel,1. FSV Mainz 05,0,3
2024-11-24,德甲,Borussia Mönchengladbach,FC St. Pauli 1910,2,0
2024-11-29,德甲,FC St. Pauli 1910,Holstein Kiel,3,1
2024-11-30,德甲,RB Leipzig,VfL Wolfsburg,1,5
2024-11-30,德甲,SV Werder Bremen,VfB Stuttgart,2,2
2024-11-30,德甲,SC Freiburg,Borussia Mönchengladbach,3,1
2024-11-30,德甲,FC Augsburg,VfL Bochum 1848,1,0
2024-11-30,德甲,1. FC Union Berlin,Bayer 04 Leverkusen,1,2
2024-11-30,德甲,Borussia Dortmund,FC Bayern München,1,1
2024-12-01,德甲,1. FSV Mainz 05,TSG 1899 Hoffenheim,2,0
2024-12-01,德甲,1. FC Heidenheim 1846,Eintracht Frankfurt,0,4
2024-12-06,德甲,VfB Stuttgart,1. FC Union Berlin,3,2
2024-12-07,德甲,Bayer 04 Leverkusen,FC St. Pauli 1910,2,1
2024-12-07,德甲,FC Bayern München,1. FC Heidenheim 1846,4,2
2024-12-07,德甲,Eintracht Frankfurt,FC Augsburg,2,2
2024-12-07,德甲,VfL Bochum 1848,SV Werder Bremen,0,1
2024-12-07,德甲,Holstein Kiel,RB Leipzig,0,2
2024-12-07,德甲,Borussia Mönchengladbach,Borussia Dortmund,1,1
2024-12-08,德甲,VfL Wolfsburg,1. FSV Mainz 05,4,3
2024-12-08,德甲,TSG 1899 Hoffenheim,SC Freiburg,1,1
2024-12-13,德甲,SC Freiburg,VfL Wolfsburg,3,2
2024-12-14,德甲,1. FSV Mainz 05,FC Bayern München,2,1
2024-12-14,德甲,Borussia Mönchengladbach,Holstein Kiel,4,1
2024-12-14,德甲,1. FC Union Berlin,VfL Bochum 1848,0,2
2024-12-14,德甲,FC Augsburg,Bayer 04 Leverkusen,0,2
2024-12-14,德甲,FC St. Pauli 1910,SV Werder Bremen,0,2
2024-12-15,德甲,1. FC Heidenheim 1846,VfB Stuttgart,1,3
2024-12-15,德甲,Borussia Dortmund,TSG 1899 Hoffenheim,1,1
2024-12-15,德甲,RB Leipzig,Eintracht Frankfurt,2,1
2024-12-20,德甲,FC Bayern München,RB Leipzig,5,1
2024-12-21,德甲,VfB Stuttgart,FC St. Pauli 1910,0,1
2024-12-21,德甲,Eintracht Frankfurt,1. FSV Mainz 05,1,3
2024-12-21,德甲,TSG 1899 Hoffenheim,Borussia Mönchengladbach,1,2
2024-12-21,德甲,SV Werder Bremen,1. FC Union Berlin,4,1
2024-12-21,德甲,Holstein Kiel,FC Augsburg,5,1
2024-12-21,德甲,Bayer 04 Leverkusen,SC Freiburg,5,1
2024-12-22,德甲,VfL Bochum 1848,1. FC Heidenheim 1846,2,0
2024-12-22,德甲,VfL Wolfsburg,Borussia Dortmund,1,3
2025-01-10,德甲,Borussia Dortmund,Bayer 04 Leverkusen,2,3
2025-01-11,德甲,TSG 1899 Hoffenheim,VfL Wolfsburg,0,1
2025-01-11,德甲,1. FC Heidenheim 1846,1. FC Union Berlin,2,0
2025-01-11,德甲,SC Freiburg,Holstein Kiel,3,2
2025-01-11,德甲,1. FSV Mainz 05,VfL Bochum 1848,2,0
2025-01-11,德甲,FC St. Pauli 1910,Eintracht Frankfurt,0,1
2025-01-11,德甲,Borussia Mönchengladbach,FC Bayern München,0,1
2025-01-12,德甲,RB Leipzig,SV Werder Bremen,4,2
2025-01-12,德甲,FC Augsburg,VfB Stuttgart,0,1
2025-01-14,德甲,Holstein Kiel,Borussia Dortmund,4,2
2025-01-14,德甲,Bayer 04 Leverkusen,1. FSV Mainz 05,1,0
2025-01-14,德甲,Eintracht Frankfurt,SC Freiburg,4,1
2025-01-14,德甲,VfL Wolfsburg,Borussia Mönchengladbach,5,1
2025-01-15,德甲,VfL Bochum 1848,FC St. Pauli 1910,1,0
2025-01-15,德甲,VfB Stuttgart,RB Leipzig,2,1
2025-01-15,德甲,FC Bayern München,TSG 1899 Hoffenheim,5,0
2025-01-15,德甲,SV Werder Bremen,1. FC Heidenheim 1846,3,3
2025-01-15,德甲,1. FC Union Berlin,FC Augsburg,0,2
2025-01-17,德甲,Eintracht Frankfurt,Borussia Dortmund,2,0
2025-01-18,德甲,VfB Stuttgart,SC Freiburg,4,0
2025-01-18,德甲,FC Bayern München,VfL Wolfsburg,3,2
2025-01-18,德甲,1. FC Heidenheim 1846,FC St. Pauli 1910,0,2
2025-01-18,德甲,VfL Bochum 1848,RB Leipzig,3,3
2025-01-18,德甲,Holstein Kiel,TSG 1899 Hoffenheim,1,3
2025-01-18,德甲,Bayer 04 Leverkusen,Borussia Mönchengladbach,3,1
2025-01-19,德甲,1. FC Union Berlin,1. FSV Mainz 05,2,1
2025-01-19,德甲,SV Werder Bremen,FC Augsburg,0,2
2025-01-24,德甲,VfL Wolfsburg,Holstein Kiel,2,2
2025-01-25,德甲,RB Leipzig,Bayer 04 Leverkusen,2,2
2025-01-25,德甲,1. FSV Mainz 05,VfB Stuttgart,2,0
2025-01-25,德甲,SC Freiburg,FC Bayern München,1,2
2025-01-25,德甲,FC Augsburg,1. FC Heidenheim 1846,2,1
2025-01-25,德甲,Borussia Dortmund,SV Werder Bremen,2,2
2025-01-25,德甲,Borussia Mönchengladbach,VfL Bochum 1848,3,0
2025-01-26,德甲,TSG 1899 Hoffenheim,Eintracht Frankfurt,2,2
2025-01-26,德甲,FC St. Pauli 1910,1. FC Union Berlin,3,0
2025-01-31,德甲,SV Werder Bremen,1. FSV Mainz 05,1,0
2025-02-01,德甲,1. FC Heidenheim 1846,Borussia Dortmund,1,2
2025-02-01,德甲,VfL Bochum 1848,SC Freiburg,0,1
2025-02-01,德甲,FC St. Pauli 1910,FC Augsburg,1,1
2025-02-01,德甲,VfB Stuttgart,Borussia Mönchengladbach,1,2
2025-02-01,德甲,FC Bayern München,Holstein Kiel,4,3
2025-02-01,德甲,1. FC Union Berlin,RB Leipzig,0,0
2025-02-02,德甲,Eintracht Frankfurt,VfL Wolfsburg,1,1
2025-02-02,德甲,Bayer 04 Leverkusen,TSG 1899 Hoffenheim,3,1
2025-02-07,德甲,FC Bayern München,SV Werder Bremen,3,0
2025-02-08,德甲,VfL Wolfsburg,Bayer 04 Leverkusen,0,0
2025-02-08,德甲,Borussia Dortmund,VfB Stuttgart,1,2
2025-02-08,德甲,SC Freiburg,1. FC Heidenheim 1846,1,0
2025-02-08,德甲,1. FSV Mainz 05,FC Augsburg,0,0
2025-02-08,德甲,TSG 1899 Hoffenheim,1. FC Union Berlin,0,4
2025-02-08,德甲,Borussia Mönchengladbach,Eintracht Frankfurt,1,1
2025-02-09,德甲,Holstein Kiel,VfL Bochum 1848,2,2
2025-02-09,德甲,RB Leipzig,FC St. Pauli 1910,2,0
2025-02-14,德甲,FC Augsburg,RB Leipzig,0,0
2025-02-15,德甲,VfL Bochum 1848,Borussia Dortmund,2,0
2025-02-15,德甲,FC St. Pauli 1910,SC Freiburg,0,1
2025-02-15,德甲,VfB Stuttgart,VfL Wolfsburg,1,2
2025-02-15,德甲,1. FC Union Berlin,Borussia Mönchengladbach,1,2
2025-02-15,德甲,Bayer 04 Leverkusen,FC Bayern München,0,0
2025-02-16,德甲,SV Werder Bremen,TSG 1899 Hoffenheim,1,3
2025-02-16,德甲,Eintracht Frankfurt,Holstein Kiel,3,1
2025-02-16,德甲,1. FC Heidenheim 1846,1. FSV Mainz 05,0,2
2025-02-21,德甲,SC Freiburg,SV Werder Bremen,5,0
2025-02-22,德甲,Holstein Kiel,Bayer 04 Leverkusen,0,2
2025-02-22,德甲,Borussia Mönchengladbach,FC Augsburg,0,3
2025-02-22,德甲,VfL Wolfsburg,VfL Bochum 1848,1,1
2025-02-22,德甲,1. FSV Mainz 05,FC St. Pauli 1910,2,0
2025-02-22,德甲,Borussia Dortmund,1. FC Union Berlin,6,0
2025-02-23,德甲,RB Leipzig,1. FC Heidenheim 1846,2,2
2025-02-23,德甲,FC Bayern München,Eintracht Frankfurt,4,0
2025-02-23,德甲,TSG 1899 Hoffenheim,VfB Stuttgart,1,1
2025-02-28,德甲,VfB Stuttgart,FC Bayern München,1,3
2025-03-01,德甲,FC St. Pauli 1910,Borussia Dortmund,0,2
2025-03-01,德甲,VfL Bochum 1848,TSG 1899 Hoffenheim,0,1
2025-03-01,德甲,SV Werder Bremen,VfL Wolfsburg,1,2
2025-03-01,德甲,RB Leipzig,1. FSV Mainz 05,1,2
2025-03-01,德甲,1. FC Heidenheim 1846,Borussia Mönchengladbach,0,3
2025-03-01,德甲,Eintracht Frankfurt,Bayer 04 Leverkusen,1,4
2025-03-02,德甲,1. FC Union Berlin,Holstein Kiel,0,1
2025-03-02,德甲,FC Augsburg,SC Freiburg,0,0
2025-03-07,德甲,Borussia Mönchengladbach,1. FSV Mainz 05,1,3
2025-03-08,德甲,Holstein Kiel,VfB Stuttgart,2,2
2025-03-08,德甲,Bayer 04 Leverkusen,SV Werder Bremen,0,2
2025-03-08,德甲,Borussia Dortmund,FC Augsburg,0,1
2025-03-08,德甲,FC Bayern München,VfL Bochum 1848,2,3
2025-03-08,德甲,VfL Wolfsburg,FC St. Pauli 1910,1,1
2025-03-08,德甲,SC Freiburg,RB Leipzig,0,0
2025-03-09,德甲,Eintracht Frankfurt,1. FC Union Berlin,1,2
2025-03-09,德甲,TSG 1899 Hoffenheim,1. FC Heidenheim 1846,1,1
2025-03-14,德甲,FC St. Pauli 1910,TSG 1899 Hoffenheim,1,0
2025-03-15,德甲,1. FC Union Berlin,FC Bayern München,1,1
2025-03-15,德甲,1. FSV Mainz 05,SC Freiburg,2,2
2025-03-15,德甲,FC Augsburg,VfL Wolfsburg,1,0
2025-03-15,德甲,SV Werder Bremen,Borussia Mönchengladbach,2,4
2025-03-15,德甲,RB Leipzig,Borussia Dortmund,2,0
2025-03-16,德甲,VfL Bochum 1848,Eintracht Frankfurt,1,3
2025-03-16,德甲,1. FC Heidenheim 1846,Holstein Kiel,3,1
2025-03-16,德甲,VfB Stuttgart,Bayer 04 Leverkusen,3,4
2025-03-28,德甲,Bayer 04 Leverkusen,VfL Bochum 1848,3,1
2025-03-29,德甲,Borussia Mönchengladbach,RB Leipzig,1,0
2025-03-29,德甲,VfL Wolfsburg,1. FC Heidenheim 1846,0,1
2025-03-29,德甲,Holstein Kiel,SV Werder Bremen,0,3
2025-03-29,德甲,TSG 1899 Hoffenheim,FC Augsburg,1,1
2025-03-29,德甲,FC Bayern München,FC St. Pauli 1910,3,2
2025-03-29,德甲,Eintracht Frankfurt,VfB Stuttgart,1,0
2025-03-30,德甲,SC Freiburg,1. FC Union Berlin,1,2
2025-03-30,德甲,Borussia Dortmund,1. FSV Mainz 05,3,1
2025-04-04,德甲,FC Augsburg,FC Bayern München,1,3
2025-04-05,德甲,1. FC Heidenheim 1846,Bayer 04 Leverkusen,0,1
2025-04-05,德甲,VfL Bochum 1848,VfB Stuttgart,0,4
2025-04-05,德甲,SC Freiburg,Borussia Dortmund,1,4
2025-04-05,德甲,RB Leipzig,TSG 1899 Hoffenheim,3,1
2025-04-05,德甲,1. FSV Mainz 05,Holstein Kiel,1,1
2025-04-05,德甲,SV Werder Bremen,Eintracht Frankfurt,2,0
2025-04-06,德甲,FC St. Pauli 1910,Borussia Mönchengladbach,1,1
2025-04-06,德甲,1. FC Union Berlin,VfL Wolfsburg,1,0
2025-04-11,德甲,VfL Wolfsburg,RB Leipzig,2,3
2025-04-12,德甲,Borussia Mönchengladbach,SC Freiburg,1,2
2025-04-12,德甲,VfL Bochum 1848,FC Augsburg,1,2
2025-04-12,德甲,TSG 1899 Hoffenheim,1. FSV Mainz 05,2,0
2025-04-12,德甲,Bayer 04 Leverkusen,1. FC Union Berlin,0,0
2025-04-12,德甲,Holstein Kiel,FC St. Pauli 1910,1,2
2025-04-12,德甲,FC Bayern München,Borussia Dortmund,2,2
2025-04-13,德甲,VfB Stuttgart,SV Werder Bremen,1,2
2025-04-13,德甲,Eintracht Frankfurt,1. FC Heidenheim 1846,3,0
2025-04-19,德甲,1. FC Heidenheim 1846,FC Bayern München,0,4
2025-04-19,德甲,SC Freiburg,TSG 1899 Hoffenheim,3,2
2025-04-19,德甲,1. FSV Mainz 05,VfL Wolfsburg,2,2
2025-04-19,德甲,SV Werder Bremen,VfL Bochum 1848,1,0
2025-04-19,德甲,RB Leipzig,Holstein Kiel,1,1
2025-04-19,德甲,1. FC Union Berlin,VfB Stuttgart,4,4
2025-04-20,德甲,FC Augsburg,Eintracht Frankfurt,0,0
2025-04-20,德甲,Borussia Dortmund,Borussia Mönchengladbach,3,2
2025-04-20,德甲,FC St. Pauli 1910,Bayer 04 Leverkusen,1,1
2025-04-25,德甲,VfB Stuttgart,1. FC Heidenheim 1846,0,1
2025-04-26,德甲,TSG 1899 Hoffenheim,Borussia Dortmund,2,3
2025-04-26,德甲,VfL Wolfsburg,SC Freiburg,0,1
2025-04-26,德甲,FC Bayern München,1. FSV Mainz 05,3,0
2025-04-26,德甲,Holstein Kiel,Borussia Mönchengladbach,4,3
2025-04-26,德甲,Bayer 04 Leverkusen,FC Augsburg,2,0
2025-04-26,德甲,Eintracht Frankfurt,RB Leipzig,4,0
2025-04-27,德甲,VfL Bochum 1848,1. FC Union Berlin,1,1
2025-04-27,德甲,SV Werder Bremen,FC St. Pauli 1910,0,0
2025-05-02,德甲,1. FC Heidenheim 1846,VfL Bochum 1848,0,0
2025-05-03,德甲,FC St. Pauli 1910,VfB Stuttgart,0,1
2025-05-03,德甲,RB Leipzig,FC Bayern München,3,3
2025-05-03,德甲,Borussia Mönchengladbach,TSG 1899 Hoffenheim,4,4
2025-05-03,德甲,1. FC Union Berlin,SV Werder Bremen,2,2
2025-05-03,德甲,Borussia Dortmund,VfL Wolfsburg,4,0
2025-05-04,德甲,FC Augsburg,Holstein Kiel,1,3
2025-05-04,德甲,SC Freiburg,Bayer 04 Leverkusen,2,2
2025-05-04,德甲,1. FSV Mainz 05,Eintracht Frankfurt,1,1
2025-05-09,德甲,VfL Wolfsburg,TSG 1899 Hoffenheim,2,2
2025-05-10,德甲,SV Werder Bremen,RB Leipzig,0,0
2025-05-10,德甲,1. FC Union Berlin,1. FC Heidenheim 1846,0,3
2025-05-10,德甲,Holstein Kiel,SC Freiburg,1,2
2025-05-10,德甲,VfL Bochum 1848,1. FSV Mainz 05,1,4
2025-05-10,德甲,FC Bayern München,Borussia Mönchengladbach,2,0
2025-05-11,德甲,Bayer 04 Leverkusen,Borussia Dortmund,2,4
2025-05-11,德甲,Eintracht Frankfurt,FC St. Pauli 1910,2,2
2025-05-11,德甲,VfB Stuttgart,FC Augsburg,4,0
2025-05-17,德甲,1. FSV Mainz 05,Bayer 04 Leverkusen,2,2
2025-05-17,德甲,RB Leipzig,VfB Stuttgart,2,3
2025-05-17,德甲,TSG 1899 Hoffenheim,FC Bayern München,0,4
2025-05-17,德甲,SC Freiburg,Eintracht Frankfurt,1,3
2025-05-17,德甲,1. FC Heidenheim 1846,SV Werder Bremen,1,4
2025-05-17,德甲,Borussia Mönchengladbach,VfL Wolfsburg,0,1
2025-05-17,德甲,FC Augsburg,1. FC Union Berlin,1,2
2025-05-17,德甲,FC St. Pauli 1910,VfL Bochum 1848,0,2
2025-05-17,德甲,Borussia Dortmund,Holstein Kiel,3,0
2025-08-22,德甲,FC Bayern München,RB Leipzig,6,0
2025-08-23,德甲,Eintracht Frankfurt,SV Werder Bremen,4,1
2025-08-23,德甲,Bayer 04 Leverkusen,TSG 1899 Hoffenheim,1,2
2025-08-23,德甲,SC Freiburg,FC Augsburg,1,3
2025-08-23,德甲,1. FC Union Berlin,VfB Stuttgart,2,1
2025-08-23,德甲,1. FC Heidenheim 1846,VfL Wolfsburg,1,3
2025-08-23,德甲,FC St. Pauli 1910,Borussia Dortmund,3,3
2025-08-24,德甲,1. FSV Mainz 05,1. FC Köln,0,1
2025-08-24,德甲,Borussia Mönchengladbach,Hamburger SV,0,0
2025-08-29,德甲,Hamburger SV,FC St. Pauli 1910,0,2
2025-08-30,德甲,RB Leipzig,1. FC Heidenheim 1846,2,0
2025-08-30,德甲,SV Werder Bremen,Bayer 04 Leverkusen,3,3
2025-08-30,德甲,VfB Stuttgart,Borussia Mönchengladbach,1,0
2025-08-30,德甲,TSG 1899 Hoffenheim,Eintracht Frankfurt,1,3
2025-08-30,德甲,FC Augsburg,FC Bayern München,2,3
2025-08-31,德甲,VfL Wolfsburg,1. FSV Mainz 05,1,1
2025-08-31,德甲,Borussia Dortmund,1. FC Union Berlin,3,0
2025-08-31,德甲,1. FC Köln,SC Freiburg,4,1
2025-09-12,德甲,Bayer 04 Leverkusen,Eintracht Frankfurt,3,1
2025-09-13,德甲,SC Freiburg,VfB Stuttgart,3,1
2025-09-13,德甲,1. FSV Mainz 05,RB Leipzig,0,1
2025-09-13,德甲,VfL Wolfsburg,1. FC Köln,3,3
2025-09-13,德甲,1. FC Union Berlin,TSG 1899 Hoffenheim,2,4
2025-09-13,德甲,1. FC Heidenheim 1846,Borussia Dortmund,0,2
2025-09-13,德甲,FC Bayern München,Hamburger SV,5,0
2025-09-14,德甲,FC St. Pauli 1910,FC Augsburg,2,1
2025-09-14,德甲,Borussia Mönchengladbach,SV Werder Bremen,0,4
2025-09-19,德甲,VfB Stuttgart,FC St. Pauli 1910,2,0
2025-09-20,德甲,SV Werder Bremen,SC Freiburg,0,3
2025-09-20,德甲,FC Augsburg,1. FSV Mainz 05,1,4
2025-09-20,德甲,TSG 1899 Hoffenheim,FC Bayern München,1,4
2025-09-20,德甲,Hamburger SV,1. FC Heidenheim 1846,2,1
2025-09-20,德甲,RB Leipzig,1. FC Köln,3,1
2025-09-21,德甲,Eintracht Frankfurt,1. FC Union Berlin,3,4
2025-09-21,德甲,Bayer 04 Leverkusen,Borussia Mönchengladbach,1,1
2025-09-21,德甲,Borussia Dortmund,VfL Wolfsburg,1,0
2025-09-26,德甲,FC Bayern München,SV Werder Bremen,4,0
2025-09-27,德甲,1. FSV Mainz 05,Borussia Dortmund,0,2
2025-09-27,德甲,VfL Wolfsburg,RB Leipzig,0,1
2025-09-27,德甲,FC St. Pauli 1910,Bayer 04 Leverkusen,1,2
2025-09-27,德甲,1. FC Heidenheim 1846,FC Augsburg,2,1
2025-09-27,德甲,Borussia Mönchengladbach,Eintracht Frankfurt,4,6
2025-09-28,德甲,SC Freiburg,TSG 1899 Hoffenheim,1,1
2025-09-28,德甲,1. FC Köln,VfB Stuttgart,1,2
2025-09-28,德甲,1. FC Union Berlin,Hamburger SV,0,0
2025-10-03,德甲,TSG 1899 Hoffenheim,1. FC Köln,0,1
2025-10-04,德甲,Bayer 04 Leverkusen,1. FC Union Berlin,2,0
2025-10-04,德甲,Borussia Dortmund,RB Leipzig,1,1
2025-10-04,德甲,SV Werder Bremen,FC St. Pauli 1910,1,0
2025-10-04,德甲,FC Augsburg,VfL Wolfsburg,3,1
2025-10-04,德甲,Eintracht Frankfurt,FC Bayern München,0,3
2025-10-05,德甲,VfB Stuttgart,1. FC Heidenheim 1846,1,0
2025-10-05,德甲,Hamburger SV,1. FSV Mainz 05,4,0
2025-10-05,德甲,Borussia Mönchengladbach,SC Freiburg,0,0
2025-10-17,德甲,1. FC Union Berlin,Borussia Mönchengladbach,3,1
2025-10-18,德甲,1. FSV Mainz 05,Bayer 04 Leverkusen,3,4
2025-10-18,德甲,RB Leipzig,Hamburger SV,2,1
2025-10-18,德甲,VfL Wolfsburg,VfB Stuttgart,0,3
2025-10-18,德甲,1. FC Heidenheim 1846,SV Werder Bremen,2,2
2025-10-18,德甲,1. FC Köln,FC Augsburg,1,1
2025-10-18,德甲,FC Bayern München,Borussia Dortmund,2,1
2025-10-19,德甲,SC Freiburg,Eintracht Frankfurt,2,2
2025-10-19,德甲,FC St. Pauli 1910,TSG 1899 Hoffenheim,0,3
2025-10-24,德甲,SV Werder Bremen,1. FC Union Berlin,1,0
2025-10-25,德甲,Eintracht Frankfurt,FC St. Pauli 1910,2,0
2025-10-25,德甲,FC Augsburg,RB Leipzig,0,6
2025-10-25,德甲,TSG 1899 Hoffenheim,1. FC Heidenheim 1846,3,1
2025-10-25,德甲,Hamburger SV,VfL Wolfsburg,0,1
2025-10-25,德甲,Borussia Mönchengladbach,FC Bayern München,0,3
2025-10-25,德甲,Borussia Dortmund,1. FC Köln,1,0
2025-10-26,德甲,Bayer 04 Leverkusen,SC Freiburg,2,0
2025-10-26,德甲,VfB Stuttgart,1. FSV Mainz 05,2,1
2025-10-31,德甲,FC Augsburg,Borussia Dortmund,0,1
2025-11-01,德甲,1. FSV Mainz 05,SV Werder Bremen,1,1
2025-11-01,德甲,RB Leipzig,VfB Stuttgart,3,1
2025-11-01,德甲,1. FC Union Berlin,SC Freiburg,0,0
2025-11-01,德甲,FC St. Pauli 1910,Borussia Mönchengladbach,0,4
2025-11-01,德甲,1. FC Heidenheim 1846,Eintracht Frankfurt,1,1
2025-11-01,德甲,FC Bayern München,Bayer 04 Leverkusen,3,0
2025-11-02,德甲,1. FC Köln,Hamburger SV,4,1
2025-11-02,德甲,VfL Wolfsburg,TSG 1899 Hoffenheim,2,3
2025-11-07,德甲,SV Werder Bremen,VfL Wolfsburg,2,1
2025-11-08,德甲,Bayer 04 Leverkusen,1. FC Heidenheim 1846,6,0
2025-11-08,德甲,1. FC Union Berlin,FC Bayern München,2,2
2025-11-08,德甲,TSG 1899 Hoffenheim,RB Leipzig,3,1
2025-11-08,德甲,Hamburger SV,Borussia Dortmund,1,1
2025-11-08,德甲,Borussia Mönchengladbach,1. FC Köln,3,1
2025-11-09,德甲,SC Freiburg,FC St. Pauli 1910,2,1
2025-11-09,德甲,VfB Stuttgart,FC Augsburg,3,2
2025-11-09,德甲,Eintracht Frankfurt,1. FSV Mainz 05,1,0
2025-11-21,德甲,1. FSV Mainz 05,TSG 1899 Hoffenheim,1,1
2025-11-22,德甲,FC Bayern München,SC Freiburg,6,2
2025-11-22,德甲,Borussia Dortmund,VfB Stuttgart,3,3
2025-11-22,德甲,VfL Wolfsburg,Bayer 04 Leverkusen,1,3
2025-11-22,德甲,FC Augsburg,Hamburger SV,1,0
2025-11-22,德甲,1. FC Heidenheim 1846,Borussia Mönchengladbach,0,3
2025-11-22,德甲,1. FC Köln,Eintracht Frankfurt,3,4
2025-11-23,德甲,RB Leipzig,SV Werder Bremen,2,0
2025-11-23,德甲,FC St. Pauli 1910,1. FC Union Berlin,0,1
2025-11-28,德甲,Borussia Mönchengladbach,RB Leipzig,0,0
2025-11-29,德甲,FC Bayern München,FC St. Pauli 1910,3,1
2025-11-29,德甲,SV Werder Bremen,1. FC Köln,1,1
2025-11-29,德甲,1. FC Union Berlin,1. FC Heidenheim 1846,1,2
2025-11-29,德甲,TSG 1899 Hoffenheim,FC Augsburg,3,0
2025-11-29,德甲,Bayer 04 Leverkusen,Borussia Dortmund,1,2
2025-11-30,德甲,Hamburger SV,VfB Stuttgart,2,1
2025-11-30,德甲,Eintracht Frankfurt,VfL Wolfsburg,1,1
2025-11-30,德甲,SC Freiburg,1. FSV Mainz 05,4,0
2025-12-05,德甲,1. FSV Mainz 05,Borussia Mönchengladbach,0,1
2025-12-06,德甲,VfB Stuttgart,FC Bayern München,0,5
2025-12-06,德甲,VfL Wolfsburg,1. FC Union Berlin,3,1
2025-12-06,德甲,1. FC Heidenheim 1846,SC Freiburg,2,1
2025-12-06,德甲,1. FC Köln,FC St. Pauli 1910,1,1
2025-12-06,德甲,FC Augsburg,Bayer 04 Leverkusen,2,0
2025-12-06,德甲,RB Leipzig,Eintracht Frankfurt,6,0
2025-12-07,德甲,Hamburger SV,SV Werder Bremen,3,2
2025-12-07,德甲,Borussia Dortmund,TSG 1899 Hoffenheim,2,0
2025-12-12,德甲,1. FC Union Berlin,RB Leipzig,3,1
2025-12-13,德甲,Eintracht Frankfurt,FC Augsburg,1,0
2025-12-13,德甲,Borussia Mönchengladbach,VfL Wolfsburg,1,3
2025-12-13,德甲,FC St. Pauli 1910,1. FC Heidenheim 1846,2,1
2025-12-13,德甲,TSG 1899 Hoffenheim,Hamburger SV,4,1
2025-12-13,德甲,Bayer 04 Leverkusen,1. FC Köln,2,0
2025-12-14,德甲,SC Freiburg,Borussia Dortmund,1,1
2025-12-14,德甲,FC Bayern München,1. FSV Mainz 05,2,2
2025-12-14,德甲,SV Werder Bremen,VfB Stuttgart,0,4
2025-12-19,德甲,Borussia Dortmund,Borussia Mönchengladbach,2,0
2025-12-20,德甲,VfB Stuttgart,TSG 1899 Hoffenheim,0,0
2025-12-20,德甲,VfL Wolfsburg,SC Freiburg,3,4
2025-12-20,德甲,FC Augsburg,SV Werder Bremen,0,0
2025-12-20,德甲,1. FC Köln,1. FC Union Berlin,0,1
2025-12-20,德甲,Hamburger SV,Eintracht Frankfurt,1,1
2025-12-20,德甲,RB Leipzig,Bayer 04 Leverkusen,1,3
2025-12-21,德甲,1. FSV Mainz 05,FC St. Pauli 1910,0,0
2025-12-21,德甲,1. FC Heidenheim 1846,FC Bayern München,0,4
2026-01-09,德甲,Eintracht Frankfurt,Borussia Dortmund,3,3
2026-01-10,德甲,SC Freiburg,Hamburger SV,2,1
2026-01-10,德甲,1. FC Union Berlin,1. FSV Mainz 05,2,2
2026-01-10,德甲,1. FC Heidenheim 1846,1. FC Köln,2,2
2026-01-10,德甲,Bayer 04 Leverkusen,VfB Stuttgart,1,4
2026-01-11,德甲,Borussia Mönchengladbach,FC Augsburg,4,0
2026-01-11,德甲,FC Bayern München,VfL Wolfsburg,8,1
2026-01-13,德甲,VfB Stuttgart,Eintracht Frankfurt,3,2
2026-01-13,德甲,Borussia Dortmund,SV Werder Bremen,3,0
2026-01-13,德甲,1. FSV Mainz 05,1. FC Heidenheim 1846,2,1
2026-01-14,德甲,VfL Wolfsburg,FC St. Pauli 1910,2,1
2026-01-14,德甲,RB Leipzig,SC Freiburg,2,0
2026-01-14,德甲,TSG 1899 Hoffenheim,Borussia Mönchengladbach,5,1
2026-01-14,德甲,1. FC Köln,FC Bayern München,1,3
2026-01-15,德甲,FC Augsburg,1. FC Union Berlin,1,1
2026-01-16,德甲,SV Werder Bremen,Eintracht Frankfurt,3,3
2026-01-17,德甲,TSG 1899 Hoffenheim,Bayer 04 Leverkusen,1,0
2026-01-17,德甲,1. FC Köln,1. FSV Mainz 05,2,1
2026-01-17,德甲,Hamburger SV,Borussia Mönchengladbach,0,0
2026-01-17,德甲,Borussia Dortmund,FC St. Pauli 1910,3,2
2026-01-17,德甲,VfL Wolfsburg,1. FC Heidenheim 1846,1,1
2026-01-17,德甲,RB Leipzig,FC Bayern München,1,5
2026-01-18,德甲,VfB Stuttgart,1. FC Union Berlin,1,1
2026-01-18,德甲,FC Augsburg,SC Freiburg,2,2
2026-01-23,德甲,FC St. Pauli 1910,Hamburger SV,0,0
2026-01-24,德甲,1. FC Heidenheim 1846,RB Leipzig,0,3
2026-01-24,德甲,Bayer 04 Leverkusen,SV Werder Bremen,1,0
2026-01-24,德甲,1. FSV Mainz 05,VfL Wolfsburg,3,1
2026-01-24,德甲,FC Bayern München,FC Augsburg,1,2
2026-01-24,德甲,Eintracht Frankfurt,TSG 1899 Hoffenheim,1,3
2026-01-24,德甲,1. FC Union Berlin,Borussia Dortmund,0,3
2026-01-25,德甲,Borussia Mönchengladbach,VfB Stuttgart,0,3
2026-01-25,德甲,SC Freiburg,1. FC Köln,2,1
2026-01-27,德甲,SV Werder Bremen,TSG 1899 Hoffenheim,0,2
2026-01-27,德甲,FC St. Pauli 1910,RB Leipzig,1,1
2026-01-30,德甲,1. FC Köln,VfL Wolfsburg,1,0
2026-01-31,德甲,Eintracht Frankfurt,Bayer 04 Leverkusen,1,3
2026-01-31,德甲,RB Leipzig,1. FSV Mainz 05,1,2
2026-01-31,德甲,SV Werder Bremen,Borussia Mönchengladbach,1,1
2026-01-31,德甲,TSG 1899 Hoffenheim,1. FC Union Berlin,3,1
2026-01-31,德甲,FC Augsburg,FC St. Pauli 1910,2,1
2026-01-31,德甲,Hamburger SV,FC Bayern München,2,2
2026-02-01,德甲,VfB Stuttgart,SC Freiburg,1,0
2026-02-01,德甲,Borussia Dortmund,1. FC Heidenheim 1846,3,2
2026-02-06,德甲,1. FC Union Berlin,Eintracht Frankfurt,1,1
2026-02-07,德甲,VfL Wolfsburg,Borussia Dortmund,1,2
2026-02-07,德甲,SC Freiburg,SV Werder Bremen,1,0
2026-02-07,德甲,FC St. Pauli 1910,VfB Stuttgart,2,1
2026-02-07,德甲,1. FSV Mainz 05,FC Augsburg,2,0
2026-02-07,德甲,1. FC Heidenheim 1846,Hamburger SV,0,2
2026-02-07,德甲,Borussia Mönchengladbach,Bayer 04 Leverkusen,1,1
2026-02-08,德甲,1. FC Köln,RB Leipzig,1,2
2026-02-08,德甲,FC Bayern München,TSG 1899 Hoffenheim,5,1
2026-02-13,德甲,Borussia Dortmund,1. FSV Mainz 05,4,0
2026-02-14,德甲,SV Werder Bremen,FC Bayern München,0,3
2026-02-14,德甲,TSG 1899 Hoffenheim,SC Freiburg,3,0
2026-02-14,德甲,Eintracht Frankfurt,Borussia Mönchengladbach,3,0
2026-02-14,德甲,Hamburger SV,1. FC Union Berlin,3,2
2026-02-14,德甲,Bayer 04 Leverkusen,FC St. Pauli 1910,4,0
2026-02-14,德甲,VfB Stuttgart,1. FC Köln,3,1
2026-02-15,德甲,FC Augsburg,1. FC Heidenheim 1846,1,0
2026-02-15,德甲,RB Leipzig,VfL Wolfsburg,2,2
2026-02-20,德甲,1. FSV Mainz 05,Hamburger SV,1,1
2026-02-21,德甲,1. FC Union Berlin,Bayer 04 Leverkusen,1,0
2026-02-21,德甲,FC Bayern München,Eintracht Frankfurt,3,2
2026-02-21,德甲,VfL Wolfsburg,FC Augsburg,2,3
2026-02-21,德甲,1. FC Köln,TSG 1899 Hoffenheim,2,2
2026-02-21,德甲,RB Leipzig,Borussia Dortmund,2,2
2026-02-22,德甲,SC Freiburg,Borussia Mönchengladbach,2,1
2026-02-22,德甲,FC St. Pauli 1910,SV Werder Bremen,2,1
2026-02-22,德甲,1. FC Heidenheim 1846,VfB Stuttgart,3,3
2026-02-27,德甲,FC Augsburg,1. FC Köln,2,0
2026-02-28,德甲,Bayer 04 Leverkusen,1. FSV Mainz 05,1,1
2026-02-28,德甲,Borussia Mönchengladbach,1. FC Union Berlin,1,0
2026-02-28,德甲,TSG 1899 Hoffenheim,FC St. Pauli 1910,0,1
2026-02-28,德甲,SV Werder Bremen,1. FC Heidenheim 1846,2,0
2026-02-28,德甲,Borussia Dortmund,FC Bayern München,2,3
2026-03-01,德甲,VfB Stuttgart,VfL Wolfsburg,4,0
2026-03-01,德甲,Eintracht Frankfurt,SC Freiburg,2,0
2026-03-01,德甲,Hamburger SV,RB Leipzig,1,2
2026-03-04,德甲,Hamburger SV,Bayer 04 Leverkusen,0,1
2026-03-06,德甲,FC Bayern München,Borussia Mönchengladbach,4,1
2026-03-07,德甲,SC Freiburg,Bayer 04 Leverkusen,3,3
2026-03-07,德甲,1. FSV Mainz 05,VfB Stuttgart,2,2
2026-03-07,德甲,RB Leipzig,FC Augsburg,2,1
2026-03-07,德甲,1. FC Heidenheim 1846,TSG 1899 Hoffenheim,2,4
2026-03-07,德甲,VfL Wolfsburg,Hamburger SV,1,2
2026-03-07,德甲,1. FC Köln,Borussia Dortmund,1,2
2026-03-08,德甲,FC St. Pauli 1910,Eintracht Frankfurt,0,0
2026-03-08,德甲,1. FC Union Berlin,SV Werder Bremen,1,4
2026-03-13,德甲,Borussia Mönchengladbach,FC St. Pauli 1910,2,0
2026-03-14,德甲,Bayer 04 Leverkusen,FC Bayern München,1,1
2026-03-14,德甲,TSG 1899 Hoffenheim,VfL Wolfsburg,1,1
2026-03-14,德甲,Borussia Dortmund,FC Augsburg,2,0
2026-03-14,德甲,Eintracht Frankfurt,1. FC Heidenheim 1846,1,0
2026-03-14,德甲,Hamburger SV,1. FC Köln,1,1
2026-03-15,德甲,SV Werder Bremen,1. FSV Mainz 05,0,2
2026-03-15,德甲,SC Freiburg,1. FC Union Berlin,0,1
2026-03-15,德甲,VfB Stuttgart,RB Leipzig,1,0
2026-03-20,德甲,RB Leipzig,TSG 1899 Hoffenheim,5,0
2026-03-21,德甲,1. FC Heidenheim 1846,Bayer 04 Leverkusen,3,3
2026-03-21,德甲,VfL Wolfsburg,SV Werder Bremen,0,1
2026-03-21,德甲,1. FC Köln,Borussia Mönchengladbach,3,3
2026-03-21,德甲,FC Bayern München,1. FC Union Berlin,4,0
2026-03-21,德甲,Borussia Dortmund,Hamburger SV,3,2
2026-03-22,德甲,1. FSV Mainz 05,Eintracht Frankfurt,2,1
2026-03-22,德甲,FC St. Pauli 1910,SC Freiburg,1,2
2026-03-22,德甲,FC Augsburg,VfB Stuttgart,2,5
2026-04-04,德甲,SC Freiburg,FC Bayern München,2,3
2026-04-04,德甲,TSG 1899 Hoffenheim,1. FSV Mainz 05,1,2
2026-04-04,德甲,SV Werder Bremen,RB Leipzig,1,2
2026-04-04,德甲,Bayer 04 Leverkusen,VfL Wolfsburg,6,3
2026-04-04,德甲,Hamburger SV,FC Augsburg,1,1
2026-04-04,德甲,Borussia Mönchengladbach,1. FC Heidenheim 1846,2,2
2026-04-04,德甲,VfB Stuttgart,Borussia Dortmund,0,2
2026-04-05,德甲,1. FC Union Berlin,FC St. Pauli 1910,1,1
2026-04-05,德甲,Eintracht Frankfurt,1. FC Köln,2,2
2026-04-10,德甲,FC Augsburg,TSG 1899 Hoffenheim,2,2
2026-04-11,德甲,Borussia Dortmund,Bayer 04 Leverkusen,0,1
2026-04-11,德甲,VfL Wolfsburg,Eintracht Frankfurt,1,2
2026-04-11,德甲,RB Leipzig,Borussia Mönchengladbach,1,0
2026-04-11,德甲,1. FC Heidenheim 1846,1. FC Union Berlin,3,1
2026-04-11,德甲,FC St. Pauli 1910,FC Bayern München,0,5
2026-04-12,德甲,1. FC Köln,SV Werder Bremen,3,1
2026-04-12,德甲,VfB Stuttgart,Hamburger SV,4,0
2026-04-12,德甲,1. FSV Mainz 05,SC Freiburg,0,1
2026-04-17,德甲,FC St. Pauli 1910,1. FC Köln,1,1
2026-04-18,德甲,SV Werder Bremen,Hamburger SV,3,1
2026-04-18,德甲,Bayer 04 Leverkusen,FC Augsburg,1,2
2026-04-18,德甲,TSG 1899 Hoffenheim,Borussia Dortmund,2,1
2026-04-18,德甲,1. FC Union Berlin,VfL Wolfsburg,1,2
2026-04-18,德甲,Eintracht Frankfurt,RB Leipzig,1,3
2026-04-19,德甲,SC Freiburg,1. FC Heidenheim 1846,2,1
2026-04-19,德甲,FC Bayern München,VfB Stuttgart,4,2
2026-04-19,德甲,Borussia Mönchengladbach,1. FSV Mainz 05,1,1
2026-04-24,德甲,RB Leipzig,1. FC Union Berlin,3,1
2026-04-25,德甲,1. FSV Mainz 05,FC Bayern München,3,4
2026-04-25,德甲,1. FC Köln,Bayer 04 Leverkusen,1,2
2026-04-25,德甲,FC Augsburg,Eintracht Frankfurt,1,1
2026-04-25,德甲,VfL Wolfsburg,Borussia Mönchengladbach,0,0
2026-04-25,德甲,1. FC Heidenheim 1846,FC St. Pauli 1910,2,0
2026-04-25,德甲,Hamburger SV,TSG 1899 Hoffenheim,1,2
2026-04-26,德甲,VfB Stuttgart,SV Werder Bremen,1,1
2026-04-26,德甲,Borussia Dortmund,SC Freiburg,4,0
2026-05-02,德甲,TSG 1899 Hoffenheim,VfB Stuttgart,3,3
2026-05-02,德甲,SV Werder Bremen,FC Augsburg,1,3
2026-05-02,德甲,FC Bayern München,1. FC Heidenheim 1846,3,3
2026-05-02,德甲,1. FC Union Berlin,1. FC Köln,2,2
2026-05-02,德甲,Eintracht Frankfurt,Hamburger SV,1,2
2026-05-02,德甲,Bayer 04 Leverkusen,RB Leipzig,4,1
2026-05-03,德甲,FC St. Pauli 1910,1. FSV Mainz 05,1,2
2026-05-03,德甲,Borussia Mönchengladbach,Borussia Dortmund,1,0
2026-05-03,德甲,SC Freiburg,VfL Wolfsburg,1,1
2026-05-08,德甲,Borussia Dortmund,Eintracht Frankfurt,3,2
2026-05-09,德甲,VfB Stuttgart,Bayer 04 Leverkusen,3,1
2026-05-09,德甲,TSG 1899 Hoffenheim,SV Werder Bremen,1,0
2026-05-09,德甲,FC Augsburg,Borussia Mönchengladbach,3,1
2026-05-09,德甲,RB Leipzig,FC St. Pauli 1910,2,1
2026-05-09,德甲,VfL Wolfsburg,FC Bayern München,0,1
2026-05-10,德甲,Hamburger SV,SC Freiburg,3,2
2026-05-10,德甲,1. FC Köln,1. FC Heidenheim 1846,1,3
2026-05-10,德甲,1. FSV Mainz 05,1. FC Union Berlin,1,3
2026-05-16,德甲,SV Werder Bremen,Borussia Dortmund,0,2
2026-05-16,德甲,1. FC Heidenheim 1846,1. FSV Mainz 05,0,2
2026-05-16,德甲,SC Freiburg,RB Leipzig,4,1
2026-05-16,德甲,Eintracht Frankfurt,VfB Stuttgart,2,2
2026-05-16,德甲,FC St. Pauli 1910,VfL Wolfsburg,1,3
2026-05-16,德甲,1. FC Union Berlin,FC Augsburg,4,0
2026-05-16,德甲,Borussia Mönchengladbach,TSG 1899 Hoffenheim,4,0
2026-05-16,德甲,FC Bayern München,1. FC Köln,5,1
2026-05-16,德甲,Bayer 04 Leverkusen,Hamburger SV,1,1
2023-08-19,意甲,Empoli FC,Hellas Verona FC,0,1
2023-08-19,意甲,Frosinone Calcio,SSC Napoli,1,3
2023-08-19,意甲,Genoa CFC,ACF Fiorentina,1,4
2023-08-19,意甲,FC Internazionale Milano,AC Monza,2,0
2023-08-20,意甲,AS Roma,US Salernitana 1919,2,2
2023-08-20,意甲,US Sassuolo Calcio,Atalanta BC,0,2
2023-08-20,意甲,US Lecce,SS Lazio,2,1
2023-08-20,意甲,Udinese Calcio,Juventus FC,0,3
2023-08-21,意甲,Torino FC,Cagliari Calcio,0,0
2023-08-21,意甲,Bologna FC 1909,AC Milan,0,2
2023-08-26,意甲,Frosinone Calcio,Atalanta BC,2,1
2023-08-26,意甲,AC Monza,Empoli FC,2,0
2023-08-26,意甲,Hellas Verona FC,AS Roma,2,1
2023-08-26,意甲,AC Milan,Torino FC,4,1
2023-08-27,意甲,ACF Fiorentina,US Lecce,2,2
2023-08-27,意甲,Juventus FC,Bologna FC 1909,1,1
2023-08-27,意甲,SS Lazio,Genoa CFC,0,1
2023-08-27,意甲,SSC Napoli,US Sassuolo Calcio,2,0
2023-08-28,意甲,US Salernitana 1919,Udinese Calcio,1,1
2023-08-28,意甲,Cagliari Calcio,FC Internazionale Milano,0,2
2023-09-01,意甲,US Sassuolo Calcio,Hellas Verona FC,3,1
2023-09-01,意甲,AS Roma,AC Milan,1,2
2023-09-02,意甲,Bologna FC 1909,Cagliari Calcio,2,1
2023-09-02,意甲,Udinese Calcio,Frosinone Calcio,0,0
2023-09-02,意甲,Atalanta BC,AC Monza,3,0
2023-09-02,意甲,SSC Napoli,SS Lazio,1,2
2023-09-03,意甲,FC Internazionale Milano,ACF Fiorentina,4,0
2023-09-03,意甲,Torino FC,Genoa CFC,1,0
2023-09-03,意甲,Empoli FC,Juventus FC,0,2
2023-09-03,意甲,US Lecce,US Salernitana 1919,2,0
2023-09-16,意甲,Juventus FC,SS Lazio,3,1
2023-09-16,意甲,FC Internazionale Milano,AC Milan,5,1
2023-09-16,意甲,Genoa CFC,SSC Napoli,2,2
2023-09-17,意甲,Cagliari Calcio,Udinese Calcio,0,0
2023-09-17,意甲,Frosinone Calcio,US Sassuolo Calcio,4,2
2023-09-17,意甲,AC Monza,US Lecce,1,1
2023-09-17,意甲,ACF Fiorentina,Atalanta BC,3,2
2023-09-17,意甲,AS Roma,Empoli FC,7,0
2023-09-18,意甲,US Salernitana 1919,Torino FC,0,3
2023-09-18,意甲,Hellas Verona FC,Bologna FC 1909,0,0
2023-09-22,意甲,US Salernitana 1919,Frosinone Calcio,1,1
2023-09-22,意甲,US Lecce,Genoa CFC,1,0
2023-09-23,意甲,AC Milan,Hellas Verona FC,1,0
2023-09-23,意甲,US Sassuolo Calcio,Juventus FC,4,2
2023-09-23,意甲,SS Lazio,AC Monza,1,1
2023-09-24,意甲,Empoli FC,FC Internazionale Milano,0,1
2023-09-24,意甲,Atalanta BC,Cagliari Calcio,2,0
2023-09-24,意甲,Udinese Calcio,ACF Fiorentina,0,2
2023-09-24,意甲,Bologna FC 1909,SSC Napoli,0,0
2023-09-24,意甲,Torino FC,AS Roma,1,1
2023-09-26,意甲,Juventus FC,US Lecce,1,0
2023-09-27,意甲,Cagliari Calcio,AC Milan,1,3
2023-09-27,意甲,Empoli FC,US Salernitana 1919,1,0
2023-09-27,意甲,Hellas Verona FC,Atalanta BC,0,1
2023-09-27,意甲,FC Internazionale Milano,US Sassuolo Calcio,1,2
2023-09-27,意甲,SS Lazio,Torino FC,2,0
2023-09-27,意甲,SSC Napoli,Udinese Calcio,4,1
2023-09-28,意甲,Frosinone Calcio,ACF Fiorentina,1,1
2023-09-28,意甲,AC Monza,Bologna FC 1909,0,0
2023-09-28,意甲,Genoa CFC,AS Roma,4,1
2023-09-30,意甲,US Lecce,SSC Napoli,0,4
2023-09-30,意甲,AC Milan,SS Lazio,2,0
2023-09-30,意甲,US Salernitana 1919,FC Internazionale Milano,0,4
2023-10-01,意甲,Bologna FC 1909,Empoli FC,3,0
2023-10-01,意甲,Udinese Calcio,Genoa CFC,2,2
2023-10-01,意甲,Atalanta BC,Juventus FC,0,0
2023-10-01,意甲,AS Roma,Frosinone Calcio,2,0
2023-10-02,意甲,US Sassuolo Calcio,AC Monza,0,1
2023-10-02,意甲,Torino FC,Hellas Verona FC,0,0
2023-10-02,意甲,ACF Fiorentina,Cagliari Calcio,3,0
2023-10-06,意甲,Empoli FC,Udinese Calcio,0,0
2023-10-06,意甲,US Lecce,US Sassuolo Calcio,1,1
2023-10-07,意甲,FC Internazionale Milano,Bologna FC 1909,2,2
2023-10-07,意甲,Juventus FC,Torino FC,2,0
2023-10-07,意甲,Genoa CFC,AC Milan,0,1
2023-10-08,意甲,AC Monza,US Salernitana 1919,3,0
2023-10-08,意甲,Frosinone Calcio,Hellas Verona FC,2,1
2023-10-08,意甲,SS Lazio,Atalanta BC,3,2
2023-10-08,意甲,Cagliari Calcio,AS Roma,1,4
2023-10-08,意甲,SSC Napoli,ACF Fiorentina,1,3
2023-10-21,意甲,Hellas Verona FC,SSC Napoli,1,3
2023-10-21,意甲,Torino FC,FC Internazionale Milano,0,3
2023-10-21,意甲,US Sassuolo Calcio,SS Lazio,0,2
2023-10-22,意甲,AS Roma,AC Monza,1,0
2023-10-22,意甲,Bologna FC 1909,Frosinone Calcio,2,1
2023-10-22,意甲,US Salernitana 1919,Cagliari Calcio,2,2
2023-10-22,意甲,Atalanta BC,Genoa CFC,2,0
2023-10-22,意甲,AC Milan,Juventus FC,0,1
2023-10-23,意甲,Udinese Calcio,US Lecce,1,1
2023-10-23,意甲,ACF Fiorentina,Empoli FC,0,2
2023-10-27,意甲,Genoa CFC,US Salernitana 1919,1,0
2023-10-28,意甲,US Sassuolo Calcio,Bologna FC 1909,1,1
2023-10-28,意甲,US Lecce,Torino FC,0,1
2023-10-28,意甲,Juventus FC,Hellas Verona FC,1,0
2023-10-29,意甲,Cagliari Calcio,Frosinone Calcio,4,3
2023-10-29,意甲,AC Monza,Udinese Calcio,1,1
2023-10-29,意甲,FC Internazionale Milano,AS Roma,1,0
2023-10-29,意甲,SSC Napoli,AC Milan,2,2
2023-10-30,意甲,Empoli FC,Atalanta BC,0,3
2023-10-30,意甲,SS Lazio,ACF Fiorentina,1,0
2023-11-03,意甲,Bologna FC 1909,SS Lazio,1,0
2023-11-04,意甲,US Salernitana 1919,SSC Napoli,0,2
2023-11-04,意甲,Atalanta BC,FC Internazionale Milano,1,2
2023-11-04,意甲,AC Milan,Udinese Calcio,0,1
2023-11-05,意甲,Hellas Verona FC,AC Monza,1,3
2023-11-05,意甲,Cagliari Calcio,Genoa CFC,2,1
2023-11-05,意甲,AS Roma,US Lecce,2,1
2023-11-05,意甲,ACF Fiorentina,Juventus FC,0,1
2023-11-06,意甲,Frosinone Calcio,Empoli FC,2,1
2023-11-06,意甲,Torino FC,US Sassuolo Calcio,2,1
2023-11-10,意甲,US Sassuolo Calcio,US Salernitana 1919,2,2
2023-11-10,意甲,Genoa CFC,Hellas Verona FC,1,0
2023-11-11,意甲,US Lecce,AC Milan,2,2
2023-11-11,意甲,Juventus FC,Cagliari Calcio,2,1
2023-11-11,意甲,AC Monza,Torino FC,1,1
2023-11-12,意甲,SSC Napoli,Empoli FC,0,1
2023-11-12,意甲,ACF Fiorentina,Bologna FC 1909,2,1
2023-11-12,意甲,Udinese Calcio,Atalanta BC,1,1
2023-11-12,意甲,SS Lazio,AS Roma,0,0
2023-11-12,意甲,FC Internazionale Milano,Frosinone Calcio,2,0
2023-11-25,意甲,US Salernitana 1919,SS Lazio,2,1
2023-11-25,意甲,Atalanta BC,SSC Napoli,1,2
2023-11-25,意甲,AC Milan,ACF Fiorentina,1,0
2023-11-26,意甲,Cagliari Calcio,AC Monza,1,1
2023-11-26,意甲,Empoli FC,US Sassuolo Calcio,3,4
2023-11-26,意甲,Frosinone Calcio,Genoa CFC,2,1
2023-11-26,意甲,AS Roma,Udinese Calcio,3,1
2023-11-26,意甲,Juventus FC,FC Internazionale Milano,1,1
2023-11-27,意甲,Hellas Verona FC,US Lecce,2,2
2023-11-27,意甲,Bologna FC 1909,Torino FC,2,0
2023-12-01,意甲,AC Monza,Juventus FC,1,2
2023-12-02,意甲,Genoa CFC,Empoli FC,1,1
2023-12-02,意甲,SS Lazio,Cagliari Calcio,1,0
2023-12-02,意甲,AC Milan,Frosinone Calcio,3,1
2023-12-03,意甲,US Lecce,Bologna FC 1909,1,1
2023-12-03,意甲,ACF Fiorentina,US Salernitana 1919,3,0
2023-12-03,意甲,Udinese Calcio,Hellas Verona FC,3,3
2023-12-03,意甲,US Sassuolo Calcio,AS Roma,1,2
2023-12-03,意甲,SSC Napoli,FC Internazionale Milano,0,3
2023-12-04,意甲,Torino FC,Atalanta BC,3,0
2023-12-08,意甲,Juventus FC,SSC Napoli,1,0
2023-12-09,意甲,Hellas Verona FC,SS Lazio,1,1
2023-12-09,意甲,Atalanta BC,AC Milan,3,2
2023-12-09,意甲,FC Internazionale Milano,Udinese Calcio,4,0
2023-12-10,意甲,Frosinone Calcio,Torino FC,0,0
2023-12-10,意甲,AC Monza,Genoa CFC,1,0
2023-12-10,意甲,US Salernitana 1919,Bologna FC 1909,1,2
2023-12-10,意甲,AS Roma,ACF Fiorentina,1,1
2023-12-11,意甲,Empoli FC,US Lecce,1,1
2023-12-11,意甲,Cagliari Calcio,US Sassuolo Calcio,2,1
2023-12-15,意甲,Genoa CFC,Juventus FC,1,1
2023-12-16,意甲,US Lecce,Frosinone Calcio,2,1
2023-12-16,意甲,SSC Napoli,Cagliari Calcio,2,1
2023-12-16,意甲,Torino FC,Empoli FC,1,0
2023-12-17,意甲,AC Milan,AC Monza,3,0
2023-12-17,意甲,ACF Fiorentina,Hellas Verona FC,1,0
2023-12-17,意甲,Udinese Calcio,US Sassuolo Calcio,2,2
2023-12-17,意甲,Bologna FC 1909,AS Roma,2,0
2023-12-17,意甲,SS Lazio,FC Internazionale Milano,0,2
2023-12-18,意甲,Atalanta BC,US Salernitana 1919,4,1
2023-12-22,意甲,US Sassuolo Calcio,Genoa CFC,1,2
2023-12-22,意甲,Empoli FC,SS Lazio,0,2
2023-12-22,意甲,AC Monza,ACF Fiorentina,0,1
2023-12-22,意甲,US Salernitana 1919,AC Milan,2,2
2023-12-23,意甲,Frosinone Calcio,Juventus FC,1,2
2023-12-23,意甲,Torino FC,Udinese Calcio,1,1
2023-12-23,意甲,Bologna FC 1909,Atalanta BC,1,0
2023-12-23,意甲,Hellas Verona FC,Cagliari Calcio,2,0
2023-12-23,意甲,FC Internazionale Milano,US Lecce,2,0
2023-12-23,意甲,AS Roma,SSC Napoli,2,0
2023-12-29,意甲,ACF Fiorentina,Torino FC,1,0
2023-12-29,意甲,SSC Napoli,AC Monza,0,0
2023-12-29,意甲,Genoa CFC,FC Internazionale Milano,1,1
2023-12-29,意甲,SS Lazio,Frosinone Calcio,3,1
2023-12-30,意甲,Atalanta BC,US Lecce,1,0
2023-12-30,意甲,Cagliari Calcio,Empoli FC,0,0
2023-12-30,意甲,Udinese Calcio,Bologna FC 1909,3,0
2023-12-30,意甲,Hellas Verona FC,US Salernitana 1919,0,1
2023-12-30,意甲,AC Milan,US Sassuolo Calcio,1,0
2023-12-30,意甲,Juventus FC,AS Roma,1,0
2024-01-05,意甲,Bologna FC 1909,Genoa CFC,1,1
2024-01-06,意甲,FC Internazionale Milano,Hellas Verona FC,2,1
2024-01-06,意甲,Frosinone Calcio,AC Monza,2,3
2024-01-06,意甲,US Lecce,Cagliari Calcio,1,1
2024-01-06,意甲,US Sassuolo Calcio,ACF Fiorentina,1,0
2024-01-07,意甲,Empoli FC,AC Milan,0,3
2024-01-07,意甲,Torino FC,SSC Napoli,3,0
2024-01-07,意甲,Udinese Calcio,SS Lazio,1,2
2024-01-07,意甲,US Salernitana 1919,Juventus FC,1,2
2024-01-07,意甲,AS Roma,Atalanta BC,1,1
2024-01-13,意甲,Genoa CFC,Torino FC,0,0
2024-01-13,意甲,SSC Napoli,US Salernitana 1919,2,1
2024-01-13,意甲,Hellas Verona FC,Empoli FC,2,1
2024-01-13,意甲,AC Monza,FC Internazionale Milano,1,5
2024-01-14,意甲,SS Lazio,US Lecce,1,0
2024-01-14,意甲,Cagliari Calcio,Bologna FC 1909,2,1
2024-01-14,意甲,ACF Fiorentina,Udinese Calcio,2,2
2024-01-14,意甲,AC Milan,AS Roma,3,1
2024-01-15,意甲,Atalanta BC,Frosinone Calcio,5,0
2024-01-16,意甲,Juventus FC,US Sassuolo Calcio,3,0
2024-01-20,意甲,AS Roma,Hellas Verona FC,2,1
2024-01-20,意甲,Udinese Calcio,AC Milan,2,3
2024-01-21,意甲,Frosinone Calcio,Cagliari Calcio,3,1
2024-01-21,意甲,Empoli FC,AC Monza,3,0
2024-01-21,意甲,US Salernitana 1919,Genoa CFC,1,2
2024-01-21,意甲,US Lecce,Juventus FC,0,3
2024-01-26,意甲,Cagliari Calcio,Torino FC,1,2
2024-01-27,意甲,Atalanta BC,Udinese Calcio,2,0
2024-01-27,意甲,Juventus FC,Empoli FC,1,1
2024-01-27,意甲,AC Milan,Bologna FC 1909,2,2
2024-01-28,意甲,Genoa CFC,US Lecce,2,1
2024-01-28,意甲,Hellas Verona FC,Frosinone Calcio,1,1
2024-01-28,意甲,AC Monza,US Sassuolo Calcio,1,0
2024-01-28,意甲,SS Lazio,SSC Napoli,0,0
2024-01-28,意甲,ACF Fiorentina,FC Internazionale Milano,0,1
2024-01-29,意甲,US Salernitana 1919,AS Roma,1,2
2024-02-02,意甲,US Lecce,ACF Fiorentina,3,2
2024-02-03,意甲,Empoli FC,Genoa CFC,0,0
2024-02-03,意甲,Udinese Calcio,AC Monza,0,0
2024-02-03,意甲,Frosinone Calcio,AC Milan,2,3
2024-02-03,意甲,Bologna FC 1909,US Sassuolo Calcio,4,2
2024-02-04,意甲,Torino FC,US Salernitana 1919,0,0
2024-02-04,意甲,SSC Napoli,Hellas Verona FC,2,1
2024-02-04,意甲,Atalanta BC,SS Lazio,3,1
2024-02-04,意甲,FC Internazionale Milano,Juventus FC,1,0
2024-02-05,意甲,AS Roma,Cagliari Calcio,4,0
2024-02-09,意甲,US Salernitana 1919,Empoli FC,1,3
2024-02-10,意甲,Cagliari Calcio,SS Lazio,1,3
2024-02-10,意甲,AS Roma,FC Internazionale Milano,2,4
2024-02-10,意甲,US Sassuolo Calcio,Torino FC,1,1
2024-02-11,意甲,ACF Fiorentina,Frosinone Calcio,5,1
2024-02-11,意甲,Bologna FC 1909,US Lecce,4,0
2024-02-11,意甲,AC Monza,Hellas Verona FC,0,0
2024-02-11,意甲,Genoa CFC,Atalanta BC,1,4
2024-02-11,意甲,AC Milan,SSC Napoli,1,0
2024-02-12,意甲,Juventus FC,Udinese Calcio,0,1
2024-02-14,意甲,Bologna FC 1909,ACF Fiorentina,2,0
2024-02-16,意甲,Torino FC,US Lecce,2,0
2024-02-16,意甲,FC Internazionale Milano,US Salernitana 1919,4,0
2024-02-17,意甲,SSC Napoli,Genoa CFC,1,1
2024-02-17,意甲,Hellas Verona FC,Juventus FC,2,2
2024-02-17,意甲,Atalanta BC,US Sassuolo Calcio,3,0
2024-02-18,意甲,SS Lazio,Bologna FC 1909,1,2
2024-02-18,意甲,Empoli FC,ACF Fiorentina,1,1
2024-02-18,意甲,Udinese Calcio,Cagliari Calcio,1,1
2024-02-18,意甲,Frosinone Calcio,AS Roma,0,3
2024-02-18,意甲,AC Monza,AC Milan,4,2
2024-02-22,意甲,Torino FC,SS Lazio,0,2
2024-02-23,意甲,Bologna FC 1909,Hellas Verona FC,2,0
2024-02-24,意甲,US Sassuolo Calcio,Empoli FC,2,3
2024-02-24,意甲,US Salernitana 1919,AC Monza,0,2
2024-02-24,意甲,Genoa CFC,Udinese Calcio,2,0
2024-02-25,意甲,Juventus FC,Frosinone Calcio,3,2
2024-02-25,意甲,Cagliari Calcio,SSC Napoli,1,1
2024-02-25,意甲,US Lecce,FC Internazionale Milano,0,4
2024-02-25,意甲,AC Milan,Atalanta BC,1,1
2024-02-26,意甲,AS Roma,Torino FC,3,2
2024-02-26,意甲,ACF Fiorentina,SS Lazio,2,1
2024-02-28,意甲,US Sassuolo Calcio,SSC Napoli,1,6
2024-02-28,意甲,FC Internazionale Milano,Atalanta BC,4,0
2024-03-01,意甲,SS Lazio,AC Milan,0,1
2024-03-02,意甲,Udinese Calcio,US Salernitana 1919,1,1
2024-03-02,意甲,AC Monza,AS Roma,1,4
2024-03-02,意甲,Torino FC,ACF Fiorentina,0,0
2024-03-03,意甲,Hellas Verona FC,US Sassuolo Calcio,1,0
2024-03-03,意甲,Empoli FC,Cagliari Calcio,0,1
2024-03-03,意甲,Frosinone Calcio,US Lecce,1,1
2024-03-03,意甲,Atalanta BC,Bologna FC 1909,1,2
2024-03-03,意甲,SSC Napoli,Juventus FC,2,1
2024-03-04,意甲,FC Internazionale Milano,Genoa CFC,2,1
2024-03-08,意甲,SSC Napoli,Torino FC,1,1
2024-03-09,意甲,Cagliari Calcio,US Salernitana 1919,4,2
2024-03-09,意甲,US Sassuolo Calcio,Frosinone Calcio,1,0
2024-03-09,意甲,Bologna FC 1909,FC Internazionale Milano,0,1
2024-03-09,意甲,Genoa CFC,AC Monza,2,3
2024-03-10,意甲,US Lecce,Hellas Verona FC,0,1
2024-03-10,意甲,AC Milan,Empoli FC,1,0
2024-03-10,意甲,Juventus FC,Atalanta BC,2,2
2024-03-10,意甲,ACF Fiorentina,AS Roma,2,2
2024-03-11,意甲,SS Lazio,Udinese Calcio,1,2
2024-03-15,意甲,Empoli FC,Bologna FC 1909,0,1
2024-03-16,意甲,AC Monza,Cagliari Calcio,1,0
2024-03-16,意甲,Udinese Calcio,Torino FC,0,2
2024-03-16,意甲,US Salernitana 1919,US Lecce,0,1
2024-03-16,意甲,Frosinone Calcio,SS Lazio,2,3
2024-03-17,意甲,Juventus FC,Genoa CFC,0,0
2024-03-17,意甲,Hellas Verona FC,AC Milan,1,3
2024-03-17,意甲,AS Roma,US Sassuolo Calcio,1,0
2024-03-17,意甲,FC Internazionale Milano,SSC Napoli,1,1
2024-03-30,意甲,SSC Napoli,Atalanta BC,0,3
2024-03-30,意甲,Genoa CFC,Frosinone Calcio,1,1
2024-03-30,意甲,Torino FC,AC Monza,1,0
2024-03-30,意甲,SS Lazio,Juventus FC,1,0
2024-03-30,意甲,ACF Fiorentina,AC Milan,1,2
2024-04-01,意甲,Bologna FC 1909,US Salernitana 1919,3,0
2024-04-01,意甲,Cagliari Calcio,Hellas Verona FC,1,1
2024-04-01,意甲,US Sassuolo Calcio,Udinese Calcio,1,1
2024-04-01,意甲,US Lecce,AS Roma,0,0
2024-04-01,意甲,FC Internazionale Milano,Empoli FC,2,0
2024-04-05,意甲,US Salernitana 1919,US Sassuolo Calcio,2,2
2024-04-06,意甲,AC Milan,US Lecce,3,0
2024-04-06,意甲,AS Roma,SS Lazio,1,0
2024-04-06,意甲,Empoli FC,Torino FC,3,2
2024-04-07,意甲,Frosinone Calcio,Bologna FC 1909,0,0
2024-04-07,意甲,AC Monza,SSC Napoli,2,4
2024-04-07,意甲,Cagliari Calcio,Atalanta BC,2,1
2024-04-07,意甲,Hellas Verona FC,Genoa CFC,1,2
2024-04-07,意甲,Juventus FC,ACF Fiorentina,1,0
2024-04-08,意甲,Udinese Calcio,FC Internazionale Milano,1,2
2024-04-12,意甲,SS Lazio,US Salernitana 1919,4,1
2024-04-13,意甲,US Lecce,Empoli FC,1,0
2024-04-13,意甲,Torino FC,Juventus FC,0,0
2024-04-13,意甲,Bologna FC 1909,AC Monza,0,0
2024-04-14,意甲,SSC Napoli,Frosinone Calcio,2,2
2024-04-14,意甲,US Sassuolo Calcio,AC Milan,3,3
2024-04-14,意甲,FC Internazionale Milano,Cagliari Calcio,2,2
2024-04-15,意甲,ACF Fiorentina,Genoa CFC,1,1
2024-04-15,意甲,Atalanta BC,Hellas Verona FC,2,2
2024-04-19,意甲,Genoa CFC,SS Lazio,0,1
2024-04-19,意甲,Cagliari Calcio,Juventus FC,2,2
2024-04-20,意甲,Empoli FC,SSC Napoli,1,0
2024-04-20,意甲,Hellas Verona FC,Udinese Calcio,1,0
2024-04-21,意甲,US Sassuolo Calcio,US Lecce,0,3
2024-04-21,意甲,Torino FC,Frosinone Calcio,0,0
2024-04-21,意甲,US Salernitana 1919,ACF Fiorentina,0,2
2024-04-21,意甲,AC Monza,Atalanta BC,1,2
2024-04-22,意甲,AS Roma,Bologna FC 1909,1,3
2024-04-22,意甲,AC Milan,FC Internazionale Milano,1,2
2024-04-25,意甲,Udinese Calcio,AS Roma,1,2
2024-04-26,意甲,Frosinone Calcio,US Salernitana 1919,3,0
2024-04-27,意甲,US Lecce,AC Monza,1,1
2024-04-27,意甲,Juventus FC,AC Milan,0,0
2024-04-27,意甲,SS Lazio,Hellas Verona FC,1,0
2024-04-28,意甲,FC Internazionale Milano,Torino FC,2,0
2024-04-28,意甲,Bologna FC 1909,Udinese Calcio,1,1
2024-04-28,意甲,Atalanta BC,Empoli FC,2,0
2024-04-28,意甲,SSC Napoli,AS Roma,2,2
2024-04-28,意甲,ACF Fiorentina,US Sassuolo Calcio,5,1
2024-04-29,意甲,Genoa CFC,Cagliari Calcio,3,0
2024-05-03,意甲,Torino FC,Bologna FC 1909,0,0
2024-05-04,意甲,AC Monza,SS Lazio,2,2
2024-05-04,意甲,US Sassuolo Calcio,FC Internazionale Milano,1,0
2024-05-05,意甲,Cagliari Calcio,US Lecce,1,1
2024-05-05,意甲,Empoli FC,Frosinone Calcio,0,0
2024-05-05,意甲,Hellas Verona FC,ACF Fiorentina,2,1
2024-05-05,意甲,AC Milan,Genoa CFC,3,3
2024-05-05,意甲,AS Roma,Juventus FC,1,1
2024-05-06,意甲,US Salernitana 1919,Atalanta BC,1,2
2024-05-06,意甲,Udinese Calcio,SSC Napoli,1,1
2024-05-10,意甲,Frosinone Calcio,FC Internazionale Milano,0,5
2024-05-11,意甲,SSC Napoli,Bologna FC 1909,0,2
2024-05-11,意甲,AC Milan,Cagliari Calcio,5,1
2024-05-12,意甲,SS Lazio,Empoli FC,2,0
2024-05-12,意甲,Genoa CFC,US Sassuolo Calcio,2,1
2024-05-12,意甲,Hellas Verona FC,Torino FC,1,2
2024-05-12,意甲,Juventus FC,US Salernitana 1919,1,1
2024-05-12,意甲,Atalanta BC,AS Roma,2,1
2024-05-13,意甲,US Lecce,Udinese Calcio,0,2
2024-05-13,意甲,ACF Fiorentina,AC Monza,2,1
2024-05-17,意甲,ACF Fiorentina,SSC Napoli,2,2
2024-05-18,意甲,US Lecce,Atalanta BC,0,2
2024-05-18,意甲,Torino FC,AC Milan,3,1
2024-05-19,意甲,US Sassuolo Calcio,Cagliari Calcio,0,2
2024-05-19,意甲,AC Monza,Frosinone Calcio,0,1
2024-05-19,意甲,Udinese Calcio,Empoli FC,1,1
2024-05-19,意甲,FC Internazionale Milano,SS Lazio,1,1
2024-05-19,意甲,AS Roma,Genoa CFC,1,0
2024-05-20,意甲,US Salernitana 1919,Hellas Verona FC,1,2
2024-05-20,意甲,Bologna FC 1909,Juventus FC,3,3
2024-05-23,意甲,Cagliari Calcio,ACF Fiorentina,2,3
2024-05-24,意甲,Genoa CFC,Bologna FC 1909,2,0
2024-05-25,意甲,Juventus FC,AC Monza,2,0
2024-05-25,意甲,AC Milan,US Salernitana 1919,3,3
2024-05-26,意甲,Atalanta BC,Torino FC,3,0
2024-05-26,意甲,SSC Napoli,US Lecce,0,0
2024-05-26,意甲,Empoli FC,AS Roma,2,1
2024-05-26,意甲,Frosinone Calcio,Udinese Calcio,0,1
2024-05-26,意甲,Hellas Verona FC,FC Internazionale Milano,2,2
2024-05-26,意甲,SS Lazio,US Sassuolo Calcio,1,1
2024-06-02,意甲,Atalanta BC,ACF Fiorentina,2,3
2024-08-17,意甲,Genoa CFC,FC Internazionale Milano,2,2
2024-08-17,意甲,Parma Calcio 1913,ACF Fiorentina,1,1
2024-08-17,意甲,Empoli FC,AC Monza,0,0
2024-08-17,意甲,AC Milan,Torino FC,2,2
2024-08-18,意甲,Bologna FC 1909,Udinese Calcio,1,1
2024-08-18,意甲,Hellas Verona FC,SSC Napoli,3,0
2024-08-18,意甲,Cagliari Calcio,AS Roma,0,0
2024-08-18,意甲,SS Lazio,Venezia FC,3,1
2024-08-19,意甲,US Lecce,Atalanta BC,0,4
2024-08-19,意甲,Juventus FC,Como 1907,3,0
2024-08-24,意甲,Parma Calcio 1913,AC Milan,2,1
2024-08-24,意甲,Udinese Calcio,SS Lazio,2,1
2024-08-24,意甲,FC Internazionale Milano,US Lecce,2,0
2024-08-24,意甲,AC Monza,Genoa CFC,0,1
2024-08-25,意甲,ACF Fiorentina,Venezia FC,0,0
2024-08-25,意甲,Torino FC,Atalanta BC,2,1
2024-08-25,意甲,SSC Napoli,Bologna FC 1909,3,0
2024-08-25,意甲,AS Roma,Empoli FC,1,2
2024-08-26,意甲,Cagliari Calcio,Como 1907,1,1
2024-08-26,意甲,Hellas Verona FC,Juventus FC,0,3
2024-08-30,意甲,Venezia FC,Torino FC,0,1
2024-08-30,意甲,FC Internazionale Milano,Atalanta BC,4,0
2024-08-31,意甲,Bologna FC 1909,Empoli FC,1,1
2024-08-31,意甲,US Lecce,Cagliari Calcio,1,0
2024-08-31,意甲,SS Lazio,AC Milan,2,2
2024-08-31,意甲,SSC Napoli,Parma Calcio 1913,2,1
2024-09-01,意甲,ACF Fiorentina,AC Monza,2,2
2024-09-01,意甲,Genoa CFC,Hellas Verona FC,0,2
2024-09-01,意甲,Juventus FC,AS Roma,0,0
2024-09-01,意甲,Udinese Calcio,Como 1907,1,0
2024-09-14,意甲,Como 1907,Bologna FC 1909,2,2
2024-09-14,意甲,Empoli FC,Juventus FC,0,0
2024-09-14,意甲,AC Milan,Venezia FC,4,0
2024-09-15,意甲,Genoa CFC,AS Roma,1,1
2024-09-15,意甲,Atalanta BC,ACF Fiorentina,3,2
2024-09-15,意甲,Torino FC,US Lecce,0,0
2024-09-15,意甲,Cagliari Calcio,SSC Napoli,0,4
2024-09-15,意甲,AC Monza,FC Internazionale Milano,1,1
2024-09-16,意甲,Parma Calcio 1913,Udinese Calcio,2,3
2024-09-16,意甲,SS Lazio,Hellas Verona FC,2,1
2024-09-20,意甲,Cagliari Calcio,Empoli FC,0,2
2024-09-20,意甲,Hellas Verona FC,Torino FC,2,3
2024-09-21,意甲,Venezia FC,Genoa CFC,2,0
2024-09-21,意甲,Juventus FC,SSC Napoli,0,0
2024-09-21,意甲,US Lecce,Parma Calcio 1913,2,2
2024-09-22,意甲,ACF Fiorentina,SS Lazio,2,1
2024-09-22,意甲,AC Monza,Bologna FC 1909,1,2
2024-09-22,意甲,AS Roma,Udinese Calcio,3,0
2024-09-22,意甲,FC Internazionale Milano,AC Milan,1,2
2024-09-24,意甲,Atalanta BC,Como 1907,2,3
2024-09-27,意甲,AC Milan,US Lecce,3,0
2024-09-28,意甲,Udinese Calcio,FC Internazionale Milano,2,3
2024-09-28,意甲,Genoa CFC,Juventus FC,0,3
2024-09-28,意甲,Bologna FC 1909,Atalanta BC,1,1
2024-09-29,意甲,Torino FC,SS Lazio,2,3
2024-09-29,意甲,Como 1907,Hellas Verona FC,3,2
2024-09-29,意甲,AS Roma,Venezia FC,2,1
2024-09-29,意甲,Empoli FC,ACF Fiorentina,0,0
2024-09-29,意甲,SSC Napoli,AC Monza,2,0
2024-09-30,意甲,Parma Calcio 1913,Cagliari Calcio,2,3
2024-10-04,意甲,SSC Napoli,Como 1907,3,1
2024-10-04,意甲,Hellas Verona FC,Venezia FC,2,1
2024-10-05,意甲,Udinese Calcio,US Lecce,1,0
2024-10-05,意甲,Atalanta BC,Genoa CFC,5,1
2024-10-05,意甲,FC Internazionale Milano,Torino FC,3,2
2024-10-06,意甲,Juventus FC,Cagliari Calcio,1,1
2024-10-06,意甲,Bologna FC 1909,Parma Calcio 1913,0,0
2024-10-06,意甲,SS Lazio,Empoli FC,2,1
2024-10-06,意甲,AC Monza,AS Roma,1,1
2024-10-06,意甲,ACF Fiorentina,AC Milan,2,1
2024-10-19,意甲,Como 1907,Parma Calcio 1913,1,1
2024-10-19,意甲,Genoa CFC,Bologna FC 1909,2,2
2024-10-19,意甲,AC Milan,Udinese Calcio,1,0
2024-10-19,意甲,Juventus FC,SS Lazio,1,0
2024-10-20,意甲,Empoli FC,SSC Napoli,0,1
2024-10-20,意甲,US Lecce,ACF Fiorentina,0,6
2024-10-20,意甲,Venezia FC,Atalanta BC,0,2
2024-10-20,意甲,Cagliari Calcio,Torino FC,3,2
2024-10-20,意甲,AS Roma,FC Internazionale Milano,0,1
2024-10-21,意甲,Hellas Verona FC,AC Monza,0,3
2024-10-25,意甲,Udinese Calcio,Cagliari Calcio,2,0
2024-10-25,意甲,Torino FC,Como 1907,1,0
2024-10-26,意甲,SSC Napoli,US Lecce,1,0
2024-10-26,意甲,Atalanta BC,Hellas Verona FC,6,1
2024-10-27,意甲,Parma Calcio 1913,Empoli FC,1,1
2024-10-27,意甲,SS Lazio,Genoa CFC,3,0
2024-10-27,意甲,AC Monza,Venezia FC,2,2
2024-10-27,意甲,FC Internazionale Milano,Juventus FC,4,4
2024-10-27,意甲,ACF Fiorentina,AS Roma,5,1
2024-10-29,意甲,Cagliari Calcio,Bologna FC 1909,0,2
2024-10-29,意甲,US Lecce,Hellas Verona FC,1,0
2024-10-29,意甲,AC Milan,SSC Napoli,0,2
2024-10-30,意甲,Empoli FC,FC Internazionale Milano,0,3
2024-10-30,意甲,Venezia FC,Udinese Calcio,3,2
2024-10-30,意甲,Atalanta BC,AC Monza,2,0
2024-10-30,意甲,Juventus FC,Parma Calcio 1913,2,2
2024-10-31,意甲,Genoa CFC,ACF Fiorentina,0,1
2024-10-31,意甲,Como 1907,SS Lazio,1,5
2024-10-31,意甲,AS Roma,Torino FC,1,0
2024-11-02,意甲,Bologna FC 1909,US Lecce,1,0
2024-11-02,意甲,Udinese Calcio,Juventus FC,0,2
2024-11-02,意甲,AC Monza,AC Milan,0,1
2024-11-03,意甲,SSC Napoli,Atalanta BC,0,3
2024-11-03,意甲,Torino FC,ACF Fiorentina,0,1
2024-11-03,意甲,Hellas Verona FC,AS Roma,3,2
2024-11-03,意甲,FC Internazionale Milano,Venezia FC,1,0
2024-11-04,意甲,Empoli FC,Como 1907,1,0
2024-11-04,意甲,Parma Calcio 1913,Genoa CFC,0,1
2024-11-04,意甲,SS Lazio,Cagliari Calcio,2,1
2024-11-07,意甲,Genoa CFC,Como 1907,1,1
2024-11-08,意甲,US Lecce,Empoli FC,1,1
2024-11-09,意甲,Venezia FC,Parma Calcio 1913,1,2
2024-11-09,意甲,Cagliari Calcio,AC Milan,3,3
2024-11-09,意甲,Juventus FC,Torino FC,2,0
2024-11-10,意甲,Atalanta BC,Udinese Calcio,2,1
2024-11-10,意甲,ACF Fiorentina,Hellas Verona FC,3,1
2024-11-10,意甲,AS Roma,Bologna FC 1909,2,3
2024-11-10,意甲,AC Monza,SS Lazio,0,1
2024-11-10,意甲,FC Internazionale Milano,SSC Napoli,1,1
2024-11-23,意甲,Hellas Verona FC,FC Internazionale Milano,0,5
2024-11-23,意甲,AC Milan,Juventus FC,0,0
2024-11-23,意甲,Parma Calcio 1913,Atalanta BC,1,3
2024-11-24,意甲,Genoa CFC,Cagliari Calcio,2,2
2024-11-24,意甲,Como 1907,ACF Fiorentina,0,2
2024-11-24,意甲,Torino FC,AC Monza,1,1
2024-11-24,意甲,SSC Napoli,AS Roma,1,0
2024-11-24,意甲,SS Lazio,Bologna FC 1909,3,0
2024-11-25,意甲,Empoli FC,Udinese Calcio,1,1
2024-11-25,意甲,Venezia FC,US Lecce,0,1
2024-11-29,意甲,Cagliari Calcio,Hellas Verona FC,1,0
2024-11-30,意甲,Como 1907,AC Monza,1,1
2024-11-30,意甲,AC Milan,Empoli FC,3,0
2024-11-30,意甲,Bologna FC 1909,Venezia FC,3,0
2024-12-01,意甲,Udinese Calcio,Genoa CFC,0,2
2024-12-01,意甲,Parma Calcio 1913,SS Lazio,3,1
2024-12-01,意甲,Torino FC,SSC Napoli,0,1
2024-12-01,意甲,US Lecce,Juventus FC,1,1
2024-12-02,意甲,AS Roma,Atalanta BC,0,2
2024-12-06,意甲,FC Internazionale Milano,Parma Calcio 1913,3,1
2024-12-06,意甲,Atalanta BC,AC Milan,2,1
2024-12-07,意甲,Genoa CFC,Torino FC,0,0
2024-12-07,意甲,Juventus FC,Bologna FC 1909,2,2
2024-12-07,意甲,AS Roma,US Lecce,4,1
2024-12-08,意甲,ACF Fiorentina,Cagliari Calcio,1,0
2024-12-08,意甲,Hellas Verona FC,Empoli FC,1,4
2024-12-08,意甲,Venezia FC,Como 1907,2,2
2024-12-08,意甲,SSC Napoli,SS Lazio,0,1
2024-12-09,意甲,AC Monza,Udinese Calcio,1,2
2024-12-13,意甲,Empoli FC,Torino FC,0,1
2024-12-14,意甲,Cagliari Calcio,Atalanta BC,0,1
2024-12-14,意甲,Udinese Calcio,SSC Napoli,1,3
2024-12-14,意甲,Juventus FC,Venezia FC,2,2
2024-12-15,意甲,US Lecce,AC Monza,2,1
2024-12-15,意甲,Bologna FC 1909,ACF Fiorentina,1,0
2024-12-15,意甲,Parma Calcio 1913,Hellas Verona FC,2,3
2024-12-15,意甲,Como 1907,AS Roma,2,0
2024-12-15,意甲,AC Milan,Genoa CFC,0,0
2024-12-16,意甲,SS Lazio,FC Internazionale Milano,0,6
2024-12-20,意甲,Hellas Verona FC,AC Milan,0,1
2024-12-21,意甲,Torino FC,Bologna FC 1909,0,2
2024-12-21,意甲,Genoa CFC,SSC Napoli,1,2
2024-12-21,意甲,US Lecce,SS Lazio,1,2
2024-12-22,意甲,AS Roma,Parma Calcio 1913,5,0
2024-12-22,意甲,Venezia FC,Cagliari Calcio,2,1
2024-12-22,意甲,Atalanta BC,Empoli FC,3,2
2024-12-22,意甲,AC Monza,Juventus FC,1,2
2024-12-23,意甲,ACF Fiorentina,Udinese Calcio,1,2
2024-12-23,意甲,FC Internazionale Milano,Como 1907,2,0
2024-12-28,意甲,Empoli FC,Genoa CFC,1,2
2024-12-28,意甲,Parma Calcio 1913,AC Monza,2,1
2024-12-28,意甲,Cagliari Calcio,FC Internazionale Milano,0,3
2024-12-28,意甲,SS Lazio,Atalanta BC,1,1
2024-12-29,意甲,Udinese Calcio,Torino FC,2,2
2024-12-29,意甲,SSC Napoli,Venezia FC,1,0
2024-12-29,意甲,Juventus FC,ACF Fiorentina,2,2
2024-12-29,意甲,AC Milan,AS Roma,1,1
2024-12-30,意甲,Como 1907,US Lecce,2,0
2024-12-30,意甲,Bologna FC 1909,Hellas Verona FC,2,3
2025-01-04,意甲,Venezia FC,Empoli FC,1,1
2025-01-04,意甲,ACF Fiorentina,SSC Napoli,0,3
2025-01-04,意甲,Hellas Verona FC,Udinese Calcio,0,0
2025-01-05,意甲,AC Monza,Cagliari Calcio,1,2
2025-01-05,意甲,US Lecce,Genoa CFC,0,0
2025-01-05,意甲,Torino FC,Parma Calcio 1913,0,0
2025-01-05,意甲,AS Roma,SS Lazio,2,0
2025-01-10,意甲,SS Lazio,Como 1907,1,1
2025-01-11,意甲,Empoli FC,US Lecce,1,3
2025-01-11,意甲,Udinese Calcio,Atalanta BC,0,0
2025-01-11,意甲,Torino FC,Juventus FC,1,1
2025-01-11,意甲,AC Milan,Cagliari Calcio,1,1
2025-01-12,意甲,Genoa CFC,Parma Calcio 1913,1,0
2025-01-12,意甲,Venezia FC,FC Internazionale Milano,0,1
2025-01-12,意甲,Bologna FC 1909,AS Roma,2,2
2025-01-12,意甲,SSC Napoli,Hellas Verona FC,2,0
2025-01-13,意甲,AC Monza,ACF Fiorentina,2,1
2025-01-14,意甲,Como 1907,AC Milan,1,2
2025-01-14,意甲,Atalanta BC,Juventus FC,1,1
2025-01-15,意甲,FC Internazionale Milano,Bologna FC 1909,2,2
2025-01-17,意甲,AS Roma,Genoa CFC,3,1
2025-01-18,意甲,Bologna FC 1909,AC Monza,3,1
2025-01-18,意甲,Juventus FC,AC Milan,2,0
2025-01-18,意甲,Atalanta BC,SSC Napoli,2,3
2025-01-19,意甲,ACF Fiorentina,Torino FC,1,1
2025-01-19,意甲,Cagliari Calcio,US Lecce,4,1
2025-01-19,意甲,Parma Calcio 1913,Venezia FC,1,1
2025-01-19,意甲,Hellas Verona FC,SS Lazio,0,3
2025-01-19,意甲,FC Internazionale Milano,Empoli FC,3,1
2025-01-20,意甲,Como 1907,Udinese Calcio,4,1
2025-01-24,意甲,Torino FC,Cagliari Calcio,2,0
2025-01-25,意甲,Como 1907,Atalanta BC,1,2
2025-01-25,意甲,SSC Napoli,Juventus FC,2,1
2025-01-25,意甲,Empoli FC,Bologna FC 1909,1,1
2025-01-26,意甲,AC Milan,Parma Calcio 1913,3,2
2025-01-26,意甲,Udinese Calcio,AS Roma,1,2
2025-01-26,意甲,US Lecce,FC Internazionale Milano,0,4
2025-01-26,意甲,SS Lazio,ACF Fiorentina,1,2
2025-01-27,意甲,Venezia FC,Hellas Verona FC,1,1
2025-01-27,意甲,Genoa CFC,AC Monza,2,0
2025-01-31,意甲,Parma Calcio 1913,US Lecce,1,3
2025-02-01,意甲,AC Monza,Hellas Verona FC,0,1
2025-02-01,意甲,Udinese Calcio,Venezia FC,3,2
2025-02-01,意甲,Atalanta BC,Torino FC,1,1
2025-02-01,意甲,Bologna FC 1909,Como 1907,2,0
2025-02-02,意甲,Juventus FC,Empoli FC,4,1
2025-02-02,意甲,ACF Fiorentina,Genoa CFC,2,1
2025-02-02,意甲,AC Milan,FC Internazionale Milano,1,1
2025-02-02,意甲,AS Roma,SSC Napoli,1,1
2025-02-03,意甲,Cagliari Calcio,SS Lazio,1,2
2025-02-06,意甲,ACF Fiorentina,FC Internazionale Milano,3,0
2025-02-07,意甲,Como 1907,Juventus FC,1,2
2025-02-08,意甲,Hellas Verona FC,Atalanta BC,0,5
2025-02-08,意甲,Empoli FC,AC Milan,0,2
2025-02-08,意甲,Torino FC,Genoa CFC,1,1
2025-02-09,意甲,Venezia FC,AS Roma,0,1
2025-02-09,意甲,Cagliari Calcio,Parma Calcio 1913,2,1
2025-02-09,意甲,SS Lazio,AC Monza,5,1
2025-02-09,意甲,US Lecce,Bologna FC 1909,0,0
2025-02-09,意甲,SSC Napoli,Udinese Calcio,1,1
2025-02-10,意甲,FC Internazionale Milano,ACF Fiorentina,2,1
2025-02-14,意甲,Bologna FC 1909,Torino FC,3,2
2025-02-15,意甲,Atalanta BC,Cagliari Calcio,0,0
2025-02-15,意甲,SS Lazio,SSC Napoli,2,2
2025-02-15,意甲,AC Milan,Hellas Verona FC,1,0
2025-02-16,意甲,ACF Fiorentina,Como 1907,0,2
2025-02-16,意甲,AC Monza,US Lecce,0,0
2025-02-16,意甲,Udinese Calcio,Empoli FC,3,0
2025-02-16,意甲,Parma Calcio 1913,AS Roma,0,1
2025-02-16,意甲,Juventus FC,FC Internazionale Milano,1,0
2025-02-17,意甲,Genoa CFC,Venezia FC,2,0
2025-02-21,意甲,US Lecce,Udinese Calcio,0,1
2025-02-22,意甲,Parma Calcio 1913,Bologna FC 1909,2,0
2025-02-22,意甲,Venezia FC,SS Lazio,0,0
2025-02-22,意甲,Torino FC,AC Milan,2,1
2025-02-22,意甲,FC Internazionale Milano,Genoa CFC,1,0
2025-02-23,意甲,Como 1907,SSC Napoli,2,1
2025-02-23,意甲,Hellas Verona FC,ACF Fiorentina,1,0
2025-02-23,意甲,Empoli FC,Atalanta BC,0,5
2025-02-23,意甲,Cagliari Calcio,Juventus FC,0,1
2025-02-24,意甲,AS Roma,AC Monza,4,0
2025-02-27,意甲,Bologna FC 1909,AC Milan,2,1
2025-02-28,意甲,ACF Fiorentina,US Lecce,1,0
2025-03-01,意甲,Atalanta BC,Venezia FC,0,0
2025-03-01,意甲,SSC Napoli,FC Internazionale Milano,1,1
2025-03-01,意甲,Udinese Calcio,Parma Calcio 1913,1,0
2025-03-02,意甲,AC Monza,Torino FC,0,2
2025-03-02,意甲,Bologna FC 1909,Cagliari Calcio,2,1
2025-03-02,意甲,Genoa CFC,Empoli FC,1,1
2025-03-02,意甲,AS Roma,Como 1907,2,1
2025-03-02,意甲,AC Milan,SS Lazio,1,2
2025-03-03,意甲,Juventus FC,Hellas Verona FC,2,0
2025-03-07,意甲,Cagliari Calcio,Genoa CFC,1,1
2025-03-08,意甲,Como 1907,Venezia FC,1,1
2025-03-08,意甲,Parma Calcio 1913,Torino FC,2,2
2025-03-08,意甲,US Lecce,AC Milan,2,3
2025-03-08,意甲,FC Internazionale Milano,AC Monza,3,2
2025-03-09,意甲,Hellas Verona FC,Bologna FC 1909,1,2
2025-03-09,意甲,SSC Napoli,ACF Fiorentina,2,1
2025-03-09,意甲,Empoli FC,AS Roma,0,1
2025-03-09,意甲,Juventus FC,Atalanta BC,0,4
2025-03-10,意甲,SS Lazio,Udinese Calcio,1,1
2025-03-14,意甲,Genoa CFC,US Lecce,2,1
2025-03-15,意甲,AC Monza,Parma Calcio 1913,1,1
2025-03-15,意甲,Udinese Calcio,Hellas Verona FC,0,1
2025-03-15,意甲,AC Milan,Como 1907,2,1
2025-03-15,意甲,Torino FC,Empoli FC,1,0
2025-03-16,意甲,Venezia FC,SSC Napoli,0,0
2025-03-16,意甲,Bologna FC 1909,SS Lazio,5,0
2025-03-16,意甲,AS Roma,Cagliari Calcio,1,0
2025-03-16,意甲,ACF Fiorentina,Juventus FC,3,0
2025-03-16,意甲,Atalanta BC,FC Internazionale Milano,0,2
2025-03-29,意甲,Como 1907,Empoli FC,1,1
2025-03-29,意甲,Venezia FC,Bologna FC 1909,0,1
2025-03-29,意甲,Juventus FC,Genoa CFC,1,0
2025-03-29,意甲,US Lecce,AS Roma,0,1
2025-03-30,意甲,Cagliari Calcio,AC Monza,3,0
2025-03-30,意甲,ACF Fiorentina,Atalanta BC,1,0
2025-03-30,意甲,FC Internazionale Milano,Udinese Calcio,2,1
2025-03-30,意甲,SSC Napoli,AC Milan,2,1
2025-03-31,意甲,Hellas Verona FC,Parma Calcio 1913,0,0
2025-03-31,意甲,SS Lazio,Torino FC,1,1
2025-04-04,意甲,Genoa CFC,Udinese Calcio,1,0
2025-04-05,意甲,AC Monza,Como 1907,1,3
2025-04-05,意甲,Parma Calcio 1913,FC Internazionale Milano,2,2
2025-04-05,意甲,AC Milan,ACF Fiorentina,2,2
2025-04-06,意甲,US Lecce,Venezia FC,1,1
2025-04-06,意甲,Empoli FC,Cagliari Calcio,0,0
2025-04-06,意甲,Torino FC,Hellas Verona FC,1,1
2025-04-06,意甲,Atalanta BC,SS Lazio,0,1
2025-04-06,意甲,AS Roma,Juventus FC,1,1
2025-04-07,意甲,Bologna FC 1909,SSC Napoli,1,1
2025-04-11,意甲,Udinese Calcio,AC Milan,0,4
2025-04-12,意甲,Venezia FC,AC Monza,1,0
2025-04-12,意甲,FC Internazionale Milano,Cagliari Calcio,3,1
2025-04-12,意甲,Juventus FC,US Lecce,2,1
2025-04-13,意甲,Atalanta BC,Bologna FC 1909,2,0
2025-04-13,意甲,ACF Fiorentina,Parma Calcio 1913,0,0
2025-04-13,意甲,Hellas Verona FC,Genoa CFC,0,0
2025-04-13,意甲,Como 1907,Torino FC,1,0
2025-04-13,意甲,SS Lazio,AS Roma,1,1
2025-04-14,意甲,SSC Napoli,Empoli FC,3,0
2025-04-19,意甲,US Lecce,Como 1907,0,3
2025-04-19,意甲,AC Monza,SSC Napoli,0,1
2025-04-19,意甲,AS Roma,Hellas Verona FC,1,0
2025-04-20,意甲,Empoli FC,Venezia FC,2,2
2025-04-20,意甲,Bologna FC 1909,FC Internazionale Milano,1,0
2025-04-20,意甲,AC Milan,Atalanta BC,0,1
2025-04-23,意甲,Cagliari Calcio,ACF Fiorentina,1,2
2025-04-23,意甲,Genoa CFC,SS Lazio,0,2
2025-04-23,意甲,Parma Calcio 1913,Juventus FC,1,0
2025-04-23,意甲,Torino FC,Udinese Calcio,2,0
2025-04-27,意甲,Como 1907,Genoa CFC,1,0
2025-04-27,意甲,Venezia FC,AC Milan,0,2
2025-04-27,意甲,ACF Fiorentina,Empoli FC,2,1
2025-04-27,意甲,FC Internazionale Milano,AS Roma,0,1
2025-04-27,意甲,Juventus FC,AC Monza,2,0
2025-04-27,意甲,Atalanta BC,US Lecce,1,1
2025-04-27,意甲,SSC Napoli,Torino FC,2,0
2025-04-28,意甲,Udinese Calcio,Bologna FC 1909,0,0
2025-04-28,意甲,Hellas Verona FC,Cagliari Calcio,0,2
2025-04-28,意甲,SS Lazio,Parma Calcio 1913,2,2
2025-05-02,意甲,Torino FC,Venezia FC,1,1
2025-05-03,意甲,Cagliari Calcio,Udinese Calcio,1,2
2025-05-03,意甲,Parma Calcio 1913,Como 1907,0,1
2025-05-03,意甲,US Lecce,SSC Napoli,0,1
2025-05-03,意甲,FC Internazionale Milano,Hellas Verona FC,1,0
2025-05-04,意甲,Empoli FC,SS Lazio,0,1
2025-05-04,意甲,AC Monza,Atalanta BC,0,4
2025-05-04,意甲,AS Roma,ACF Fiorentina,1,0
2025-05-04,意甲,Bologna FC 1909,Juventus FC,1,1
2025-05-05,意甲,Genoa CFC,AC Milan,1,2
2025-05-09,意甲,AC Milan,Bologna FC 1909,3,1
2025-05-10,意甲,Como 1907,Cagliari Calcio,3,1
2025-05-10,意甲,SS Lazio,Juventus FC,1,1
2025-05-10,意甲,Empoli FC,Parma Calcio 1913,2,1
2025-05-11,意甲,Udinese Calcio,AC Monza,1,2
2025-05-11,意甲,Hellas Verona FC,US Lecce,1,1
2025-05-11,意甲,Torino FC,FC Internazionale Milano,0,2
2025-05-11,意甲,SSC Napoli,Genoa CFC,2,2
2025-05-12,意甲,Venezia FC,ACF Fiorentina,2,1
2025-05-12,意甲,Atalanta BC,AS Roma,2,1
2025-05-17,意甲,Genoa CFC,Atalanta BC,2,3
2025-05-18,意甲,Cagliari Calcio,Venezia FC,3,0
2025-05-18,意甲,ACF Fiorentina,Bologna FC 1909,3,2
2025-05-18,意甲,Hellas Verona FC,Como 1907,1,1
2025-05-18,意甲,FC Internazionale Milano,SS Lazio,2,2
2025-05-18,意甲,Juventus FC,Udinese Calcio,2,0
2025-05-18,意甲,US Lecce,Torino FC,1,0
2025-05-18,意甲,AC Monza,Empoli FC,1,3
2025-05-18,意甲,Parma Calcio 1913,SSC Napoli,0,0
2025-05-18,意甲,AS Roma,AC Milan,3,1
2025-08-23,意甲,Genoa CFC,US Lecce,0,0
2025-08-23,意甲,US Sassuolo Calcio,SSC Napoli,0,2
2025-08-23,意甲,AC Milan,US Cremonese,1,2
2025-08-23,意甲,AS Roma,Bologna FC 1909,1,0
2025-08-24,意甲,Cagliari Calcio,ACF Fiorentina,1,1
2025-08-24,意甲,Como 1907,SS Lazio,2,0
2025-08-24,意甲,Atalanta BC,AC Pisa 1909,1,1
2025-08-24,意甲,Juventus FC,Parma Calcio 1913,2,0
2025-08-25,意甲,Udinese Calcio,Hellas Verona FC,1,1
2025-08-25,意甲,FC Internazionale Milano,Torino FC,5,0
2025-08-29,意甲,US Cremonese,US Sassuolo Calcio,3,2
2025-08-29,意甲,US Lecce,AC Milan,0,2
2025-08-30,意甲,Bologna FC 1909,Como 1907,1,0
2025-08-30,意甲,Parma Calcio 1913,Atalanta BC,1,1
2025-08-30,意甲,SSC Napoli,Cagliari Calcio,1,0
2025-08-30,意甲,AC Pisa 1909,AS Roma,0,1
2025-08-31,意甲,Genoa CFC,Juventus FC,0,1
2025-08-31,意甲,Torino FC,ACF Fiorentina,0,0
2025-08-31,意甲,FC Internazionale Milano,Udinese Calcio,1,2
2025-08-31,意甲,SS Lazio,Hellas Verona FC,4,0
2025-09-13,意甲,Cagliari Calcio,Parma Calcio 1913,2,0
2025-09-13,意甲,Juventus FC,FC Internazionale Milano,4,3
2025-09-13,意甲,ACF Fiorentina,SSC Napoli,1,3
2025-09-14,意甲,AS Roma,Torino FC,0,1
2025-09-14,意甲,Atalanta BC,US Lecce,4,1
2025-09-14,意甲,AC Pisa 1909,Udinese Calcio,0,1
2025-09-14,意甲,US Sassuolo Calcio,SS Lazio,1,0
2025-09-14,意甲,AC Milan,Bologna FC 1909,1,0
2025-09-15,意甲,Hellas Verona FC,US Cremonese,0,0
2025-09-15,意甲,Como 1907,Genoa CFC,1,1
2025-09-19,意甲,US Lecce,Cagliari Calcio,1,2
2025-09-20,意甲,Bologna FC 1909,Genoa CFC,2,1
2025-09-20,意甲,Hellas Verona FC,Juventus FC,1,1
2025-09-20,意甲,Udinese Calcio,AC Milan,0,3
2025-09-21,意甲,SS Lazio,AS Roma,0,1
2025-09-21,意甲,Torino FC,Atalanta BC,0,3
2025-09-21,意甲,US Cremonese,Parma Calcio 1913,0,0
2025-09-21,意甲,ACF Fiorentina,Como 1907,1,2
2025-09-21,意甲,FC Internazionale Milano,US Sassuolo Calcio,2,1
2025-09-22,意甲,SSC Napoli,AC Pisa 1909,3,2
2025-09-27,意甲,Como 1907,US Cremonese,1,1
2025-09-27,意甲,Juventus FC,Atalanta BC,1,1
2025-09-27,意甲,Cagliari Calcio,FC Internazionale Milano,0,2
2025-09-28,意甲,US Sassuolo Calcio,Udinese Calcio,3,1
2025-09-28,意甲,AS Roma,Hellas Verona FC,2,0
2025-09-28,意甲,AC Pisa 1909,ACF Fiorentina,0,0
2025-09-28,意甲,US Lecce,Bologna FC 1909,2,2
2025-09-28,意甲,AC Milan,SSC Napoli,2,1
2025-09-29,意甲,Parma Calcio 1913,Torino FC,2,1
2025-09-29,意甲,Genoa CFC,SS Lazio,0,3
2025-10-03,意甲,Hellas Verona FC,US Sassuolo Calcio,0,1
2025-10-04,意甲,SS Lazio,Torino FC,3,3
2025-10-04,意甲,Parma Calcio 1913,US Lecce,0,1
2025-10-04,意甲,FC Internazionale Milano,US Cremonese,4,1
2025-10-04,意甲,Atalanta BC,Como 1907,1,1
2025-10-05,意甲,Udinese Calcio,Cagliari Calcio,1,1
2025-10-05,意甲,ACF Fiorentina,AS Roma,1,2
2025-10-05,意甲,Bologna FC 1909,AC Pisa 1909,4,0
2025-10-05,意甲,SSC Napoli,Genoa CFC,2,1
2025-10-05,意甲,Juventus FC,AC Milan,0,0
2025-10-18,意甲,AC Pisa 1909,Hellas Verona FC,0,0
2025-10-18,意甲,US Lecce,US Sassuolo Calcio,0,0
2025-10-18,意甲,Torino FC,SSC Napoli,1,0
2025-10-18,意甲,AS Roma,FC Internazionale Milano,0,1
2025-10-19,意甲,Como 1907,Juventus FC,2,0
2025-10-19,意甲,Cagliari Calcio,Bologna FC 1909,0,2
2025-10-19,意甲,Genoa CFC,Parma Calcio 1913,0,0
2025-10-19,意甲,Atalanta BC,SS Lazio,0,0
2025-10-19,意甲,AC Milan,ACF Fiorentina,2,1
2025-10-20,意甲,US Cremonese,Udinese Calcio,1,1
2025-10-24,意甲,AC Milan,AC Pisa 1909,2,2
2025-10-25,意甲,Parma Calcio 1913,Como 1907,0,0
2025-10-25,意甲,Udinese Calcio,US Lecce,3,2
2025-10-25,意甲,SSC Napoli,FC Internazionale Milano,3,1
2025-10-25,意甲,US Cremonese,Atalanta BC,1,1
2025-10-26,意甲,Torino FC,Genoa CFC,2,1
2025-10-26,意甲,Hellas Verona FC,Cagliari Calcio,2,2
2025-10-26,意甲,US Sassuolo Calcio,AS Roma,0,1
2025-10-26,意甲,ACF Fiorentina,Bologna FC 1909,2,2
2025-10-26,意甲,SS Lazio,Juventus FC,1,0
2025-10-28,意甲,US Lecce,SSC Napoli,0,1
2025-10-28,意甲,Atalanta BC,AC Milan,1,1
2025-10-29,意甲,AS Roma,Parma Calcio 1913,2,1
2025-10-29,意甲,Como 1907,Hellas Verona FC,3,1
2025-10-29,意甲,Juventus FC,Udinese Calcio,3,1
2025-10-29,意甲,Genoa CFC,US Cremonese,0,2
2025-10-29,意甲,Bologna FC 1909,Torino FC,0,0
2025-10-29,意甲,FC Internazionale Milano,ACF Fiorentina,3,0
2025-10-30,意甲,Cagliari Calcio,US Sassuolo Calcio,1,2
2025-10-30,意甲,AC Pisa 1909,SS Lazio,0,0
2025-11-01,意甲,Udinese Calcio,Atalanta BC,1,0
2025-11-01,意甲,SSC Napoli,Como 1907,0,0
2025-11-01,意甲,US Cremonese,Juventus FC,1,2
2025-11-02,意甲,Hellas Verona FC,FC Internazionale Milano,1,2
2025-11-02,意甲,ACF Fiorentina,US Lecce,0,1
2025-11-02,意甲,Torino FC,AC Pisa 1909,2,2
2025-11-02,意甲,Parma Calcio 1913,Bologna FC 1909,1,3
2025-11-02,意甲,AC Milan,AS Roma,1,0
2025-11-03,意甲,US Sassuolo Calcio,Genoa CFC,1,2
2025-11-03,意甲,SS Lazio,Cagliari Calcio,2,0
2025-11-07,意甲,AC Pisa 1909,US Cremonese,1,0
2025-11-08,意甲,Como 1907,Cagliari Calcio,0,0
2025-11-08,意甲,US Lecce,Hellas Verona FC,0,0
2025-11-08,意甲,Juventus FC,Torino FC,0,0
2025-11-08,意甲,Parma Calcio 1913,AC Milan,2,2
2025-11-09,意甲,Atalanta BC,US Sassuolo Calcio,0,3
2025-11-09,意甲,Genoa CFC,ACF Fiorentina,2,2
2025-11-09,意甲,Bologna FC 1909,SSC Napoli,2,0
2025-11-09,意甲,AS Roma,Udinese Calcio,2,0
2025-11-09,意甲,FC Internazionale Milano,SS Lazio,2,0
2025-11-22,意甲,Cagliari Calcio,Genoa CFC,3,3
2025-11-22,意甲,Udinese Calcio,Bologna FC 1909,0,3
2025-11-22,意甲,ACF Fiorentina,Juventus FC,1,1
2025-11-22,意甲,SSC Napoli,Atalanta BC,3,1
2025-11-23,意甲,Hellas Verona FC,Parma Calcio 1913,1,2
2025-11-23,意甲,US Cremonese,AS Roma,1,3
2025-11-23,意甲,SS Lazio,US Lecce,2,0
2025-11-23,意甲,FC Internazionale Milano,AC Milan,0,1
2025-11-24,意甲,Torino FC,Como 1907,1,5
2025-11-24,意甲,US Sassuolo Calcio,AC Pisa 1909,2,2
2025-11-28,意甲,Como 1907,US Sassuolo Calcio,2,0
2025-11-29,意甲,Genoa CFC,Hellas Verona FC,2,1
2025-11-29,意甲,Parma Calcio 1913,Udinese Calcio,0,2
2025-11-29,意甲,Juventus FC,Cagliari Calcio,2,1
2025-11-29,意甲,AC Milan,SS Lazio,1,0
2025-11-30,意甲,US Lecce,Torino FC,2,1
2025-11-30,意甲,AC Pisa 1909,FC Internazionale Milano,0,2
2025-11-30,意甲,Atalanta BC,ACF Fiorentina,2,0
2025-11-30,意甲,AS Roma,SSC Napoli,0,1
2025-12-01,意甲,Bologna FC 1909,US Cremonese,1,3
2025-12-06,意甲,US Sassuolo Calcio,ACF Fiorentina,3,1
2025-12-06,意甲,FC Internazionale Milano,Como 1907,4,0
2025-12-06,意甲,Hellas Verona FC,Atalanta BC,3,1
2025-12-07,意甲,US Cremonese,US Lecce,2,0
2025-12-07,意甲,Cagliari Calcio,AS Roma,1,0
2025-12-07,意甲,SS Lazio,Bologna FC 1909,1,1
2025-12-07,意甲,SSC Napoli,Juventus FC,2,1
2025-12-08,意甲,AC Pisa 1909,Parma Calcio 1913,0,1
2025-12-08,意甲,Udinese Calcio,Genoa CFC,1,2
2025-12-08,意甲,Torino FC,AC Milan,2,3
2025-12-12,意甲,US Lecce,AC Pisa 1909,1,0
2025-12-13,意甲,Torino FC,US Cremonese,1,0
2025-12-13,意甲,Parma Calcio 1913,SS Lazio,0,1
2025-12-13,意甲,Atalanta BC,Cagliari Calcio,2,1
2025-12-14,意甲,AC Milan,US Sassuolo Calcio,2,2
2025-12-14,意甲,ACF Fiorentina,Hellas Verona FC,1,2
2025-12-14,意甲,Udinese Calcio,SSC Napoli,1,0
2025-12-14,意甲,Genoa CFC,FC Internazionale Milano,1,2
2025-12-14,意甲,Bologna FC 1909,Juventus FC,0,1
2025-12-15,意甲,AS Roma,Como 1907,1,0
2025-12-20,意甲,SS Lazio,US Cremonese,0,0
2025-12-20,意甲,Juventus FC,AS Roma,2,1
2025-12-21,意甲,Cagliari Calcio,AC Pisa 1909,2,2
2025-12-21,意甲,US Sassuolo Calcio,Torino FC,0,1
2025-12-21,意甲,ACF Fiorentina,Udinese Calcio,5,1
2025-12-21,意甲,Genoa CFC,Atalanta BC,0,1
2025-12-27,意甲,Parma Calcio 1913,ACF Fiorentina,1,0
2025-12-27,意甲,Torino FC,Cagliari Calcio,1,2
2025-12-27,意甲,US Lecce,Como 1907,0,3
2025-12-27,意甲,Udinese Calcio,SS Lazio,1,1
2025-12-27,意甲,AC Pisa 1909,Juventus FC,0,2
2025-12-28,意甲,AC Milan,Hellas Verona FC,3,0
2025-12-28,意甲,US Cremonese,SSC Napoli,0,2
2025-12-28,意甲,Bologna FC 1909,US Sassuolo Calcio,1,1
2025-12-28,意甲,Atalanta BC,FC Internazionale Milano,0,1
2025-12-29,意甲,AS Roma,Genoa CFC,3,1
2026-01-02,意甲,Cagliari Calcio,AC Milan,0,1
2026-01-03,意甲,Como 1907,Udinese Calcio,1,0
2026-01-03,意甲,Genoa CFC,AC Pisa 1909,1,1
2026-01-03,意甲,US Sassuolo Calcio,Parma Calcio 1913,1,1
2026-01-03,意甲,Juventus FC,US Lecce,1,1
2026-01-03,意甲,Atalanta BC,AS Roma,1,0
2026-01-04,意甲,SS Lazio,SSC Napoli,0,2
2026-01-04,意甲,ACF Fiorentina,US Cremonese,1,0
2026-01-04,意甲,Hellas Verona FC,Torino FC,0,3
2026-01-04,意甲,FC Internazionale Milano,Bologna FC 1909,3,1
2026-01-06,意甲,AC Pisa 1909,Como 1907,0,3
2026-01-06,意甲,US Lecce,AS Roma,0,2
2026-01-06,意甲,US Sassuolo Calcio,Juventus FC,0,3
2026-01-07,意甲,Bologna FC 1909,Atalanta BC,0,2
2026-01-07,意甲,SSC Napoli,Hellas Verona FC,2,2
2026-01-07,意甲,Torino FC,Udinese Calcio,1,2
2026-01-07,意甲,SS Lazio,ACF Fiorentina,2,2
2026-01-07,意甲,Parma Calcio 1913,FC Internazionale Milano,0,2
2026-01-08,意甲,US Cremonese,Cagliari Calcio,2,2
2026-01-08,意甲,AC Milan,Genoa CFC,1,1
2026-01-10,意甲,Como 1907,Bologna FC 1909,1,1
2026-01-10,意甲,Udinese Calcio,AC Pisa 1909,2,2
2026-01-10,意甲,AS Roma,US Sassuolo Calcio,2,0
2026-01-10,意甲,Atalanta BC,Torino FC,2,0
2026-01-11,意甲,US Lecce,Parma Calcio 1913,1,2
2026-01-11,意甲,ACF Fiorentina,AC Milan,1,1
2026-01-11,意甲,Hellas Verona FC,SS Lazio,0,1
2026-01-11,意甲,FC Internazionale Milano,SSC Napoli,2,2
2026-01-12,意甲,Genoa CFC,Cagliari Calcio,3,0
2026-01-12,意甲,Juventus FC,US Cremonese,5,0
2026-01-14,意甲,SSC Napoli,Parma Calcio 1913,0,0
2026-01-14,意甲,FC Internazionale Milano,US Lecce,1,0
2026-01-15,意甲,Hellas Verona FC,Bologna FC 1909,2,3
2026-01-15,意甲,Como 1907,AC Milan,1,3
2026-01-16,意甲,AC Pisa 1909,Atalanta BC,1,1
2026-01-17,意甲,Udinese Calcio,FC Internazionale Milano,0,1
2026-01-17,意甲,SSC Napoli,US Sassuolo Calcio,1,0
2026-01-17,意甲,Cagliari Calcio,Juventus FC,1,0
2026-01-18,意甲,Parma Calcio 1913,Genoa CFC,0,0
2026-01-18,意甲,Bologna FC 1909,ACF Fiorentina,1,2
2026-01-18,意甲,Torino FC,AS Roma,0,2
2026-01-18,意甲,AC Milan,US Lecce,1,0
2026-01-19,意甲,US Cremonese,Hellas Verona FC,0,0
2026-01-19,意甲,SS Lazio,Como 1907,0,3
2026-01-23,意甲,FC Internazionale Milano,AC Pisa 1909,6,2
2026-01-24,意甲,Como 1907,Torino FC,6,0
2026-01-24,意甲,ACF Fiorentina,Cagliari Calcio,1,2
2026-01-24,意甲,US Lecce,SS Lazio,0,0
2026-01-25,意甲,US Sassuolo Calcio,US Cremonese,1,0
2026-01-25,意甲,Atalanta BC,Parma Calcio 1913,4,0
2026-01-25,意甲,Genoa CFC,Bologna FC 1909,3,2
2026-01-25,意甲,Juventus FC,SSC Napoli,3,0
2026-01-25,意甲,AS Roma,AC Milan,1,1
2026-01-26,意甲,Hellas Verona FC,Udinese Calcio,1,3
2026-01-30,意甲,SS Lazio,Genoa CFC,3,2
2026-01-31,意甲,AC Pisa 1909,US Sassuolo Calcio,1,3
2026-01-31,意甲,SSC Napoli,ACF Fiorentina,2,1
2026-01-31,意甲,Cagliari Calcio,Hellas Verona FC,4,0
2026-02-01,意甲,Torino FC,US Lecce,1,0
2026-02-01,意甲,Como 1907,Atalanta BC,0,0
2026-02-01,意甲,US Cremonese,FC Internazionale Milano,0,2
2026-02-01,意甲,Parma Calcio 1913,Juventus FC,1,4
2026-02-02,意甲,Udinese Calcio,AS Roma,1,0
2026-02-03,意甲,Bologna FC 1909,AC Milan,0,3
2026-02-06,意甲,Hellas Verona FC,AC Pisa 1909,0,0
2026-02-07,意甲,Genoa CFC,SSC Napoli,2,3
2026-02-07,意甲,ACF Fiorentina,Torino FC,2,2
2026-02-08,意甲,Bologna FC 1909,Parma Calcio 1913,0,1
2026-02-08,意甲,US Lecce,Udinese Calcio,2,1
2026-02-08,意甲,US Sassuolo Calcio,FC Internazionale Milano,0,5
2026-02-08,意甲,Juventus FC,SS Lazio,2,2
2026-02-09,意甲,Atalanta BC,US Cremonese,2,1
2026-02-09,意甲,AS Roma,Cagliari Calcio,2,0
2026-02-13,意甲,AC Pisa 1909,AC Milan,1,2
2026-02-14,意甲,Como 1907,ACF Fiorentina,1,2
2026-02-14,意甲,SS Lazio,Atalanta BC,0,2
2026-02-14,意甲,FC Internazionale Milano,Juventus FC,3,2
2026-02-15,意甲,Udinese Calcio,US Sassuolo Calcio,1,2
2026-02-15,意甲,Parma Calcio 1913,Hellas Verona FC,2,1
2026-02-15,意甲,US Cremonese,Genoa CFC,0,0
2026-02-15,意甲,Torino FC,Bologna FC 1909,1,2
2026-02-15,意甲,SSC Napoli,AS Roma,2,2
2026-02-16,意甲,Cagliari Calcio,US Lecce,0,2
2026-02-18,意甲,AC Milan,Como 1907,1,1
2026-02-20,意甲,US Sassuolo Calcio,Hellas Verona FC,3,0
2026-02-21,意甲,Juventus FC,Como 1907,0,2
2026-02-21,意甲,US Lecce,FC Internazionale Milano,0,2
2026-02-21,意甲,Cagliari Calcio,SS Lazio,0,0
2026-02-22,意甲,Genoa CFC,Torino FC,3,0
2026-02-22,意甲,Atalanta BC,SSC Napoli,2,1
2026-02-22,意甲,AC Milan,Parma Calcio 1913,0,1
2026-02-22,意甲,AS Roma,US Cremonese,3,0
2026-02-23,意甲,ACF Fiorentina,AC Pisa 1909,1,0
2026-02-23,意甲,Bologna FC 1909,Udinese Calcio,1,0
2026-02-27,意甲,Parma Calcio 1913,Cagliari Calcio,1,1
2026-02-28,意甲,Como 1907,US Lecce,3,1
2026-02-28,意甲,Hellas Verona FC,SSC Napoli,1,2
2026-02-28,意甲,FC Internazionale Milano,Genoa CFC,2,0
2026-03-01,意甲,US Cremonese,AC Milan,0,2
2026-03-01,意甲,US Sassuolo Calcio,Atalanta BC,2,1
2026-03-01,意甲,Torino FC,SS Lazio,2,0
2026-03-01,意甲,AS Roma,Juventus FC,3,3
2026-03-02,意甲,AC Pisa 1909,Bologna FC 1909,0,1
2026-03-02,意甲,Udinese Calcio,ACF Fiorentina,3,0
2026-03-06,意甲,SSC Napoli,Torino FC,2,1
2026-03-07,意甲,Cagliari Calcio,Como 1907,1,2
2026-03-07,意甲,Atalanta BC,Udinese Calcio,2,2
2026-03-07,意甲,Juventus FC,AC Pisa 1909,4,0
2026-03-08,意甲,US Lecce,US Cremonese,2,1
2026-03-08,意甲,Bologna FC 1909,Hellas Verona FC,1,2
2026-03-08,意甲,ACF Fiorentina,Parma Calcio 1913,0,0
2026-03-08,意甲,Genoa CFC,AS Roma,2,1
2026-03-08,意甲,AC Milan,FC Internazionale Milano,1,0
2026-03-09,意甲,SS Lazio,US Sassuolo Calcio,2,1
2026-03-13,意甲,Torino FC,Parma Calcio 1913,4,1
2026-03-14,意甲,FC Internazionale Milano,Atalanta BC,1,1
2026-03-14,意甲,SSC Napoli,US Lecce,2,1
2026-03-14,意甲,Udinese Calcio,Juventus FC,0,1
2026-03-15,意甲,Hellas Verona FC,Genoa CFC,0,2
2026-03-15,意甲,AC Pisa 1909,Cagliari Calcio,3,1
2026-03-15,意甲,US Sassuolo Calcio,Bologna FC 1909,0,1
2026-03-15,意甲,Como 1907,AS Roma,2,1
2026-03-15,意甲,SS Lazio,AC Milan,1,0
2026-03-16,意甲,US Cremonese,ACF Fiorentina,1,4
2026-03-20,意甲,Cagliari Calcio,SSC Napoli,0,1
2026-03-20,意甲,Genoa CFC,Udinese Calcio,0,2
2026-03-21,意甲,Parma Calcio 1913,US Cremonese,0,2
2026-03-21,意甲,AC Milan,Torino FC,3,2
2026-03-21,意甲,Juventus FC,US Sassuolo Calcio,1,1
2026-03-22,意甲,Como 1907,AC Pisa 1909,5,0
2026-03-22,意甲,Atalanta BC,Hellas Verona FC,1,0
2026-03-22,意甲,Bologna FC 1909,SS Lazio,0,2
2026-03-22,意甲,AS Roma,US Lecce,1,0
2026-03-22,意甲,ACF Fiorentina,FC Internazionale Milano,1,1
2026-04-04,意甲,US Sassuolo Calcio,Cagliari Calcio,2,1
2026-04-04,意甲,Hellas Verona FC,ACF Fiorentina,0,1
2026-04-04,意甲,SS Lazio,Parma Calcio 1913,1,1
2026-04-05,意甲,US Cremonese,Bologna FC 1909,1,2
2026-04-05,意甲,AC Pisa 1909,Torino FC,0,1
2026-04-05,意甲,FC Internazionale Milano,AS Roma,5,2
2026-04-06,意甲,Udinese Calcio,Como 1907,0,0
2026-04-06,意甲,US Lecce,Atalanta BC,0,3
2026-04-06,意甲,Juventus FC,Genoa CFC,2,0
2026-04-06,意甲,SSC Napoli,AC Milan,1,0
2026-04-10,意甲,AS Roma,AC Pisa 1909,3,0
2026-04-11,意甲,Cagliari Calcio,US Cremonese,1,0
2026-04-11,意甲,Torino FC,Hellas Verona FC,2,1
2026-04-11,意甲,AC Milan,Udinese Calcio,0,3
2026-04-11,意甲,Atalanta BC,Juventus FC,0,1
2026-04-12,意甲,Genoa CFC,US Sassuolo Calcio,2,1
2026-04-12,意甲,Parma Calcio 1913,SSC Napoli,1,1
2026-04-12,意甲,Bologna FC 1909,US Lecce,2,0
2026-04-12,意甲,Como 1907,FC Internazionale Milano,3,4
2026-04-13,意甲,ACF Fiorentina,SS Lazio,1,0
2026-04-17,意甲,US Sassuolo Calcio,Como 1907,2,1
2026-04-17,意甲,FC Internazionale Milano,Cagliari Calcio,3,0
2026-04-18,意甲,Udinese Calcio,Parma Calcio 1913,0,1
2026-04-18,意甲,SSC Napoli,SS Lazio,0,2
2026-04-18,意甲,AS Roma,Atalanta BC,1,1
2026-04-19,意甲,US Cremonese,Torino FC,0,0
2026-04-19,意甲,Hellas Verona FC,AC Milan,0,1
2026-04-19,意甲,AC Pisa 1909,Genoa CFC,1,2
2026-04-19,意甲,Juventus FC,Bologna FC 1909,2,0
2026-04-20,意甲,US Lecce,ACF Fiorentina,1,1
2026-04-24,意甲,SSC Napoli,US Cremonese,4,0
2026-04-25,意甲,Parma Calcio 1913,AC Pisa 1909,1,0
2026-04-25,意甲,Bologna FC 1909,AS Roma,0,2
2026-04-25,意甲,Hellas Verona FC,US Lecce,0,0
2026-04-26,意甲,ACF Fiorentina,US Sassuolo Calcio,0,0
2026-04-26,意甲,Genoa CFC,Como 1907,0,2
2026-04-26,意甲,Torino FC,FC Internazionale Milano,2,2
2026-04-26,意甲,AC Milan,Juventus FC,0,0
2026-04-27,意甲,Cagliari Calcio,Atalanta BC,3,2
2026-04-27,意甲,SS Lazio,Udinese Calcio,3,3
2026-05-01,意甲,AC Pisa 1909,US Lecce,1,2
2026-05-02,意甲,Udinese Calcio,Torino FC,2,0
2026-05-02,意甲,Como 1907,SSC Napoli,0,0
2026-05-02,意甲,Atalanta BC,Genoa CFC,0,0
2026-05-03,意甲,Bologna FC 1909,Cagliari Calcio,0,0
2026-05-03,意甲,US Sassuolo Calcio,AC Milan,2,0
2026-05-03,意甲,Juventus FC,Hellas Verona FC,1,1
2026-05-03,意甲,FC Internazionale Milano,Parma Calcio 1913,2,0
2026-05-04,意甲,US Cremonese,SS Lazio,1,2
2026-05-04,意甲,AS Roma,ACF Fiorentina,4,0
2026-05-08,意甲,Torino FC,US Sassuolo Calcio,2,1
2026-05-09,意甲,Cagliari Calcio,Udinese Calcio,0,2
2026-05-09,意甲,SS Lazio,FC Internazionale Milano,0,3
2026-05-09,意甲,US Lecce,Juventus FC,0,1
2026-05-10,意甲,Hellas Verona FC,Como 1907,0,1
2026-05-10,意甲,ACF Fiorentina,Genoa CFC,0,0
2026-05-10,意甲,US Cremonese,AC Pisa 1909,3,0
2026-05-10,意甲,Parma Calcio 1913,AS Roma,2,3
2026-05-10,意甲,AC Milan,Atalanta BC,2,3
2026-05-11,意甲,SSC Napoli,Bologna FC 1909,2,3
2026-05-17,意甲,AS Roma,SS Lazio,2,0
2026-05-17,意甲,Genoa CFC,AC Milan,1,2
2026-05-17,意甲,Como 1907,Parma Calcio 1913,1,0
2026-05-17,意甲,Juventus FC,ACF Fiorentina,0,2
2026-05-17,意甲,AC Pisa 1909,SSC Napoli,0,3
2026-05-17,意甲,FC Internazionale Milano,Hellas Verona FC,1,1
2026-05-17,意甲,Atalanta BC,Bologna FC 1909,0,1
2026-05-17,意甲,Cagliari Calcio,Torino FC,2,1
2026-05-17,意甲,US Sassuolo Calcio,US Lecce,2,3
2026-05-17,意甲,Udinese Calcio,US Cremonese,0,1
2026-05-22,意甲,ACF Fiorentina,Atalanta BC,1,1
2026-05-23,意甲,Bologna FC 1909,FC Internazionale Milano,3,3
2026-05-23,意甲,SS Lazio,AC Pisa 1909,2,1
2026-05-24,意甲,Parma Calcio 1913,US Sassuolo Calcio,1,0
2026-05-24,意甲,SSC Napoli,Udinese Calcio,1,0
2026-05-24,意甲,AC Milan,Cagliari Calcio,1,2
2026-05-24,意甲,Hellas Verona FC,AS Roma,0,2
2026-05-24,意甲,US Cremonese,Como 1907,1,4
2026-05-24,意甲,US Lecce,Genoa CFC,1,0
2026-05-24,意甲,Torino FC,Juventus FC,2,2
2023-08-11,法甲,OGC Nice,Lille OSC,1,1
2023-08-12,法甲,Olympique de Marseille,Stade de Reims,2,1
2023-08-12,法甲,Paris Saint-Germain FC,FC Lorient,0,0
2023-08-13,法甲,Stade Brestois 29,Racing Club de Lens,3,2
2023-08-13,法甲,Clermont Foot 63,AS Monaco FC,2,4
2023-08-13,法甲,FC Nantes,Toulouse FC,1,2
2023-08-13,法甲,Montpellier HSC,Le Havre AC,2,2
2023-08-13,法甲,Stade Rennais FC 1901,FC Metz,5,1
2023-08-13,法甲,RC Strasbourg Alsace,Olympique Lyonnais,2,1
2023-08-18,法甲,FC Metz,Olympique de Marseille,2,2
2023-08-19,法甲,Olympique Lyonnais,Montpellier HSC,1,4
2023-08-19,法甲,Toulouse FC,Paris Saint-Germain FC,1,1
2023-08-20,法甲,Lille OSC,FC Nantes,2,0
2023-08-20,法甲,Le Havre AC,Stade Brestois 29,1,2
2023-08-20,法甲,FC Lorient,OGC Nice,1,1
2023-08-20,法甲,Stade de Reims,Clermont Foot 63,2,0
2023-08-20,法甲,AS Monaco FC,RC Strasbourg Alsace,3,0
2023-08-20,法甲,Racing Club de Lens,Stade Rennais FC 1901,1,1
2023-08-25,法甲,FC Nantes,AS Monaco FC,3,3
2023-08-26,法甲,Olympique de Marseille,Stade Brestois 29,2,0
2023-08-26,法甲,Paris Saint-Germain FC,Racing Club de Lens,3,1
2023-08-27,法甲,Stade Rennais FC 1901,Le Havre AC,2,2
2023-08-27,法甲,Clermont Foot 63,FC Metz,0,1
2023-08-27,法甲,Montpellier HSC,Stade de Reims,1,3
2023-08-27,法甲,RC Strasbourg Alsace,Toulouse FC,2,0
2023-08-27,法甲,FC Lorient,Lille OSC,4,1
2023-08-27,法甲,OGC Nice,Olympique Lyonnais,0,0
2023-09-01,法甲,FC Nantes,Olympique de Marseille,1,1
2023-09-02,法甲,Stade Brestois 29,Stade Rennais FC 1901,0,0
2023-09-02,法甲,AS Monaco FC,Racing Club de Lens,3,0
2023-09-03,法甲,Toulouse FC,Clermont Foot 63,2,2
2023-09-03,法甲,Le Havre AC,FC Lorient,3,0
2023-09-03,法甲,FC Metz,Stade de Reims,2,2
2023-09-03,法甲,Lille OSC,Montpellier HSC,1,0
2023-09-03,法甲,OGC Nice,RC Strasbourg Alsace,2,0
2023-09-03,法甲,Olympique Lyonnais,Paris Saint-Germain FC,1,4
2023-09-15,法甲,Paris Saint-Germain FC,OGC Nice,2,3
2023-09-16,法甲,Stade Rennais FC 1901,Lille OSC,2,2
2023-09-16,法甲,Racing Club de Lens,FC Metz,0,1
2023-09-17,法甲,FC Lorient,AS Monaco FC,2,2
2023-09-17,法甲,Clermont Foot 63,FC Nantes,0,1
2023-09-17,法甲,RC Strasbourg Alsace,Montpellier HSC,2,2
2023-09-17,法甲,Stade de Reims,Stade Brestois 29,1,2
2023-09-17,法甲,Olympique de Marseille,Toulouse FC,0,0
2023-09-17,法甲,Olympique Lyonnais,Le Havre AC,0,0
2023-09-22,法甲,AS Monaco FC,OGC Nice,0,1
2023-09-23,法甲,FC Nantes,FC Lorient,5,3
2023-09-23,法甲,Stade Brestois 29,Olympique Lyonnais,1,0
2023-09-24,法甲,FC Metz,RC Strasbourg Alsace,0,1
2023-09-24,法甲,Le Havre AC,Clermont Foot 63,2,1
2023-09-24,法甲,Racing Club de Lens,Toulouse FC,2,1
2023-09-24,法甲,Montpellier HSC,Stade Rennais FC 1901,0,0
2023-09-24,法甲,Paris Saint-Germain FC,Olympique de Marseille,4,0
2023-09-26,法甲,Lille OSC,Stade de Reims,1,2
2023-09-29,法甲,RC Strasbourg Alsace,Racing Club de Lens,0,1
2023-09-30,法甲,Clermont Foot 63,Paris Saint-Germain FC,0,0
2023-09-30,法甲,AS Monaco FC,Olympique de Marseille,3,2
2023-10-01,法甲,Stade de Reims,Olympique Lyonnais,2,0
2023-10-01,法甲,Le Havre AC,Lille OSC,0,2
2023-10-01,法甲,Toulouse FC,FC Metz,3,0
2023-10-01,法甲,OGC Nice,Stade Brestois 29,0,0
2023-10-01,法甲,FC Lorient,Montpellier HSC,0,3
2023-10-01,法甲,Stade Rennais FC 1901,FC Nantes,3,1
2023-10-06,法甲,RC Strasbourg Alsace,FC Nantes,1,2
2023-10-07,法甲,FC Metz,OGC Nice,0,1
2023-10-07,法甲,Stade de Reims,AS Monaco FC,1,3
2023-10-08,法甲,Olympique de Marseille,Le Havre AC,3,0
2023-10-08,法甲,Olympique Lyonnais,FC Lorient,3,3
2023-10-08,法甲,Stade Brestois 29,Toulouse FC,1,1
2023-10-08,法甲,Racing Club de Lens,Lille OSC,1,1
2023-10-08,法甲,Stade Rennais FC 1901,Paris Saint-Germain FC,1,3
2023-10-20,法甲,Le Havre AC,Racing Club de Lens,0,0
2023-10-21,法甲,Paris Saint-Germain FC,RC Strasbourg Alsace,3,0
2023-10-21,法甲,OGC Nice,Olympique de Marseille,1,0
2023-10-22,法甲,FC Lorient,Stade Rennais FC 1901,2,1
2023-10-22,法甲,FC Nantes,Montpellier HSC,2,0
2023-10-22,法甲,Toulouse FC,Stade de Reims,1,1
2023-10-22,法甲,Lille OSC,Stade Brestois 29,1,0
2023-10-22,法甲,AS Monaco FC,FC Metz,2,1
2023-10-22,法甲,Olympique Lyonnais,Clermont Foot 63,1,2
2023-10-27,法甲,Clermont Foot 63,OGC Nice,0,1
2023-10-28,法甲,Stade de Reims,FC Lorient,1,0
2023-10-28,法甲,Racing Club de Lens,FC Nantes,4,0
2023-10-29,法甲,Stade Brestois 29,Paris Saint-Germain FC,2,3
2023-10-29,法甲,FC Metz,Le Havre AC,0,0
2023-10-29,法甲,Montpellier HSC,Toulouse FC,3,0
2023-10-29,法甲,Lille OSC,AS Monaco FC,2,0
2023-10-29,法甲,Stade Rennais FC 1901,RC Strasbourg Alsace,1,1
2023-11-03,法甲,Paris Saint-Germain FC,Montpellier HSC,3,0
2023-11-04,法甲,FC Lorient,Racing Club de Lens,0,0
2023-11-04,法甲,Olympique de Marseille,Lille OSC,0,0
2023-11-05,法甲,Olympique Lyonnais,FC Metz,1,1
2023-11-05,法甲,FC Nantes,Stade de Reims,0,1
2023-11-05,法甲,Toulouse FC,Le Havre AC,1,2
2023-11-05,法甲,RC Strasbourg Alsace,Clermont Foot 63,0,0
2023-11-05,法甲,AS Monaco FC,Stade Brestois 29,2,0
2023-11-05,法甲,OGC Nice,Stade Rennais FC 1901,2,0
2023-11-10,法甲,Montpellier HSC,OGC Nice,0,0
2023-11-11,法甲,Stade de Reims,Paris Saint-Germain FC,0,3
2023-11-11,法甲,Le Havre AC,AS Monaco FC,0,0
2023-11-12,法甲,Clermont Foot 63,FC Lorient,1,0
2023-11-12,法甲,FC Metz,FC Nantes,3,1
2023-11-12,法甲,Lille OSC,Toulouse FC,1,1
2023-11-12,法甲,Stade Rennais FC 1901,Olympique Lyonnais,0,1
2023-11-12,法甲,Racing Club de Lens,Olympique de Marseille,1,0
2023-11-24,法甲,Paris Saint-Germain FC,AS Monaco FC,5,2
2023-11-25,法甲,Clermont Foot 63,Racing Club de Lens,0,3
2023-11-25,法甲,RC Strasbourg Alsace,Olympique de Marseille,1,1
2023-11-26,法甲,OGC Nice,Toulouse FC,1,0
2023-11-26,法甲,FC Lorient,FC Metz,2,3
2023-11-26,法甲,FC Nantes,Le Havre AC,0,0
2023-11-26,法甲,Montpellier HSC,Stade Brestois 29,1,3
2023-11-26,法甲,Stade Rennais FC 1901,Stade de Reims,3,1
2023-11-26,法甲,Olympique Lyonnais,Lille OSC,0,2
2023-11-29,法甲,Montpellier HSC,Clermont Foot 63,1,1
2023-12-01,法甲,Stade de Reims,RC Strasbourg Alsace,2,1
2023-12-02,法甲,Racing Club de Lens,Olympique Lyonnais,3,2
2023-12-02,法甲,FC Nantes,OGC Nice,1,0
2023-12-03,法甲,Le Havre AC,Paris Saint-Germain FC,0,2
2023-12-03,法甲,AS Monaco FC,Montpellier HSC,2,0
2023-12-03,法甲,Toulouse FC,FC Lorient,1,1
2023-12-03,法甲,Stade Brestois 29,Clermont Foot 63,3,0
2023-12-03,法甲,Lille OSC,FC Metz,2,0
2023-12-03,法甲,Olympique de Marseille,Stade Rennais FC 1901,2,0
2023-12-06,法甲,Olympique de Marseille,Olympique Lyonnais,3,0
2023-12-07,法甲,Stade Brestois 29,RC Strasbourg Alsace,1,1
2023-12-08,法甲,Montpellier HSC,Racing Club de Lens,0,0
2023-12-09,法甲,Stade Rennais FC 1901,AS Monaco FC,1,2
2023-12-09,法甲,Paris Saint-Germain FC,FC Nantes,2,1
2023-12-10,法甲,OGC Nice,Stade de Reims,2,1
2023-12-10,法甲,Clermont Foot 63,Lille OSC,0,0
2023-12-10,法甲,FC Metz,Stade Brestois 29,0,1
2023-12-10,法甲,RC Strasbourg Alsace,Le Havre AC,2,1
2023-12-10,法甲,Olympique Lyonnais,Toulouse FC,3,0
2023-12-10,法甲,FC Lorient,Olympique de Marseille,2,4
2023-12-15,法甲,AS Monaco FC,Olympique Lyonnais,0,1
2023-12-16,法甲,Le Havre AC,OGC Nice,3,1
2023-12-16,法甲,Racing Club de Lens,Stade de Reims,2,0
2023-12-17,法甲,FC Nantes,Stade Brestois 29,0,2
2023-12-17,法甲,FC Lorient,RC Strasbourg Alsace,1,2
2023-12-17,法甲,FC Metz,Montpellier HSC,0,1
2023-12-17,法甲,Toulouse FC,Stade Rennais FC 1901,0,0
2023-12-17,法甲,Olympique de Marseille,Clermont Foot 63,2,1
2023-12-17,法甲,Lille OSC,Paris Saint-Germain FC,1,1
2023-12-20,法甲,Clermont Foot 63,Stade Rennais FC 1901,1,3
2023-12-20,法甲,Toulouse FC,AS Monaco FC,1,2
2023-12-20,法甲,Montpellier HSC,Olympique de Marseille,1,1
2023-12-20,法甲,OGC Nice,Racing Club de Lens,2,0
2023-12-20,法甲,Olympique Lyonnais,FC Nantes,1,0
2023-12-20,法甲,Paris Saint-Germain FC,FC Metz,3,1
2023-12-20,法甲,RC Strasbourg Alsace,Lille OSC,2,1
2023-12-20,法甲,Stade Brestois 29,FC Lorient,4,0
2023-12-20,法甲,Stade de Reims,Le Havre AC,1,0
2024-01-12,法甲,Olympique de Marseille,RC Strasbourg Alsace,1,1
2024-01-13,法甲,AS Monaco FC,Stade de Reims,1,3
2024-01-13,法甲,Stade Rennais FC 1901,OGC Nice,2,0
2024-01-14,法甲,Lille OSC,FC Lorient,3,0
2024-01-14,法甲,FC Metz,Toulouse FC,0,1
2024-01-14,法甲,FC Nantes,Clermont Foot 63,1,2
2024-01-14,法甲,Stade Brestois 29,Montpellier HSC,2,0
2024-01-14,法甲,Le Havre AC,Olympique Lyonnais,3,1
2024-01-14,法甲,Racing Club de Lens,Paris Saint-Germain FC,0,2
2024-01-26,法甲,Olympique Lyonnais,Stade Rennais FC 1901,2,3
2024-01-27,法甲,OGC Nice,FC Metz,1,0
2024-01-27,法甲,Olympique de Marseille,AS Monaco FC,2,2
2024-01-28,法甲,Montpellier HSC,Lille OSC,0,0
2024-01-28,法甲,Clermont Foot 63,RC Strasbourg Alsace,1,1
2024-01-28,法甲,FC Lorient,Le Havre AC,3,3
2024-01-28,法甲,Stade de Reims,FC Nantes,0,0
2024-01-28,法甲,Toulouse FC,Racing Club de Lens,0,2
2024-01-28,法甲,Paris Saint-Germain FC,Stade Brestois 29,2,2
2024-02-02,法甲,RC Strasbourg Alsace,Paris Saint-Germain FC,1,2
2024-02-03,法甲,Stade Rennais FC 1901,Montpellier HSC,2,1
2024-02-03,法甲,FC Nantes,Racing Club de Lens,0,1
2024-02-04,法甲,AS Monaco FC,Le Havre AC,1,1
2024-02-04,法甲,Lille OSC,Clermont Foot 63,4,0
2024-02-04,法甲,Stade de Reims,Toulouse FC,2,3
2024-02-04,法甲,FC Metz,FC Lorient,1,2
2024-02-04,法甲,Stade Brestois 29,OGC Nice,0,0
2024-02-04,法甲,Olympique Lyonnais,Olympique de Marseille,1,0
2024-02-09,法甲,Olympique de Marseille,FC Metz,1,1
2024-02-10,法甲,Racing Club de Lens,RC Strasbourg Alsace,3,1
2024-02-10,法甲,Paris Saint-Germain FC,Lille OSC,3,1
2024-02-11,法甲,Le Havre AC,Stade Rennais FC 1901,0,1
2024-02-11,法甲,Clermont Foot 63,Stade Brestois 29,1,1
2024-02-11,法甲,FC Lorient,Stade de Reims,2,0
2024-02-11,法甲,Toulouse FC,FC Nantes,1,2
2024-02-11,法甲,Montpellier HSC,Olympique Lyonnais,1,2
2024-02-11,法甲,OGC Nice,AS Monaco FC,2,3
2024-02-16,法甲,Olympique Lyonnais,OGC Nice,1,0
2024-02-17,法甲,Lille OSC,Le Havre AC,3,0
2024-02-17,法甲,FC Nantes,Paris Saint-Germain FC,0,2
2024-02-18,法甲,RC Strasbourg Alsace,FC Lorient,1,3
2024-02-18,法甲,AS Monaco FC,Toulouse FC,1,2
2024-02-18,法甲,Montpellier HSC,FC Metz,3,0
2024-02-18,法甲,Stade Rennais FC 1901,Clermont Foot 63,3,1
2024-02-18,法甲,Stade de Reims,Racing Club de Lens,1,1
2024-02-18,法甲,Stade Brestois 29,Olympique de Marseille,1,0
2024-02-23,法甲,FC Metz,Olympique Lyonnais,1,2
2024-02-24,法甲,FC Lorient,FC Nantes,0,1
2024-02-24,法甲,RC Strasbourg Alsace,Stade Brestois 29,0,3
2024-02-25,法甲,Racing Club de Lens,AS Monaco FC,2,3
2024-02-25,法甲,Le Havre AC,Stade de Reims,1,2
2024-02-25,法甲,Toulouse FC,Lille OSC,3,1
2024-02-25,法甲,OGC Nice,Clermont Foot 63,0,0
2024-02-25,法甲,Paris Saint-Germain FC,Stade Rennais FC 1901,1,1
2024-02-25,法甲,Olympique de Marseille,Montpellier HSC,4,1
2024-03-01,法甲,AS Monaco FC,Paris Saint-Germain FC,0,0
2024-03-02,法甲,Stade de Reims,Lille OSC,0,1
2024-03-02,法甲,Clermont Foot 63,Olympique de Marseille,1,5
2024-03-03,法甲,Toulouse FC,OGC Nice,2,1
2024-03-03,法甲,FC Nantes,FC Metz,0,2
2024-03-03,法甲,Montpellier HSC,RC Strasbourg Alsace,2,2
2024-03-03,法甲,Stade Brestois 29,Le Havre AC,1,0
2024-03-03,法甲,Stade Rennais FC 1901,FC Lorient,1,2
2024-03-03,法甲,Olympique Lyonnais,Racing Club de Lens,0,3
2024-03-08,法甲,OGC Nice,Montpellier HSC,1,2
2024-03-09,法甲,FC Lorient,Olympique Lyonnais,0,2
2024-03-09,法甲,Racing Club de Lens,Stade Brestois 29,1,0
2024-03-10,法甲,Paris Saint-Germain FC,Stade de Reims,2,2
2024-03-10,法甲,Le Havre AC,Toulouse FC,1,0
2024-03-10,法甲,FC Metz,Clermont Foot 63,1,0
2024-03-10,法甲,RC Strasbourg Alsace,AS Monaco FC,0,1
2024-03-10,法甲,Lille OSC,Stade Rennais FC 1901,2,2
2024-03-10,法甲,Olympique de Marseille,FC Nantes,2,0
2024-03-15,法甲,Toulouse FC,Olympique Lyonnais,2,3
2024-03-16,法甲,FC Nantes,RC Strasbourg Alsace,1,3
2024-03-16,法甲,Racing Club de Lens,OGC Nice,1,3
2024-03-17,法甲,Stade Brestois 29,Lille OSC,1,1
2024-03-17,法甲,AS Monaco FC,FC Lorient,2,2
2024-03-17,法甲,Clermont Foot 63,Le Havre AC,2,1
2024-03-17,法甲,Stade de Reims,FC Metz,2,1
2024-03-17,法甲,Stade Rennais FC 1901,Olympique de Marseille,2,0
2024-03-17,法甲,Montpellier HSC,Paris Saint-Germain FC,2,6
2024-03-29,法甲,Lille OSC,Racing Club de Lens,2,1
2024-03-30,法甲,FC Metz,AS Monaco FC,2,5
2024-03-30,法甲,Olympique Lyonnais,Stade de Reims,1,1
2024-03-31,法甲,FC Lorient,Stade Brestois 29,0,1
2024-03-31,法甲,Le Havre AC,Montpellier HSC,0,2
2024-03-31,法甲,Clermont Foot 63,Toulouse FC,0,3
2024-03-31,法甲,OGC Nice,FC Nantes,1,2
2024-03-31,法甲,RC Strasbourg Alsace,Stade Rennais FC 1901,2,0
2024-03-31,法甲,Olympique de Marseille,Paris Saint-Germain FC,0,2
2024-04-05,法甲,Lille OSC,Olympique de Marseille,3,1
2024-04-06,法甲,Racing Club de Lens,Le Havre AC,1,1
2024-04-06,法甲,Paris Saint-Germain FC,Clermont Foot 63,1,1
2024-04-07,法甲,Stade Brestois 29,FC Metz,4,3
2024-04-07,法甲,Toulouse FC,RC Strasbourg Alsace,0,0
2024-04-07,法甲,Montpellier HSC,FC Lorient,2,0
2024-04-07,法甲,Stade de Reims,OGC Nice,0,0
2024-04-07,法甲,AS Monaco FC,Stade Rennais FC 1901,1,0
2024-04-07,法甲,FC Nantes,Olympique Lyonnais,1,3
2024-04-12,法甲,FC Metz,Racing Club de Lens,2,1
2024-04-13,法甲,RC Strasbourg Alsace,Stade de Reims,3,1
2024-04-13,法甲,Stade Rennais FC 1901,Toulouse FC,1,2
2024-04-14,法甲,Le Havre AC,FC Nantes,0,1
2024-04-14,法甲,Clermont Foot 63,Montpellier HSC,1,1
2024-04-14,法甲,Olympique Lyonnais,Stade Brestois 29,4,3
2024-04-19,法甲,OGC Nice,FC Lorient,3,0
2024-04-20,法甲,FC Nantes,Stade Rennais FC 1901,0,3
2024-04-20,法甲,Racing Club de Lens,Clermont Foot 63,1,0
2024-04-21,法甲,Le Havre AC,FC Metz,0,1
2024-04-21,法甲,Lille OSC,RC Strasbourg Alsace,1,0
2024-04-21,法甲,Stade de Reims,Montpellier HSC,1,2
2024-04-21,法甲,Stade Brestois 29,AS Monaco FC,0,2
2024-04-21,法甲,Toulouse FC,Olympique de Marseille,2,2
2024-04-21,法甲,Paris Saint-Germain FC,Olympique Lyonnais,4,1
2024-04-24,法甲,FC Lorient,Paris Saint-Germain FC,1,4
2024-04-24,法甲,AS Monaco FC,Lille OSC,1,0
2024-04-24,法甲,Olympique de Marseille,OGC Nice,2,2
2024-04-26,法甲,Montpellier HSC,FC Nantes,1,1
2024-04-27,法甲,Paris Saint-Germain FC,Le Havre AC,3,3
2024-04-28,法甲,FC Metz,Lille OSC,1,2
2024-04-28,法甲,Clermont Foot 63,Stade de Reims,4,1
2024-04-28,法甲,FC Lorient,Toulouse FC,1,2
2024-04-28,法甲,RC Strasbourg Alsace,OGC Nice,1,3
2024-04-28,法甲,Stade Rennais FC 1901,Stade Brestois 29,4,5
2024-04-28,法甲,Olympique Lyonnais,AS Monaco FC,3,2
2024-04-28,法甲,Olympique de Marseille,Racing Club de Lens,2,1
2024-05-03,法甲,Toulouse FC,Montpellier HSC,1,2
2024-05-03,法甲,Racing Club de Lens,FC Lorient,2,0
2024-05-04,法甲,Le Havre AC,RC Strasbourg Alsace,3,1
2024-05-04,法甲,AS Monaco FC,Clermont Foot 63,4,1
2024-05-04,法甲,FC Metz,Stade Rennais FC 1901,2,3
2024-05-04,法甲,Stade Brestois 29,FC Nantes,0,0
2024-05-06,法甲,Lille OSC,Olympique Lyonnais,3,4
2024-05-10,法甲,OGC Nice,Le Havre AC,1,0
2024-05-10,法甲,Stade Brestois 29,Stade de Reims,1,1
2024-05-12,法甲,Clermont Foot 63,Olympique Lyonnais,0,1
2024-05-12,法甲,FC Nantes,Lille OSC,1,2
2024-05-12,法甲,Montpellier HSC,AS Monaco FC,0,2
2024-05-12,法甲,Olympique de Marseille,FC Lorient,3,1
2024-05-12,法甲,Paris Saint-Germain FC,Toulouse FC,1,3
2024-05-12,法甲,RC Strasbourg Alsace,FC Metz,2,1
2024-05-12,法甲,Stade Rennais FC 1901,Racing Club de Lens,1,1
2024-05-15,法甲,OGC Nice,Paris Saint-Germain FC,1,2
2024-05-15,法甲,Stade de Reims,Olympique de Marseille,1,0
2024-05-19,法甲,Le Havre AC,Olympique de Marseille,1,2
2024-05-19,法甲,AS Monaco FC,FC Nantes,4,0
2024-05-19,法甲,FC Lorient,Clermont Foot 63,5,0
2024-05-19,法甲,FC Metz,Paris Saint-Germain FC,0,2
2024-05-19,法甲,Toulouse FC,Stade Brestois 29,0,3
2024-05-19,法甲,Olympique Lyonnais,RC Strasbourg Alsace,2,1
2024-05-19,法甲,Lille OSC,OGC Nice,2,2
2024-05-19,法甲,Racing Club de Lens,Montpellier HSC,2,2
2024-05-19,法甲,Stade de Reims,Stade Rennais FC 1901,2,1
2024-08-16,法甲,Le Havre AC,Paris Saint-Germain FC,1,4
2024-08-17,法甲,Stade Brestois 29,Olympique de Marseille,1,5
2024-08-17,法甲,Stade de Reims,Lille OSC,0,2
2024-08-17,法甲,AS Monaco FC,AS Saint-Étienne,1,0
2024-08-18,法甲,AJ Auxerre,OGC Nice,2,1
2024-08-18,法甲,Montpellier HSC,RC Strasbourg Alsace,1,1
2024-08-18,法甲,Toulouse FC,FC Nantes,0,0
2024-08-18,法甲,Angers SCO,Racing Club de Lens,0,1
2024-08-18,法甲,Stade Rennais FC 1901,Olympique Lyonnais,3,0
2024-08-23,法甲,Paris Saint-Germain FC,Montpellier HSC,6,0
2024-08-24,法甲,Olympique Lyonnais,AS Monaco FC,0,2
2024-08-24,法甲,Lille OSC,Angers SCO,2,0
2024-08-24,法甲,AS Saint-Étienne,Le Havre AC,0,2
2024-08-25,法甲,Racing Club de Lens,Stade Brestois 29,2,0
2024-08-25,法甲,RC Strasbourg Alsace,Stade Rennais FC 1901,3,1
2024-08-25,法甲,FC Nantes,AJ Auxerre,2,0
2024-08-25,法甲,OGC Nice,Toulouse FC,1,1
2024-08-25,法甲,Olympique de Marseille,Stade de Reims,2,2
2024-08-30,法甲,Olympique Lyonnais,RC Strasbourg Alsace,4,3
2024-08-31,法甲,Stade Brestois 29,AS Saint-Étienne,4,0
2024-08-31,法甲,Montpellier HSC,FC Nantes,1,3
2024-08-31,法甲,Toulouse FC,Olympique de Marseille,1,3
2024-09-01,法甲,AS Monaco FC,Racing Club de Lens,1,1
2024-09-01,法甲,Angers SCO,OGC Nice,1,4
2024-09-01,法甲,Le Havre AC,AJ Auxerre,3,1
2024-09-01,法甲,Stade de Reims,Stade Rennais FC 1901,2,1
2024-09-01,法甲,Lille OSC,Paris Saint-Germain FC,1,3
2024-09-13,法甲,AS Saint-Étienne,Lille OSC,1,0
2024-09-14,法甲,Olympique de Marseille,OGC Nice,2,0
2024-09-14,法甲,AJ Auxerre,AS Monaco FC,0,3
2024-09-14,法甲,Paris Saint-Germain FC,Stade Brestois 29,3,1
2024-09-15,法甲,Stade Rennais FC 1901,Montpellier HSC,3,0
2024-09-15,法甲,FC Nantes,Stade de Reims,1,2
2024-09-15,法甲,Toulouse FC,Le Havre AC,2,0
2024-09-15,法甲,RC Strasbourg Alsace,Angers SCO,1,1
2024-09-15,法甲,Racing Club de Lens,Olympique Lyonnais,0,0
2024-09-20,法甲,OGC Nice,AS Saint-Étienne,8,0
2024-09-21,法甲,Lille OSC,RC Strasbourg Alsace,3,3
2024-09-21,法甲,Stade Rennais FC 1901,Racing Club de Lens,1,1
2024-09-21,法甲,Stade de Reims,Paris Saint-Germain FC,1,1
2024-09-22,法甲,AS Monaco FC,Le Havre AC,3,1
2024-09-22,法甲,Stade Brestois 29,Toulouse FC,2,0
2024-09-22,法甲,Angers SCO,FC Nantes,1,1
2024-09-22,法甲,Montpellier HSC,AJ Auxerre,3,2
2024-09-22,法甲,Olympique Lyonnais,Olympique de Marseille,2,3
2024-09-27,法甲,AJ Auxerre,Stade Brestois 29,3,0
2024-09-27,法甲,Paris Saint-Germain FC,Stade Rennais FC 1901,3,1
2024-09-28,法甲,Racing Club de Lens,OGC Nice,0,0
2024-09-28,法甲,Le Havre AC,Lille OSC,0,3
2024-09-28,法甲,AS Monaco FC,Montpellier HSC,2,1
2024-09-29,法甲,Toulouse FC,Olympique Lyonnais,1,2
2024-09-29,法甲,FC Nantes,AS Saint-Étienne,2,2
2024-09-29,法甲,Angers SCO,Stade de Reims,1,3
2024-09-29,法甲,RC Strasbourg Alsace,Olympique de Marseille,1,0
2024-10-04,法甲,Olympique de Marseille,Angers SCO,1,1
2024-10-05,法甲,AS Saint-Étienne,AJ Auxerre,3,1
2024-10-05,法甲,Lille OSC,Toulouse FC,2,1
2024-10-05,法甲,Stade Rennais FC 1901,AS Monaco FC,1,2
2024-10-06,法甲,Olympique Lyonnais,FC Nantes,2,0
2024-10-06,法甲,Stade Brestois 29,Le Havre AC,2,0
2024-10-06,法甲,RC Strasbourg Alsace,Racing Club de Lens,2,2
2024-10-06,法甲,Stade de Reims,Montpellier HSC,4,2
2024-10-06,法甲,OGC Nice,Paris Saint-Germain FC,1,1
2024-10-18,法甲,AS Monaco FC,Lille OSC,0,0
2024-10-19,法甲,Stade Brestois 29,Stade Rennais FC 1901,1,1
2024-10-19,法甲,AS Saint-Étienne,Racing Club de Lens,0,2
2024-10-19,法甲,Paris Saint-Germain FC,RC Strasbourg Alsace,4,2
2024-10-20,法甲,Le Havre AC,Olympique Lyonnais,0,4
2024-10-20,法甲,AJ Auxerre,Stade de Reims,2,1
2024-10-20,法甲,Toulouse FC,Angers SCO,1,1
2024-10-20,法甲,FC Nantes,OGC Nice,1,1
2024-10-20,法甲,Montpellier HSC,Olympique de Marseille,0,5
2024-10-25,法甲,Stade Rennais FC 1901,Le Havre AC,1,0
2024-10-26,法甲,Angers SCO,AS Saint-Étienne,4,2
2024-10-26,法甲,Stade de Reims,Stade Brestois 29,1,2
2024-10-26,法甲,Racing Club de Lens,Lille OSC,0,2
2024-10-27,法甲,Olympique Lyonnais,AJ Auxerre,2,2
2024-10-27,法甲,OGC Nice,AS Monaco FC,2,1
2024-10-27,法甲,Montpellier HSC,Toulouse FC,0,3
2024-10-27,法甲,RC Strasbourg Alsace,FC Nantes,3,1
2024-10-27,法甲,Olympique de Marseille,Paris Saint-Germain FC,0,3
2024-11-01,法甲,AS Monaco FC,Angers SCO,0,1
2024-11-01,法甲,Lille OSC,Olympique Lyonnais,1,1
2024-11-02,法甲,Paris Saint-Germain FC,Racing Club de Lens,1,0
2024-11-02,法甲,Stade Brestois 29,OGC Nice,0,1
2024-11-02,法甲,AS Saint-Étienne,RC Strasbourg Alsace,2,0
2024-11-03,法甲,Toulouse FC,Stade de Reims,1,0
2024-11-03,法甲,AJ Auxerre,Stade Rennais FC 1901,4,0
2024-11-03,法甲,Le Havre AC,Montpellier HSC,1,0
2024-11-03,法甲,FC Nantes,Olympique de Marseille,1,2
2024-11-08,法甲,Olympique de Marseille,AJ Auxerre,1,3
2024-11-09,法甲,RC Strasbourg Alsace,AS Monaco FC,1,3
2024-11-09,法甲,Racing Club de Lens,FC Nantes,3,2
2024-11-09,法甲,Angers SCO,Paris Saint-Germain FC,2,4
2024-11-10,法甲,OGC Nice,Lille OSC,2,2
2024-11-10,法甲,Montpellier HSC,Stade Brestois 29,3,1
2024-11-10,法甲,Le Havre AC,Stade de Reims,0,3
2024-11-10,法甲,Stade Rennais FC 1901,Toulouse FC,0,2
2024-11-10,法甲,Olympique Lyonnais,AS Saint-Étienne,1,0
2024-11-22,法甲,AS Monaco FC,Stade Brestois 29,3,2
2024-11-22,法甲,Paris Saint-Germain FC,Toulouse FC,3,0
2024-11-23,法甲,Racing Club de Lens,Olympique de Marseille,1,3
2024-11-23,法甲,AS Saint-Étienne,Montpellier HSC,1,0
2024-11-23,法甲,Stade de Reims,Olympique Lyonnais,1,1
2024-11-24,法甲,Lille OSC,Stade Rennais FC 1901,1,0
2024-11-24,法甲,FC Nantes,Le Havre AC,0,2
2024-11-24,法甲,AJ Auxerre,Angers SCO,1,0
2024-11-24,法甲,OGC Nice,RC Strasbourg Alsace,2,1
2024-11-29,法甲,Stade de Reims,Racing Club de Lens,0,2
2024-11-30,法甲,Stade Rennais FC 1901,AS Saint-Étienne,5,0
2024-11-30,法甲,Stade Brestois 29,RC Strasbourg Alsace,3,1
2024-11-30,法甲,Paris Saint-Germain FC,FC Nantes,1,1
2024-12-01,法甲,Montpellier HSC,Lille OSC,2,2
2024-12-01,法甲,Le Havre AC,Angers SCO,0,1
2024-12-01,法甲,Toulouse FC,AJ Auxerre,2,0
2024-12-01,法甲,Olympique Lyonnais,OGC Nice,4,1
2024-12-01,法甲,Olympique de Marseille,AS Monaco FC,2,1
2024-12-06,法甲,Lille OSC,Stade Brestois 29,3,1
2024-12-06,法甲,AJ Auxerre,Paris Saint-Germain FC,0,0
2024-12-07,法甲,AS Monaco FC,Toulouse FC,2,0
2024-12-07,法甲,OGC Nice,Le Havre AC,2,1
2024-12-07,法甲,Angers SCO,Olympique Lyonnais,0,3
2024-12-08,法甲,Racing Club de Lens,Montpellier HSC,2,0
2024-12-08,法甲,RC Strasbourg Alsace,Stade de Reims,0,0
2024-12-08,法甲,FC Nantes,Stade Rennais FC 1901,1,0
2024-12-08,法甲,AS Saint-Étienne,Olympique de Marseille,0,2
2024-12-13,法甲,Toulouse FC,AS Saint-Étienne,2,1
2024-12-14,法甲,Olympique de Marseille,Lille OSC,1,1
2024-12-14,法甲,AJ Auxerre,Racing Club de Lens,2,2
2024-12-14,法甲,Stade de Reims,AS Monaco FC,0,0
2024-12-15,法甲,Montpellier HSC,OGC Nice,2,2
2024-12-15,法甲,Stade Rennais FC 1901,Angers SCO,2,0
2024-12-15,法甲,Le Havre AC,RC Strasbourg Alsace,0,3
2024-12-15,法甲,Stade Brestois 29,FC Nantes,4,1
2024-12-15,法甲,Paris Saint-Germain FC,Olympique Lyonnais,3,1
2024-12-18,法甲,AS Monaco FC,Paris Saint-Germain FC,2,4
2025-01-03,法甲,OGC Nice,Stade Rennais FC 1901,3,2
2025-01-04,法甲,AS Saint-Étienne,Stade de Reims,3,1
2025-01-04,法甲,Lille OSC,FC Nantes,1,1
2025-01-04,法甲,Olympique Lyonnais,Montpellier HSC,1,0
2025-01-05,法甲,Racing Club de Lens,Toulouse FC,0,1
2025-01-05,法甲,Angers SCO,Stade Brestois 29,2,0
2025-01-05,法甲,RC Strasbourg Alsace,AJ Auxerre,3,1
2025-01-05,法甲,Olympique de Marseille,Le Havre AC,5,1
2025-01-10,法甲,FC Nantes,AS Monaco FC,2,2
2025-01-10,法甲,AJ Auxerre,Lille OSC,0,0
2025-01-11,法甲,Stade Brestois 29,Olympique Lyonnais,2,1
2025-01-11,法甲,Stade de Reims,OGC Nice,2,4
2025-01-11,法甲,Stade Rennais FC 1901,Olympique de Marseille,1,2
2025-01-12,法甲,Le Havre AC,Racing Club de Lens,1,2
2025-01-12,法甲,Toulouse FC,RC Strasbourg Alsace,1,2
2025-01-12,法甲,Montpellier HSC,Angers SCO,1,3
2025-01-12,法甲,Paris Saint-Germain FC,AS Saint-Étienne,2,1
2025-01-17,法甲,Montpellier HSC,AS Monaco FC,2,1
2025-01-17,法甲,Lille OSC,OGC Nice,2,1
2025-01-18,法甲,Racing Club de Lens,Paris Saint-Germain FC,1,2
2025-01-18,法甲,Stade Rennais FC 1901,Stade Brestois 29,1,2
2025-01-18,法甲,Olympique Lyonnais,Toulouse FC,0,0
2025-01-19,法甲,AS Saint-Étienne,FC Nantes,1,1
2025-01-19,法甲,Stade de Reims,Le Havre AC,1,1
2025-01-19,法甲,Angers SCO,AJ Auxerre,2,0
2025-01-19,法甲,Olympique de Marseille,RC Strasbourg Alsace,1,1
2025-01-24,法甲,AJ Auxerre,AS Saint-Étienne,1,1
2025-01-25,法甲,AS Monaco FC,Stade Rennais FC 1901,3,2
2025-01-25,法甲,RC Strasbourg Alsace,Lille OSC,2,1
2025-01-25,法甲,Paris Saint-Germain FC,Stade de Reims,1,1
2025-01-26,法甲,Le Havre AC,Stade Brestois 29,0,1
2025-01-26,法甲,FC Nantes,Olympique Lyonnais,1,1
2025-01-26,法甲,Toulouse FC,Montpellier HSC,1,2
2025-01-26,法甲,Racing Club de Lens,Angers SCO,1,0
2025-01-26,法甲,OGC Nice,Olympique de Marseille,2,0
2025-01-31,法甲,Montpellier HSC,Racing Club de Lens,0,2
2025-02-01,法甲,Stade Brestois 29,Paris Saint-Germain FC,2,5
2025-02-01,法甲,AS Monaco FC,AJ Auxerre,4,2
2025-02-01,法甲,Lille OSC,AS Saint-Étienne,4,1
2025-02-02,法甲,Toulouse FC,OGC Nice,1,1
2025-02-02,法甲,Stade de Reims,FC Nantes,1,2
2025-02-02,法甲,Angers SCO,Le Havre AC,1,1
2025-02-02,法甲,Stade Rennais FC 1901,RC Strasbourg Alsace,1,0
2025-02-02,法甲,Olympique de Marseille,Olympique Lyonnais,3,2
2025-02-07,法甲,FC Nantes,Stade Brestois 29,0,2
2025-02-07,法甲,Paris Saint-Germain FC,AS Monaco FC,4,1
2025-02-08,法甲,OGC Nice,Racing Club de Lens,2,0
2025-02-08,法甲,Lille OSC,Le Havre AC,1,2
2025-02-08,法甲,AS Saint-Étienne,Stade Rennais FC 1901,0,2
2025-02-09,法甲,Olympique Lyonnais,Stade de Reims,4,0
2025-02-09,法甲,AJ Auxerre,Toulouse FC,2,2
2025-02-09,法甲,RC Strasbourg Alsace,Montpellier HSC,2,0
2025-02-09,法甲,Angers SCO,Olympique de Marseille,0,2
2025-02-14,法甲,Stade Brestois 29,AJ Auxerre,2,2
2025-02-15,法甲,Olympique de Marseille,AS Saint-Étienne,5,1
2025-02-15,法甲,AS Monaco FC,FC Nantes,7,1
2025-02-15,法甲,Toulouse FC,Paris Saint-Germain FC,0,1
2025-02-16,法甲,Montpellier HSC,Olympique Lyonnais,1,4
2025-02-16,法甲,Racing Club de Lens,RC Strasbourg Alsace,0,2
2025-02-16,法甲,Stade de Reims,Angers SCO,0,1
2025-02-16,法甲,Le Havre AC,OGC Nice,1,3
2025-02-16,法甲,Stade Rennais FC 1901,Lille OSC,0,2
2025-02-21,法甲,Stade Rennais FC 1901,Stade de Reims,1,0
2025-02-22,法甲,Lille OSC,AS Monaco FC,2,1
2025-02-22,法甲,AS Saint-Étienne,Angers SCO,3,3
2025-02-22,法甲,AJ Auxerre,Olympique de Marseille,3,0
2025-02-23,法甲,FC Nantes,Racing Club de Lens,3,1
2025-02-23,法甲,Le Havre AC,Toulouse FC,1,4
2025-02-23,法甲,RC Strasbourg Alsace,Stade Brestois 29,0,0
2025-02-23,法甲,OGC Nice,Montpellier HSC,2,0
2025-02-23,法甲,Olympique Lyonnais,Paris Saint-Germain FC,2,3
2025-02-28,法甲,AS Monaco FC,Stade de Reims,3,0
2025-03-01,法甲,AS Saint-Étienne,OGC Nice,1,3
2025-03-01,法甲,Racing Club de Lens,Le Havre AC,3,4
2025-03-01,法甲,Paris Saint-Germain FC,Lille OSC,4,1
2025-03-02,法甲,Olympique Lyonnais,Stade Brestois 29,2,1
2025-03-02,法甲,Montpellier HSC,Stade Rennais FC 1901,0,4
2025-03-02,法甲,AJ Auxerre,RC Strasbourg Alsace,0,1
2025-03-02,法甲,Angers SCO,Toulouse FC,0,4
2025-03-02,法甲,Olympique de Marseille,FC Nantes,2,0
2025-03-07,法甲,Toulouse FC,AS Monaco FC,1,1
2025-03-08,法甲,Stade Rennais FC 1901,Paris Saint-Germain FC,1,4
2025-03-08,法甲,Lille OSC,Montpellier HSC,1,0
2025-03-08,法甲,Olympique de Marseille,Racing Club de Lens,0,1
2025-03-09,法甲,Stade Brestois 29,Angers SCO,2,0
2025-03-09,法甲,Le Havre AC,AS Saint-Étienne,1,1
2025-03-09,法甲,Stade de Reims,AJ Auxerre,0,2
2025-03-09,法甲,FC Nantes,RC Strasbourg Alsace,0,1
2025-03-09,法甲,OGC Nice,Olympique Lyonnais,0,2
2025-03-14,法甲,OGC Nice,AJ Auxerre,1,1
2025-03-15,法甲,FC Nantes,Lille OSC,1,0
2025-03-15,法甲,Angers SCO,AS Monaco FC,0,2
2025-03-15,法甲,Racing Club de Lens,Stade Rennais FC 1901,1,0
2025-03-16,法甲,Olympique Lyonnais,Le Havre AC,4,2
2025-03-16,法甲,Montpellier HSC,AS Saint-Étienne,0,2
2025-03-16,法甲,Stade Brestois 29,Stade de Reims,0,0
2025-03-16,法甲,RC Strasbourg Alsace,Toulouse FC,2,1
2025-03-16,法甲,Paris Saint-Germain FC,Olympique de Marseille,3,1
2025-03-28,法甲,RC Strasbourg Alsace,Olympique Lyonnais,4,2
2025-03-29,法甲,Stade de Reims,Olympique de Marseille,3,1
2025-03-29,法甲,AS Saint-Étienne,Paris Saint-Germain FC,1,6
2025-03-29,法甲,AS Monaco FC,OGC Nice,2,1
2025-03-30,法甲,Toulouse FC,Stade Brestois 29,2,4
2025-03-30,法甲,Angers SCO,Stade Rennais FC 1901,0,3
2025-03-30,法甲,AJ Auxerre,Montpellier HSC,1,0
2025-03-30,法甲,Le Havre AC,FC Nantes,3,2
2025-03-30,法甲,Lille OSC,Racing Club de Lens,1,0
2025-04-04,法甲,OGC Nice,FC Nantes,1,2
2025-04-05,法甲,Paris Saint-Germain FC,Angers SCO,1,0
2025-04-05,法甲,Stade Brestois 29,AS Monaco FC,2,1
2025-04-05,法甲,Olympique Lyonnais,Lille OSC,2,1
2025-04-06,法甲,Racing Club de Lens,AS Saint-Étienne,1,0
2025-04-06,法甲,Montpellier HSC,Le Havre AC,0,2
2025-04-06,法甲,Stade de Reims,RC Strasbourg Alsace,0,1
2025-04-06,法甲,Stade Rennais FC 1901,AJ Auxerre,0,1
2025-04-06,法甲,Olympique de Marseille,Toulouse FC,3,2
2025-04-11,法甲,Racing Club de Lens,Stade de Reims,0,2
2025-04-12,法甲,AS Monaco FC,Olympique de Marseille,3,0
2025-04-12,法甲,Toulouse FC,Lille OSC,1,2
2025-04-12,法甲,RC Strasbourg Alsace,OGC Nice,2,2
2025-04-13,法甲,AS Saint-Étienne,Stade Brestois 29,3,3
2025-04-13,法甲,Le Havre AC,Stade Rennais FC 1901,1,5
2025-04-13,法甲,Angers SCO,Montpellier HSC,2,0
2025-04-13,法甲,AJ Auxerre,Olympique Lyonnais,1,3
2025-04-18,法甲,Stade Rennais FC 1901,FC Nantes,2,1
2025-04-19,法甲,Paris Saint-Germain FC,Le Havre AC,2,1
2025-04-19,法甲,AS Monaco FC,RC Strasbourg Alsace,0,0
2025-04-19,法甲,Olympique de Marseille,Montpellier HSC,5,1
2025-04-20,法甲,Lille OSC,AJ Auxerre,3,1
2025-04-20,法甲,OGC Nice,Angers SCO,2,1
2025-04-20,法甲,Stade Brestois 29,Racing Club de Lens,1,3
2025-04-20,法甲,Stade de Reims,Toulouse FC,1,0
2025-04-20,法甲,AS Saint-Étienne,Olympique Lyonnais,2,1
2025-04-22,法甲,FC Nantes,Paris Saint-Germain FC,1,1
2025-04-25,法甲,Paris Saint-Germain FC,OGC Nice,1,3
2025-04-26,法甲,RC Strasbourg Alsace,AS Saint-Étienne,3,1
2025-04-26,法甲,Le Havre AC,AS Monaco FC,1,1
2025-04-26,法甲,Olympique Lyonnais,Stade Rennais FC 1901,4,1
2025-04-27,法甲,Angers SCO,Lille OSC,0,2
2025-04-27,法甲,FC Nantes,Toulouse FC,0,0
2025-04-27,法甲,Montpellier HSC,Stade de Reims,0,0
2025-04-27,法甲,Racing Club de Lens,AJ Auxerre,0,4
2025-04-27,法甲,Olympique de Marseille,Stade Brestois 29,4,1
2025-05-02,法甲,OGC Nice,Stade de Reims,1,0
2025-05-03,法甲,RC Strasbourg Alsace,Paris Saint-Germain FC,2,1
2025-05-03,法甲,Toulouse FC,Stade Rennais FC 1901,2,1
2025-05-03,法甲,AS Saint-Étienne,AS Monaco FC,1,3
2025-05-04,法甲,FC Nantes,Angers SCO,0,1
2025-05-04,法甲,Olympique Lyonnais,Racing Club de Lens,1,2
2025-05-04,法甲,Stade Brestois 29,Montpellier HSC,1,0
2025-05-04,法甲,AJ Auxerre,Le Havre AC,1,2
2025-05-04,法甲,Lille OSC,Olympique de Marseille,1,1
2025-05-10,法甲,Stade de Reims,AS Saint-Étienne,0,2
2025-05-10,法甲,AJ Auxerre,FC Nantes,1,1
2025-05-10,法甲,Angers SCO,RC Strasbourg Alsace,2,1
2025-05-10,法甲,Le Havre AC,Olympique de Marseille,1,3
2025-05-10,法甲,Stade Rennais FC 1901,OGC Nice,2,0
2025-05-10,法甲,Montpellier HSC,Paris Saint-Germain FC,1,4
2025-05-10,法甲,Toulouse FC,Racing Club de Lens,1,1
2025-05-10,法甲,Stade Brestois 29,Lille OSC,2,0
2025-05-10,法甲,AS Monaco FC,Olympique Lyonnais,2,0
2025-05-17,法甲,Olympique de Marseille,Stade Rennais FC 1901,4,2
2025-05-17,法甲,Olympique Lyonnais,Angers SCO,2,0
2025-05-17,法甲,OGC Nice,Stade Brestois 29,6,0
2025-05-17,法甲,AS Saint-Étienne,Toulouse FC,2,3
2025-05-17,法甲,Lille OSC,Stade de Reims,2,1
2025-05-17,法甲,RC Strasbourg Alsace,Le Havre AC,2,3
2025-05-17,法甲,FC Nantes,Montpellier HSC,3,0
2025-05-17,法甲,Racing Club de Lens,AS Monaco FC,4,0
2025-05-17,法甲,Paris Saint-Germain FC,AJ Auxerre,3,1
2025-08-15,法甲,Stade Rennais FC 1901,Olympique de Marseille,1,0
2025-08-16,法甲,Racing Club de Lens,Olympique Lyonnais,0,1
2025-08-16,法甲,AS Monaco FC,Le Havre AC,3,1
2025-08-16,法甲,OGC Nice,Toulouse FC,0,1
2025-08-17,法甲,Stade Brestois 29,Lille OSC,3,3
2025-08-17,法甲,AJ Auxerre,FC Lorient,1,0
2025-08-17,法甲,FC Metz,RC Strasbourg Alsace,0,1
2025-08-17,法甲,Angers SCO,Paris FC,1,0
2025-08-17,法甲,FC Nantes,Paris Saint-Germain FC,0,1
2025-08-22,法甲,Paris Saint-Germain FC,Angers SCO,1,0
2025-08-23,法甲,Olympique de Marseille,Paris FC,5,2
2025-08-23,法甲,OGC Nice,AJ Auxerre,3,1
2025-08-23,法甲,Olympique Lyonnais,FC Metz,3,0
2025-08-24,法甲,FC Lorient,Stade Rennais FC 1901,4,0
2025-08-24,法甲,Le Havre AC,Racing Club de Lens,1,2
2025-08-24,法甲,Toulouse FC,Stade Brestois 29,2,0
2025-08-24,法甲,RC Strasbourg Alsace,FC Nantes,1,0
2025-08-24,法甲,Lille OSC,AS Monaco FC,1,0
2025-08-29,法甲,Racing Club de Lens,Stade Brestois 29,3,1
2025-08-30,法甲,FC Lorient,Lille OSC,1,7
2025-08-30,法甲,FC Nantes,AJ Auxerre,1,0
2025-08-30,法甲,Toulouse FC,Paris Saint-Germain FC,3,6
2025-08-31,法甲,Angers SCO,Stade Rennais FC 1901,1,1
2025-08-31,法甲,Le Havre AC,OGC Nice,3,1
2025-08-31,法甲,AS Monaco FC,RC Strasbourg Alsace,3,2
2025-08-31,法甲,Paris FC,FC Metz,3,2
2025-08-31,法甲,Olympique Lyonnais,Olympique de Marseille,1,0
2025-09-12,法甲,Olympique de Marseille,FC Lorient,4,0
2025-09-13,法甲,OGC Nice,FC Nantes,1,0
2025-09-13,法甲,AJ Auxerre,AS Monaco FC,1,2
2025-09-14,法甲,Lille OSC,Toulouse FC,2,1
2025-09-14,法甲,FC Metz,Angers SCO,1,1
2025-09-14,法甲,Paris Saint-Germain FC,Racing Club de Lens,2,0
2025-09-14,法甲,RC Strasbourg Alsace,Le Havre AC,1,0
2025-09-14,法甲,Stade Brestois 29,Paris FC,1,2
2025-09-14,法甲,Stade Rennais FC 1901,Olympique Lyonnais,3,1
2025-09-19,法甲,Olympique Lyonnais,Angers SCO,1,0
2025-09-20,法甲,FC Nantes,Stade Rennais FC 1901,2,2
2025-09-20,法甲,Stade Brestois 29,OGC Nice,4,1
2025-09-20,法甲,Racing Club de Lens,Lille OSC,3,0
2025-09-21,法甲,Paris FC,RC Strasbourg Alsace,2,3
2025-09-21,法甲,Le Havre AC,FC Lorient,1,1
2025-09-21,法甲,AJ Auxerre,Toulouse FC,1,0
2025-09-21,法甲,AS Monaco FC,FC Metz,5,2
2025-09-22,法甲,Olympique de Marseille,Paris Saint-Germain FC,1,0
2025-09-26,法甲,RC Strasbourg Alsace,Olympique de Marseille,1,2
2025-09-27,法甲,FC Lorient,AS Monaco FC,3,1
2025-09-27,法甲,Toulouse FC,FC Nantes,2,2
2025-09-27,法甲,Paris Saint-Germain FC,AJ Auxerre,2,0
2025-09-28,法甲,OGC Nice,Paris FC,1,1
2025-09-28,法甲,FC Metz,Le Havre AC,0,0
2025-09-28,法甲,Lille OSC,Olympique Lyonnais,0,1
2025-09-28,法甲,Angers SCO,Stade Brestois 29,0,2
2025-09-28,法甲,Stade Rennais FC 1901,Racing Club de Lens,0,0
2025-10-03,法甲,Paris FC,FC Lorient,2,0
2025-10-04,法甲,FC Metz,Olympique de Marseille,0,3
2025-10-04,法甲,Stade Brestois 29,FC Nantes,0,0
2025-10-04,法甲,AJ Auxerre,Racing Club de Lens,1,2
2025-10-05,法甲,Olympique Lyonnais,Toulouse FC,1,2
2025-10-05,法甲,RC Strasbourg Alsace,Angers SCO,5,0
2025-10-05,法甲,Le Havre AC,Stade Rennais FC 1901,2,2
2025-10-05,法甲,AS Monaco FC,OGC Nice,2,2
2025-10-05,法甲,Lille OSC,Paris Saint-Germain FC,1,1
2025-10-17,法甲,Paris Saint-Germain FC,RC Strasbourg Alsace,3,3
2025-10-18,法甲,OGC Nice,Olympique Lyonnais,3,2
2025-10-18,法甲,Angers SCO,AS Monaco FC,1,1
2025-10-18,法甲,Olympique de Marseille,Le Havre AC,6,2
2025-10-19,法甲,Racing Club de Lens,Paris FC,2,1
2025-10-19,法甲,FC Lorient,Stade Brestois 29,3,3
2025-10-19,法甲,Toulouse FC,FC Metz,4,0
2025-10-19,法甲,Stade Rennais FC 1901,AJ Auxerre,2,2
2025-10-19,法甲,FC Nantes,Lille OSC,0,2
2025-10-24,法甲,Paris FC,FC Nantes,1,2
2025-10-25,法甲,Stade Brestois 29,Paris Saint-Germain FC,0,3
2025-10-25,法甲,AS Monaco FC,Toulouse FC,1,0
2025-10-25,法甲,Racing Club de Lens,Olympique de Marseille,2,1
2025-10-26,法甲,Lille OSC,FC Metz,6,1
2025-10-26,法甲,AJ Auxerre,Le Havre AC,0,1
2025-10-26,法甲,Angers SCO,FC Lorient,2,0
2025-10-26,法甲,Stade Rennais FC 1901,OGC Nice,1,2
2025-10-26,法甲,Olympique Lyonnais,RC Strasbourg Alsace,2,1
2025-10-29,法甲,Le Havre AC,Stade Brestois 29,1,0
2025-10-29,法甲,FC Lorient,Paris Saint-Germain FC,1,1
2025-10-29,法甲,FC Metz,Racing Club de Lens,2,0
2025-10-29,法甲,OGC Nice,Lille OSC,2,0
2025-10-29,法甲,FC Nantes,AS Monaco FC,3,5
2025-10-29,法甲,Paris FC,Olympique Lyonnais,3,3
2025-10-29,法甲,Toulouse FC,Stade Rennais FC 1901,2,2
2025-10-29,法甲,Olympique de Marseille,Angers SCO,2,2
2025-10-29,法甲,RC Strasbourg Alsace,AJ Auxerre,3,0
2025-11-01,法甲,Paris Saint-Germain FC,OGC Nice,1,0
2025-11-01,法甲,AS Monaco FC,Paris FC,0,1
2025-11-01,法甲,AJ Auxerre,Olympique de Marseille,0,1
2025-11-02,法甲,Stade Rennais FC 1901,RC Strasbourg Alsace,4,1
2025-11-02,法甲,FC Nantes,FC Metz,0,2
2025-11-02,法甲,Toulouse FC,Le Havre AC,0,0
2025-11-02,法甲,Lille OSC,Angers SCO,1,0
2025-11-02,法甲,Racing Club de Lens,FC Lorient,3,0
2025-11-02,法甲,Stade Brestois 29,Olympique Lyonnais,0,0
2025-11-07,法甲,Paris FC,Stade Rennais FC 1901,0,1
2025-11-08,法甲,Olympique de Marseille,Stade Brestois 29,3,0
2025-11-08,法甲,Le Havre AC,FC Nantes,1,1
2025-11-08,法甲,AS Monaco FC,Racing Club de Lens,1,4
2025-11-09,法甲,FC Lorient,Toulouse FC,1,1
2025-11-09,法甲,FC Metz,OGC Nice,2,1
2025-11-09,法甲,RC Strasbourg Alsace,Lille OSC,2,0
2025-11-09,法甲,Angers SCO,AJ Auxerre,2,0
2025-11-09,法甲,Olympique Lyonnais,Paris Saint-Germain FC,2,3
2025-11-21,法甲,OGC Nice,Olympique de Marseille,1,5
2025-11-22,法甲,Racing Club de Lens,RC Strasbourg Alsace,1,0
2025-11-22,法甲,Stade Rennais FC 1901,AS Monaco FC,4,1
2025-11-22,法甲,Paris Saint-Germain FC,Le Havre AC,3,0
2025-11-23,法甲,AJ Auxerre,Olympique Lyonnais,0,0
2025-11-23,法甲,FC Nantes,FC Lorient,1,1
2025-11-23,法甲,Toulouse FC,Angers SCO,0,1
2025-11-23,法甲,Stade Brestois 29,FC Metz,3,2
2025-11-23,法甲,Lille OSC,Paris FC,4,2
2025-11-28,法甲,FC Metz,Stade Rennais FC 1901,0,1
2025-11-29,法甲,AS Monaco FC,Paris Saint-Germain FC,1,0
2025-11-29,法甲,Paris FC,AJ Auxerre,1,1
2025-11-29,法甲,Olympique de Marseille,Toulouse FC,2,2
2025-11-30,法甲,RC Strasbourg Alsace,Stade Brestois 29,1,2
2025-11-30,法甲,Le Havre AC,Lille OSC,0,1
2025-11-30,法甲,FC Lorient,OGC Nice,3,1
2025-11-30,法甲,Angers SCO,Racing Club de Lens,1,2
2025-11-30,法甲,Olympique Lyonnais,FC Nantes,3,0
2025-12-05,法甲,Stade Brestois 29,AS Monaco FC,1,0
2025-12-05,法甲,Lille OSC,Olympique de Marseille,1,0
2025-12-06,法甲,FC Nantes,Racing Club de Lens,1,2
2025-12-06,法甲,Toulouse FC,RC Strasbourg Alsace,1,0
2025-12-06,法甲,Paris Saint-Germain FC,Stade Rennais FC 1901,5,0
2025-12-07,法甲,OGC Nice,Angers SCO,0,1
2025-12-07,法甲,Le Havre AC,Paris FC,0,0
2025-12-07,法甲,AJ Auxerre,FC Metz,3,1
2025-12-07,法甲,FC Lorient,Olympique Lyonnais,1,0
2025-12-12,法甲,Angers SCO,FC Nantes,4,1
2025-12-13,法甲,Stade Rennais FC 1901,Stade Brestois 29,3,1
2025-12-13,法甲,FC Metz,Paris Saint-Germain FC,2,3
2025-12-13,法甲,Paris FC,Toulouse FC,0,3
2025-12-14,法甲,Olympique Lyonnais,Le Havre AC,1,0
2025-12-14,法甲,AJ Auxerre,Lille OSC,3,4
2025-12-14,法甲,RC Strasbourg Alsace,FC Lorient,0,0
2025-12-14,法甲,Racing Club de Lens,OGC Nice,2,0
2025-12-14,法甲,Olympique de Marseille,AS Monaco FC,1,0
2026-01-02,法甲,Toulouse FC,Racing Club de Lens,0,3
2026-01-03,法甲,AS Monaco FC,Olympique Lyonnais,1,3
2026-01-03,法甲,OGC Nice,RC Strasbourg Alsace,1,1
2026-01-03,法甲,Lille OSC,Stade Rennais FC 1901,0,2
2026-01-04,法甲,Olympique de Marseille,FC Nantes,0,2
2026-01-04,法甲,Le Havre AC,Angers SCO,2,1
2026-01-04,法甲,FC Lorient,FC Metz,1,1
2026-01-04,法甲,Stade Brestois 29,AJ Auxerre,2,0
2026-01-04,法甲,Paris Saint-Germain FC,Paris FC,2,1
2026-01-16,法甲,AS Monaco FC,FC Lorient,1,3
2026-01-16,法甲,Paris Saint-Germain FC,Lille OSC,3,0
2026-01-17,法甲,Racing Club de Lens,AJ Auxerre,1,0
2026-01-17,法甲,Toulouse FC,OGC Nice,5,1
2026-01-17,法甲,Angers SCO,Olympique de Marseille,2,5
2026-01-18,法甲,RC Strasbourg Alsace,FC Metz,2,1
2026-01-18,法甲,FC Nantes,Paris FC,1,2
2026-01-18,法甲,Stade Rennais FC 1901,Le Havre AC,1,1
2026-01-18,法甲,Olympique Lyonnais,Stade Brestois 29,2,1
2026-01-23,法甲,AJ Auxerre,Paris Saint-Germain FC,0,1
2026-01-24,法甲,Stade Rennais FC 1901,FC Lorient,0,2
2026-01-24,法甲,Le Havre AC,AS Monaco FC,0,0
2026-01-24,法甲,Olympique de Marseille,Racing Club de Lens,3,1
2026-01-25,法甲,FC Nantes,OGC Nice,1,4
2026-01-25,法甲,FC Metz,Olympique Lyonnais,2,5
2026-01-25,法甲,Paris FC,Angers SCO,0,0
2026-01-25,法甲,Stade Brestois 29,Toulouse FC,0,2
2026-01-25,法甲,Lille OSC,RC Strasbourg Alsace,1,4
2026-01-30,法甲,Racing Club de Lens,Le Havre AC,1,0
2026-01-31,法甲,Paris FC,Olympique de Marseille,2,2
2026-01-31,法甲,FC Lorient,FC Nantes,2,1
2026-01-31,法甲,AS Monaco FC,Stade Rennais FC 1901,4,0
2026-02-01,法甲,Olympique Lyonnais,Lille OSC,1,0
2026-02-01,法甲,Toulouse FC,AJ Auxerre,0,0
2026-02-01,法甲,OGC Nice,Stade Brestois 29,2,2
2026-02-01,法甲,Angers SCO,FC Metz,1,0
2026-02-01,法甲,RC Strasbourg Alsace,Paris Saint-Germain FC,1,2
2026-02-06,法甲,FC Metz,Lille OSC,0,0
2026-02-07,法甲,Racing Club de Lens,Stade Rennais FC 1901,3,1
2026-02-07,法甲,Stade Brestois 29,FC Lorient,2,0
2026-02-07,法甲,FC Nantes,Olympique Lyonnais,0,1
2026-02-08,法甲,OGC Nice,AS Monaco FC,0,0
2026-02-08,法甲,Le Havre AC,RC Strasbourg Alsace,2,1
2026-02-08,法甲,AJ Auxerre,Paris FC,0,0
2026-02-08,法甲,Angers SCO,Toulouse FC,1,0
2026-02-08,法甲,Paris Saint-Germain FC,Olympique de Marseille,5,0
2026-02-13,法甲,Stade Rennais FC 1901,Paris Saint-Germain FC,3,1
2026-02-13,法甲,AS Monaco FC,FC Nantes,3,1
2026-02-14,法甲,Olympique de Marseille,RC Strasbourg Alsace,2,2
2026-02-14,法甲,Lille OSC,Stade Brestois 29,1,1
2026-02-14,法甲,Paris FC,Racing Club de Lens,0,5
2026-02-15,法甲,Le Havre AC,Toulouse FC,2,1
2026-02-15,法甲,FC Lorient,Angers SCO,2,0
2026-02-15,法甲,FC Metz,AJ Auxerre,1,3
2026-02-15,法甲,Olympique Lyonnais,OGC Nice,2,0
2026-02-20,法甲,Stade Brestois 29,Olympique de Marseille,2,0
2026-02-21,法甲,Racing Club de Lens,AS Monaco FC,2,3
2026-02-21,法甲,Toulouse FC,Paris FC,1,1
2026-02-21,法甲,Paris Saint-Germain FC,FC Metz,3,0
2026-02-22,法甲,AJ Auxerre,Stade Rennais FC 1901,0,3
2026-02-22,法甲,FC Nantes,Le Havre AC,2,0
2026-02-22,法甲,OGC Nice,FC Lorient,3,3
2026-02-22,法甲,Angers SCO,Lille OSC,0,1
2026-02-22,法甲,RC Strasbourg Alsace,Olympique Lyonnais,3,1
2026-02-27,法甲,RC Strasbourg Alsace,Racing Club de Lens,1,1
2026-02-28,法甲,Stade Rennais FC 1901,Toulouse FC,1,0
2026-02-28,法甲,AS Monaco FC,Angers SCO,2,0
2026-02-28,法甲,Le Havre AC,Paris Saint-Germain FC,0,1
2026-03-01,法甲,Paris FC,OGC Nice,1,0
2026-03-01,法甲,FC Lorient,AJ Auxerre,2,2
2026-03-01,法甲,FC Metz,Stade Brestois 29,0,1
2026-03-01,法甲,Lille OSC,FC Nantes,1,0
2026-03-01,法甲,Olympique de Marseille,Olympique Lyonnais,3,2
2026-03-06,法甲,Paris Saint-Germain FC,AS Monaco FC,1,3
2026-03-07,法甲,FC Nantes,Angers SCO,0,1
2026-03-07,法甲,AJ Auxerre,RC Strasbourg Alsace,0,0
2026-03-07,法甲,Toulouse FC,Olympique de Marseille,0,1
2026-03-08,法甲,Racing Club de Lens,FC Metz,3,0
2026-03-08,法甲,OGC Nice,Stade Rennais FC 1901,0,4
2026-03-08,法甲,Lille OSC,FC Lorient,1,1
2026-03-08,法甲,Stade Brestois 29,Le Havre AC,2,0
2026-03-08,法甲,Olympique Lyonnais,Paris FC,1,1
2026-03-13,法甲,Olympique de Marseille,AJ Auxerre,1,0
2026-03-14,法甲,FC Lorient,Racing Club de Lens,2,1
2026-03-14,法甲,Angers SCO,OGC Nice,0,2
2026-03-14,法甲,AS Monaco FC,Stade Brestois 29,2,0
2026-03-15,法甲,RC Strasbourg Alsace,Paris FC,0,0
2026-03-15,法甲,Le Havre AC,Olympique Lyonnais,0,0
2026-03-15,法甲,FC Metz,Toulouse FC,3,4
2026-03-15,法甲,Stade Rennais FC 1901,Lille OSC,1,2
2026-03-20,法甲,Racing Club de Lens,Angers SCO,5,1
2026-03-21,法甲,Toulouse FC,FC Lorient,1,0
2026-03-21,法甲,AJ Auxerre,Stade Brestois 29,3,0
2026-03-21,法甲,OGC Nice,Paris Saint-Germain FC,0,4
2026-03-22,法甲,Olympique Lyonnais,AS Monaco FC,1,2
2026-03-22,法甲,Paris FC,Le Havre AC,3,2
2026-03-22,法甲,Olympique de Marseille,Lille OSC,1,2
2026-03-22,法甲,Stade Rennais FC 1901,FC Metz,0,0
2026-03-22,法甲,FC Nantes,RC Strasbourg Alsace,2,3
2026-04-03,法甲,Paris Saint-Germain FC,Toulouse FC,3,1
2026-04-04,法甲,RC Strasbourg Alsace,OGC Nice,3,1
2026-04-04,法甲,Stade Brestois 29,Stade Rennais FC 1901,3,4
2026-04-04,法甲,Lille OSC,Racing Club de Lens,3,0
2026-04-05,法甲,Angers SCO,Olympique Lyonnais,0,0
2026-04-05,法甲,Le Havre AC,AJ Auxerre,1,1
2026-04-05,法甲,FC Lorient,Paris FC,1,1
2026-04-05,法甲,FC Metz,FC Nantes,0,0
2026-04-05,法甲,AS Monaco FC,Olympique de Marseille,2,1
2026-04-10,法甲,Paris FC,AS Monaco FC,4,1
2026-04-10,法甲,Olympique de Marseille,FC Metz,3,1
2026-04-11,法甲,AJ Auxerre,FC Nantes,0,0
2026-04-11,法甲,Stade Rennais FC 1901,Angers SCO,2,1
2026-04-12,法甲,Toulouse FC,Lille OSC,0,4
2026-04-12,法甲,OGC Nice,Le Havre AC,1,1
2026-04-12,法甲,Olympique Lyonnais,FC Lorient,2,0
2026-04-17,法甲,Racing Club de Lens,Toulouse FC,3,2
2026-04-18,法甲,FC Lorient,Olympique de Marseille,2,0
2026-04-18,法甲,Angers SCO,Le Havre AC,1,1
2026-04-18,法甲,Lille OSC,OGC Nice,0,0
2026-04-19,法甲,AS Monaco FC,AJ Auxerre,2,2
2026-04-19,法甲,FC Metz,Paris FC,1,3
2026-04-19,法甲,FC Nantes,Stade Brestois 29,1,1
2026-04-19,法甲,RC Strasbourg Alsace,Stade Rennais FC 1901,0,3
2026-04-19,法甲,Paris Saint-Germain FC,Olympique Lyonnais,1,2
2026-04-22,法甲,Paris Saint-Germain FC,FC Nantes,3,0
2026-04-24,法甲,Stade Brestois 29,Racing Club de Lens,3,3
2026-04-25,法甲,Olympique Lyonnais,AJ Auxerre,3,2
2026-04-25,法甲,Angers SCO,Paris Saint-Germain FC,0,3
2026-04-25,法甲,Toulouse FC,AS Monaco FC,2,2
2026-04-26,法甲,FC Lorient,RC Strasbourg Alsace,2,3
2026-04-26,法甲,Le Havre AC,FC Metz,4,4
2026-04-26,法甲,Paris FC,Lille OSC,0,1
2026-04-26,法甲,Stade Rennais FC 1901,FC Nantes,2,1
2026-04-26,法甲,Olympique de Marseille,OGC Nice,1,1
2026-05-02,法甲,FC Nantes,Olympique de Marseille,3,0
2026-05-02,法甲,Paris Saint-Germain FC,FC Lorient,2,2
2026-05-02,法甲,FC Metz,AS Monaco FC,1,2
2026-05-02,法甲,OGC Nice,Racing Club de Lens,1,1
2026-05-03,法甲,Lille OSC,Le Havre AC,1,1
2026-05-03,法甲,AJ Auxerre,Angers SCO,3,1
2026-05-03,法甲,Paris FC,Stade Brestois 29,4,0
2026-05-03,法甲,RC Strasbourg Alsace,Toulouse FC,1,2
2026-05-03,法甲,Olympique Lyonnais,Stade Rennais FC 1901,4,2
2026-05-08,法甲,Racing Club de Lens,FC Nantes,1,0
2026-05-10,法甲,Le Havre AC,Olympique de Marseille,0,1
2026-05-10,法甲,AJ Auxerre,OGC Nice,2,1
2026-05-10,法甲,AS Monaco FC,Lille OSC,0,1
2026-05-10,法甲,FC Metz,FC Lorient,0,4
2026-05-10,法甲,Toulouse FC,Olympique Lyonnais,2,1
2026-05-10,法甲,Paris Saint-Germain FC,Stade Brestois 29,1,0
2026-05-10,法甲,Angers SCO,RC Strasbourg Alsace,1,1
2026-05-10,法甲,Stade Rennais FC 1901,Paris FC,2,1
2026-05-13,法甲,Stade Brestois 29,RC Strasbourg Alsace,1,2
2026-05-13,法甲,Racing Club de Lens,Paris Saint-Germain FC,0,2
2026-05-17,法甲,FC Lorient,Le Havre AC,0,2
2026-05-17,法甲,Paris FC,Paris Saint-Germain FC,2,1
2026-05-17,法甲,OGC Nice,FC Metz,0,0
2026-05-17,法甲,Olympique Lyonnais,Racing Club de Lens,0,4
2026-05-17,法甲,Olympique de Marseille,Stade Rennais FC 1901,3,1
2026-05-17,法甲,Lille OSC,AJ Auxerre,0,2
2026-05-17,法甲,RC Strasbourg Alsace,AS Monaco FC,5,4
2026-05-17,法甲,Stade Brestois 29,Angers SCO,1,1
2023-08-11,英超,Burnley FC,Manchester City FC,0,3
2023-08-12,英超,Arsenal FC,Nottingham Forest FC,2,1
2023-08-12,英超,AFC Bournemouth,West Ham United FC,1,1
2023-08-12,英超,Brighton & Hove Albion FC,Luton Town FC,4,1
2023-08-12,英超,Everton FC,Fulham FC,0,1
2023-08-12,英超,Sheffield United FC,Crystal Palace FC,0,1
2023-08-12,英超,Newcastle United FC,Aston Villa FC,5,1
2023-08-13,英超,Brentford FC,Tottenham Hotspur FC,2,2
2023-08-13,英超,Chelsea FC,Liverpool FC,1,1
2023-08-14,英超,Manchester United FC,Wolverhampton Wanderers FC,1,0
2023-08-18,英超,Nottingham Forest FC,Sheffield United FC,2,1
2023-08-19,英超,Fulham FC,Brentford FC,0,3
2023-08-19,英超,Liverpool FC,AFC Bournemouth,3,1
2023-08-19,英超,Wolverhampton Wanderers FC,Brighton & Hove Albion FC,1,4
2023-08-19,英超,Tottenham Hotspur FC,Manchester United FC,2,0
2023-08-19,英超,Manchester City FC,Newcastle United FC,1,0
2023-08-20,英超,Aston Villa FC,Everton FC,4,0
2023-08-20,英超,West Ham United FC,Chelsea FC,3,1
2023-08-21,英超,Crystal Palace FC,Arsenal FC,0,1
2023-08-25,英超,Chelsea FC,Luton Town FC,3,0
2023-08-26,英超,AFC Bournemouth,Tottenham Hotspur FC,0,2
2023-08-26,英超,Everton FC,Wolverhampton Wanderers FC,0,1
2023-08-26,英超,Manchester United FC,Nottingham Forest FC,3,2
2023-08-26,英超,Arsenal FC,Fulham FC,2,2
2023-08-26,英超,Brentford FC,Crystal Palace FC,1,1
2023-08-26,英超,Brighton & Hove Albion FC,West Ham United FC,1,3
2023-08-27,英超,Sheffield United FC,Manchester City FC,1,2
2023-08-27,英超,Burnley FC,Aston Villa FC,1,3
2023-08-27,英超,Newcastle United FC,Liverpool FC,1,2
2023-09-01,英超,Luton Town FC,West Ham United FC,1,2
2023-09-02,英超,Sheffield United FC,Everton FC,2,2
2023-09-02,英超,Brentford FC,AFC Bournemouth,2,2
2023-09-02,英超,Burnley FC,Tottenham Hotspur FC,2,5
2023-09-02,英超,Chelsea FC,Nottingham Forest FC,0,1
2023-09-02,英超,Manchester City FC,Fulham FC,5,1
2023-09-02,英超,Brighton & Hove Albion FC,Newcastle United FC,3,1
2023-09-03,英超,Crystal Palace FC,Wolverhampton Wanderers FC,3,2
2023-09-03,英超,Liverpool FC,Aston Villa FC,3,0
2023-09-03,英超,Arsenal FC,Manchester United FC,3,1
2023-09-16,英超,Wolverhampton Wanderers FC,Liverpool FC,1,3
2023-09-16,英超,Aston Villa FC,Crystal Palace FC,3,1
2023-09-16,英超,Fulham FC,Luton Town FC,1,0
2023-09-16,英超,Manchester United FC,Brighton & Hove Albion FC,1,3
2023-09-16,英超,Tottenham Hotspur FC,Sheffield United FC,2,1
2023-09-16,英超,West Ham United FC,Manchester City FC,1,3
2023-09-16,英超,Newcastle United FC,Brentford FC,1,0
2023-09-17,英超,AFC Bournemouth,Chelsea FC,0,0
2023-09-17,英超,Everton FC,Arsenal FC,0,1
2023-09-18,英超,Nottingham Forest FC,Burnley FC,1,1
2023-09-23,英超,Crystal Palace FC,Fulham FC,0,0
2023-09-23,英超,Luton Town FC,Wolverhampton Wanderers FC,1,1
2023-09-23,英超,Manchester City FC,Nottingham Forest FC,2,0
2023-09-23,英超,Brentford FC,Everton FC,1,3
2023-09-23,英超,Burnley FC,Manchester United FC,0,1
2023-09-24,英超,Arsenal FC,Tottenham Hotspur FC,2,2
2023-09-24,英超,Brighton & Hove Albion FC,AFC Bournemouth,3,1
2023-09-24,英超,Chelsea FC,Aston Villa FC,0,1
2023-09-24,英超,Liverpool FC,West Ham United FC,3,1
2023-09-24,英超,Sheffield United FC,Newcastle United FC,0,8
2023-09-30,英超,Aston Villa FC,Brighton & Hove Albion FC,6,1
2023-09-30,英超,AFC Bournemouth,Arsenal FC,0,4
2023-09-30,英超,Everton FC,Luton Town FC,1,2
2023-09-30,英超,Manchester United FC,Crystal Palace FC,0,1
2023-09-30,英超,Newcastle United FC,Burnley FC,2,0
2023-09-30,英超,West Ham United FC,Sheffield United FC,2,0
2023-09-30,英超,Wolverhampton Wanderers FC,Manchester City FC,2,1
2023-09-30,英超,Tottenham Hotspur FC,Liverpool FC,2,1
2023-10-01,英超,Nottingham Forest FC,Brentford FC,1,1
2023-10-02,英超,Fulham FC,Chelsea FC,0,2
2023-10-03,英超,Luton Town FC,Burnley FC,1,2
2023-10-07,英超,Luton Town FC,Tottenham Hotspur FC,0,1
2023-10-07,英超,Burnley FC,Chelsea FC,1,4
2023-10-07,英超,Everton FC,AFC Bournemouth,3,0
2023-10-07,英超,Fulham FC,Sheffield United FC,3,1
2023-10-07,英超,Manchester United FC,Brentford FC,2,1
2023-10-07,英超,Crystal Palace FC,Nottingham Forest FC,0,0
2023-10-08,英超,Brighton & Hove Albion FC,Liverpool FC,2,2
2023-10-08,英超,West Ham United FC,Newcastle United FC,2,2
2023-10-08,英超,Wolverhampton Wanderers FC,Aston Villa FC,1,1
2023-10-08,英超,Arsenal FC,Manchester City FC,1,0
2023-10-21,英超,Liverpool FC,Everton FC,2,0
2023-10-21,英超,AFC Bournemouth,Wolverhampton Wanderers FC,1,2
2023-10-21,英超,Brentford FC,Burnley FC,3,0
2023-10-21,英超,Manchester City FC,Brighton & Hove Albion FC,2,1
2023-10-21,英超,Newcastle United FC,Crystal Palace FC,4,0
2023-10-21,英超,Nottingham Forest FC,Luton Town FC,2,2
2023-10-21,英超,Chelsea FC,Arsenal FC,2,2
2023-10-21,英超,Sheffield United FC,Manchester United FC,1,2
2023-10-22,英超,Aston Villa FC,West Ham United FC,4,1
2023-10-23,英超,Tottenham Hotspur FC,Fulham FC,2,0
2023-10-27,英超,Crystal Palace FC,Tottenham Hotspur FC,1,2
2023-10-28,英超,Chelsea FC,Brentford FC,0,2
2023-10-28,英超,AFC Bournemouth,Burnley FC,2,1
2023-10-28,英超,Arsenal FC,Sheffield United FC,5,0
2023-10-28,英超,Wolverhampton Wanderers FC,Newcastle United FC,2,2
2023-10-29,英超,West Ham United FC,Everton FC,0,1
2023-10-29,英超,Aston Villa FC,Luton Town FC,3,1
2023-10-29,英超,Brighton & Hove Albion FC,Fulham FC,1,1
2023-10-29,英超,Liverpool FC,Nottingham Forest FC,3,0
2023-10-29,英超,Manchester United FC,Manchester City FC,0,3
2023-11-04,英超,Fulham FC,Manchester United FC,0,1
2023-11-04,英超,Brentford FC,West Ham United FC,3,2
2023-11-04,英超,Burnley FC,Crystal Palace FC,0,2
2023-11-04,英超,Everton FC,Brighton & Hove Albion FC,1,1
2023-11-04,英超,Manchester City FC,AFC Bournemouth,6,1
2023-11-04,英超,Sheffield United FC,Wolverhampton Wanderers FC,2,1
2023-11-04,英超,Newcastle United FC,Arsenal FC,1,0
2023-11-05,英超,Nottingham Forest FC,Aston Villa FC,2,0
2023-11-05,英超,Luton Town FC,Liverpool FC,1,1
2023-11-06,英超,Tottenham Hotspur FC,Chelsea FC,1,4
2023-11-11,英超,Wolverhampton Wanderers FC,Tottenham Hotspur FC,2,1
2023-11-11,英超,Arsenal FC,Burnley FC,3,1
2023-11-11,英超,Crystal Palace FC,Everton FC,2,3
2023-11-11,英超,Manchester United FC,Luton Town FC,1,0
2023-11-11,英超,AFC Bournemouth,Newcastle United FC,2,0
2023-11-12,英超,Aston Villa FC,Fulham FC,3,1
2023-11-12,英超,Brighton & Hove Albion FC,Sheffield United FC,1,1
2023-11-12,英超,Liverpool FC,Brentford FC,3,0
2023-11-12,英超,West Ham United FC,Nottingham Forest FC,3,2
2023-11-12,英超,Chelsea FC,Manchester City FC,4,4
2023-11-25,英超,Manchester City FC,Liverpool FC,1,1
2023-11-25,英超,Burnley FC,West Ham United FC,1,2
2023-11-25,英超,Luton Town FC,Crystal Palace FC,2,1
2023-11-25,英超,Newcastle United FC,Chelsea FC,4,1
2023-11-25,英超,Nottingham Forest FC,Brighton & Hove Albion FC,2,3
2023-11-25,英超,Sheffield United FC,AFC Bournemouth,1,3
2023-11-25,英超,Brentford FC,Arsenal FC,0,1
2023-11-26,英超,Tottenham Hotspur FC,Aston Villa FC,1,2
2023-11-26,英超,Everton FC,Manchester United FC,0,3
2023-11-27,英超,Fulham FC,Wolverhampton Wanderers FC,3,2
2023-12-02,英超,Arsenal FC,Wolverhampton Wanderers FC,2,1
2023-12-02,英超,Brentford FC,Luton Town FC,3,1
2023-12-02,英超,Burnley FC,Sheffield United FC,5,0
2023-12-02,英超,Nottingham Forest FC,Everton FC,0,1
2023-12-02,英超,Newcastle United FC,Manchester United FC,1,0
2023-12-03,英超,AFC Bournemouth,Aston Villa FC,2,2
2023-12-03,英超,Chelsea FC,Brighton & Hove Albion FC,3,2
2023-12-03,英超,Liverpool FC,Fulham FC,4,3
2023-12-03,英超,West Ham United FC,Crystal Palace FC,1,1
2023-12-03,英超,Manchester City FC,Tottenham Hotspur FC,3,3
2023-12-05,英超,Wolverhampton Wanderers FC,Burnley FC,1,0
2023-12-05,英超,Luton Town FC,Arsenal FC,3,4
2023-12-06,英超,Brighton & Hove Albion FC,Brentford FC,2,1
2023-12-06,英超,Fulham FC,Nottingham Forest FC,5,0
2023-12-06,英超,Sheffield United FC,Liverpool FC,0,2
2023-12-06,英超,Crystal Palace FC,AFC Bournemouth,0,2
2023-12-06,英超,Aston Villa FC,Manchester City FC,1,0
2023-12-06,英超,Manchester United FC,Chelsea FC,2,1
2023-12-07,英超,Everton FC,Newcastle United FC,3,0
2023-12-07,英超,Tottenham Hotspur FC,West Ham United FC,1,2
2023-12-09,英超,Crystal Palace FC,Liverpool FC,1,2
2023-12-09,英超,Brighton & Hove Albion FC,Burnley FC,1,1
2023-12-09,英超,Manchester United FC,AFC Bournemouth,0,3
2023-12-09,英超,Sheffield United FC,Brentford FC,1,0
2023-12-09,英超,Wolverhampton Wanderers FC,Nottingham Forest FC,1,1
2023-12-09,英超,Aston Villa FC,Arsenal FC,1,0
2023-12-10,英超,Everton FC,Chelsea FC,2,0
2023-12-10,英超,Fulham FC,West Ham United FC,5,0
2023-12-10,英超,Luton Town FC,Manchester City FC,1,2
2023-12-10,英超,Tottenham Hotspur FC,Newcastle United FC,4,1
2023-12-15,英超,Nottingham Forest FC,Tottenham Hotspur FC,0,2
2023-12-16,英超,Chelsea FC,Sheffield United FC,2,0
2023-12-16,英超,Manchester City FC,Crystal Palace FC,2,2
2023-12-16,英超,Newcastle United FC,Fulham FC,3,0
2023-12-16,英超,Burnley FC,Everton FC,0,2
2023-12-17,英超,Arsenal FC,Brighton & Hove Albion FC,2,0
2023-12-17,英超,Brentford FC,Aston Villa FC,1,2
2023-12-17,英超,West Ham United FC,Wolverhampton Wanderers FC,3,0
2023-12-17,英超,Liverpool FC,Manchester United FC,0,0
2023-12-21,英超,Crystal Palace FC,Brighton & Hove Albion FC,1,1
2023-12-22,英超,Aston Villa FC,Sheffield United FC,1,1
2023-12-23,英超,West Ham United FC,Manchester United FC,2,0
2023-12-23,英超,Fulham FC,Burnley FC,0,2
2023-12-23,英超,Luton Town FC,Newcastle United FC,1,0
2023-12-23,英超,Nottingham Forest FC,AFC Bournemouth,2,3
2023-12-23,英超,Tottenham Hotspur FC,Everton FC,2,1
2023-12-23,英超,Liverpool FC,Arsenal FC,1,1
2023-12-24,英超,Wolverhampton Wanderers FC,Chelsea FC,2,1
2023-12-26,英超,Newcastle United FC,Nottingham Forest FC,1,3
2023-12-26,英超,AFC Bournemouth,Fulham FC,3,0
2023-12-26,英超,Sheffield United FC,Luton Town FC,2,3
2023-12-26,英超,Burnley FC,Liverpool FC,0,2
2023-12-26,英超,Manchester United FC,Aston Villa FC,3,2
2023-12-27,英超,Brentford FC,Wolverhampton Wanderers FC,1,4
2023-12-27,英超,Chelsea FC,Crystal Palace FC,2,1
2023-12-27,英超,Everton FC,Manchester City FC,1,3
2023-12-28,英超,Brighton & Hove Albion FC,Tottenham Hotspur FC,4,2
2023-12-28,英超,Arsenal FC,West Ham United FC,0,2
2023-12-30,英超,Luton Town FC,Chelsea FC,2,3
2023-12-30,英超,Aston Villa FC,Burnley FC,3,2
2023-12-30,英超,Crystal Palace FC,Brentford FC,3,1
2023-12-30,英超,Manchester City FC,Sheffield United FC,2,0
2023-12-30,英超,Wolverhampton Wanderers FC,Everton FC,3,0
2023-12-30,英超,Nottingham Forest FC,Manchester United FC,2,1
2023-12-31,英超,Fulham FC,Arsenal FC,2,1
2023-12-31,英超,Tottenham Hotspur FC,AFC Bournemouth,3,1
2024-01-01,英超,Liverpool FC,Newcastle United FC,4,2
2024-01-02,英超,West Ham United FC,Brighton & Hove Albion FC,0,0
2024-01-12,英超,Burnley FC,Luton Town FC,1,1
2024-01-13,英超,Chelsea FC,Fulham FC,1,0
2024-01-13,英超,Newcastle United FC,Manchester City FC,2,3
2024-01-14,英超,Everton FC,Aston Villa FC,0,0
2024-01-14,英超,Manchester United FC,Tottenham Hotspur FC,2,2
2024-01-20,英超,Arsenal FC,Crystal Palace FC,5,0
2024-01-20,英超,Brentford FC,Nottingham Forest FC,3,2
2024-01-21,英超,Sheffield United FC,West Ham United FC,2,2
2024-01-21,英超,AFC Bournemouth,Liverpool FC,0,4
2024-01-22,英超,Brighton & Hove Albion FC,Wolverhampton Wanderers FC,0,0
2024-01-30,英超,Nottingham Forest FC,Arsenal FC,1,2
2024-01-30,英超,Luton Town FC,Brighton & Hove Albion FC,4,0
2024-01-30,英超,Fulham FC,Everton FC,0,0
2024-01-30,英超,Crystal Palace FC,Sheffield United FC,3,2
2024-01-30,英超,Aston Villa FC,Newcastle United FC,1,3
2024-01-31,英超,Tottenham Hotspur FC,Brentford FC,3,2
2024-01-31,英超,Manchester City FC,Burnley FC,3,1
2024-01-31,英超,Liverpool FC,Chelsea FC,4,1
2024-02-01,英超,West Ham United FC,AFC Bournemouth,1,1
2024-02-01,英超,Wolverhampton Wanderers FC,Manchester United FC,3,4
2024-02-03,英超,Everton FC,Tottenham Hotspur FC,2,2
2024-02-03,英超,Brighton & Hove Albion FC,Crystal Palace FC,4,1
2024-02-03,英超,Burnley FC,Fulham FC,2,2
2024-02-03,英超,Newcastle United FC,Luton Town FC,4,4
2024-02-03,英超,Sheffield United FC,Aston Villa FC,0,5
2024-02-04,英超,AFC Bournemouth,Nottingham Forest FC,1,1
2024-02-04,英超,Chelsea FC,Wolverhampton Wanderers FC,2,4
2024-02-04,英超,Manchester United FC,West Ham United FC,3,0
2024-02-04,英超,Arsenal FC,Liverpool FC,3,1
2024-02-05,英超,Brentford FC,Manchester City FC,1,3
2024-02-10,英超,Manchester City FC,Everton FC,2,0
2024-02-10,英超,Fulham FC,AFC Bournemouth,3,1
2024-02-10,英超,Liverpool FC,Burnley FC,3,1
2024-02-10,英超,Luton Town FC,Sheffield United FC,1,3
2024-02-10,英超,Tottenham Hotspur FC,Brighton & Hove Albion FC,2,1
2024-02-10,英超,Wolverhampton Wanderers FC,Brentford FC,0,2
2024-02-10,英超,Nottingham Forest FC,Newcastle United FC,2,3
2024-02-11,英超,West Ham United FC,Arsenal FC,0,6
2024-02-11,英超,Aston Villa FC,Manchester United FC,1,2
2024-02-12,英超,Crystal Palace FC,Chelsea FC,1,3
2024-02-17,英超,Brentford FC,Liverpool FC,1,4
2024-02-17,英超,Burnley FC,Arsenal FC,0,5
2024-02-17,英超,Fulham FC,Aston Villa FC,1,2
2024-02-17,英超,Newcastle United FC,AFC Bournemouth,2,2
2024-02-17,英超,Nottingham Forest FC,West Ham United FC,2,0
2024-02-17,英超,Tottenham Hotspur FC,Wolverhampton Wanderers FC,1,2
2024-02-17,英超,Manchester City FC,Chelsea FC,1,1
2024-02-18,英超,Sheffield United FC,Brighton & Hove Albion FC,0,5
2024-02-18,英超,Luton Town FC,Manchester United FC,1,2
2024-02-19,英超,Everton FC,Crystal Palace FC,1,1
2024-02-20,英超,Manchester City FC,Brentford FC,1,0
2024-02-21,英超,Liverpool FC,Luton Town FC,4,1
2024-02-24,英超,Aston Villa FC,Nottingham Forest FC,4,2
2024-02-24,英超,Brighton & Hove Albion FC,Everton FC,1,1
2024-02-24,英超,Crystal Palace FC,Burnley FC,3,0
2024-02-24,英超,Manchester United FC,Fulham FC,1,2
2024-02-24,英超,AFC Bournemouth,Manchester City FC,0,1
2024-02-24,英超,Arsenal FC,Newcastle United FC,4,1
2024-02-25,英超,Wolverhampton Wanderers FC,Sheffield United FC,1,0
2024-02-26,英超,West Ham United FC,Brentford FC,4,2
2024-03-02,英超,Brentford FC,Chelsea FC,2,2
2024-03-02,英超,Everton FC,West Ham United FC,1,3
2024-03-02,英超,Fulham FC,Brighton & Hove Albion FC,3,0
2024-03-02,英超,Newcastle United FC,Wolverhampton Wanderers FC,3,0
2024-03-02,英超,Nottingham Forest FC,Liverpool FC,0,1
2024-03-02,英超,Tottenham Hotspur FC,Crystal Palace FC,3,1
2024-03-02,英超,Luton Town FC,Aston Villa FC,2,3
2024-03-03,英超,Burnley FC,AFC Bournemouth,0,2
2024-03-03,英超,Manchester City FC,Manchester United FC,3,1
2024-03-04,英超,Sheffield United FC,Arsenal FC,0,6
2024-03-09,英超,Manchester United FC,Everton FC,2,0
2024-03-09,英超,AFC Bournemouth,Sheffield United FC,2,2
2024-03-09,英超,Crystal Palace FC,Luton Town FC,1,1
2024-03-09,英超,Wolverhampton Wanderers FC,Fulham FC,2,1
2024-03-09,英超,Arsenal FC,Brentford FC,2,1
2024-03-10,英超,Aston Villa FC,Tottenham Hotspur FC,0,4
2024-03-10,英超,Brighton & Hove Albion FC,Nottingham Forest FC,1,0
2024-03-10,英超,West Ham United FC,Burnley FC,2,2
2024-03-10,英超,Liverpool FC,Manchester City FC,1,1
2024-03-11,英超,Chelsea FC,Newcastle United FC,3,2
2024-03-13,英超,AFC Bournemouth,Luton Town FC,4,3
2024-03-16,英超,Burnley FC,Brentford FC,2,1
2024-03-16,英超,Luton Town FC,Nottingham Forest FC,1,1
2024-03-16,英超,Fulham FC,Tottenham Hotspur FC,3,0
2024-03-17,英超,West Ham United FC,Aston Villa FC,1,1
2024-03-30,英超,Newcastle United FC,West Ham United FC,4,3
2024-03-30,英超,AFC Bournemouth,Everton FC,2,1
2024-03-30,英超,Chelsea FC,Burnley FC,2,2
2024-03-30,英超,Nottingham Forest FC,Crystal Palace FC,1,1
2024-03-30,英超,Sheffield United FC,Fulham FC,3,3
2024-03-30,英超,Tottenham Hotspur FC,Luton Town FC,2,1
2024-03-30,英超,Aston Villa FC,Wolverhampton Wanderers FC,2,0
2024-03-30,英超,Brentford FC,Manchester United FC,1,1
2024-03-31,英超,Liverpool FC,Brighton & Hove Albion FC,2,1
2024-03-31,英超,Manchester City FC,Arsenal FC,0,0
2024-04-02,英超,Nottingham Forest FC,Fulham FC,3,1
2024-04-02,英超,Newcastle United FC,Everton FC,1,1
2024-04-02,英超,AFC Bournemouth,Crystal Palace FC,1,0
2024-04-02,英超,Burnley FC,Wolverhampton Wanderers FC,1,1
2024-04-02,英超,West Ham United FC,Tottenham Hotspur FC,1,1
2024-04-03,英超,Arsenal FC,Luton Town FC,2,0
2024-04-03,英超,Brentford FC,Brighton & Hove Albion FC,0,0
2024-04-03,英超,Manchester City FC,Aston Villa FC,4,1
2024-04-04,英超,Liverpool FC,Sheffield United FC,3,1
2024-04-04,英超,Chelsea FC,Manchester United FC,4,3
2024-04-06,英超,Crystal Palace FC,Manchester City FC,2,4
2024-04-06,英超,Aston Villa FC,Brentford FC,3,3
2024-04-06,英超,Everton FC,Burnley FC,1,0
2024-04-06,英超,Fulham FC,Newcastle United FC,0,1
2024-04-06,英超,Luton Town FC,AFC Bournemouth,2,1
2024-04-06,英超,Wolverhampton Wanderers FC,West Ham United FC,1,2
2024-04-06,英超,Brighton & Hove Albion FC,Arsenal FC,0,3
2024-04-07,英超,Manchester United FC,Liverpool FC,2,2
2024-04-07,英超,Sheffield United FC,Chelsea FC,2,2
2024-04-07,英超,Tottenham Hotspur FC,Nottingham Forest FC,3,1
2024-04-13,英超,Newcastle United FC,Tottenham Hotspur FC,4,0
2024-04-13,英超,Brentford FC,Sheffield United FC,2,0
2024-04-13,英超,Burnley FC,Brighton & Hove Albion FC,1,1
2024-04-13,英超,Manchester City FC,Luton Town FC,5,1
2024-04-13,英超,Nottingham Forest FC,Wolverhampton Wanderers FC,2,2
2024-04-13,英超,AFC Bournemouth,Manchester United FC,2,2
2024-04-14,英超,Liverpool FC,Crystal Palace FC,0,1
2024-04-14,英超,West Ham United FC,Fulham FC,0,2
2024-04-14,英超,Arsenal FC,Aston Villa FC,0,2
2024-04-15,英超,Chelsea FC,Everton FC,6,0
2024-04-20,英超,Luton Town FC,Brentford FC,1,5
2024-04-20,英超,Sheffield United FC,Burnley FC,1,4
2024-04-20,英超,Wolverhampton Wanderers FC,Arsenal FC,0,2
2024-04-21,英超,Everton FC,Nottingham Forest FC,2,0
2024-04-21,英超,Aston Villa FC,AFC Bournemouth,3,1
2024-04-21,英超,Crystal Palace FC,West Ham United FC,5,2
2024-04-21,英超,Fulham FC,Liverpool FC,1,3
2024-04-23,英超,Arsenal FC,Chelsea FC,5,0
2024-04-24,英超,Wolverhampton Wanderers FC,AFC Bournemouth,0,1
2024-04-24,英超,Crystal Palace FC,Newcastle United FC,2,0
2024-04-24,英超,Everton FC,Liverpool FC,2,0
2024-04-24,英超,Manchester United FC,Sheffield United FC,4,2
2024-04-25,英超,Brighton & Hove Albion FC,Manchester City FC,0,4
2024-04-27,英超,West Ham United FC,Liverpool FC,2,2
2024-04-27,英超,Fulham FC,Crystal Palace FC,1,1
2024-04-27,英超,Manchester United FC,Burnley FC,1,1
2024-04-27,英超,Newcastle United FC,Sheffield United FC,5,1
2024-04-27,英超,Wolverhampton Wanderers FC,Luton Town FC,2,1
2024-04-27,英超,Everton FC,Brentford FC,1,0
2024-04-27,英超,Aston Villa FC,Chelsea FC,2,2
2024-04-28,英超,AFC Bournemouth,Brighton & Hove Albion FC,3,0
2024-04-28,英超,Tottenham Hotspur FC,Arsenal FC,2,3
2024-04-28,英超,Nottingham Forest FC,Manchester City FC,0,2
2024-05-02,英超,Chelsea FC,Tottenham Hotspur FC,2,0
2024-05-03,英超,Luton Town FC,Everton FC,1,1
2024-05-04,英超,Arsenal FC,AFC Bournemouth,3,0
2024-05-04,英超,Brentford FC,Fulham FC,0,0
2024-05-04,英超,Burnley FC,Newcastle United FC,1,4
2024-05-04,英超,Sheffield United FC,Nottingham Forest FC,1,3
2024-05-04,英超,Manchester City FC,Wolverhampton Wanderers FC,5,1
2024-05-05,英超,Brighton & Hove Albion FC,Aston Villa FC,1,0
2024-05-05,英超,Chelsea FC,West Ham United FC,5,0
2024-05-05,英超,Liverpool FC,Tottenham Hotspur FC,4,2
2024-05-06,英超,Crystal Palace FC,Manchester United FC,4,0
2024-05-11,英超,Fulham FC,Manchester City FC,0,4
2024-05-11,英超,AFC Bournemouth,Brentford FC,1,2
2024-05-11,英超,Everton FC,Sheffield United FC,1,0
2024-05-11,英超,Newcastle United FC,Brighton & Hove Albion FC,1,1
2024-05-11,英超,Tottenham Hotspur FC,Burnley FC,2,1
2024-05-11,英超,West Ham United FC,Luton Town FC,3,1
2024-05-11,英超,Wolverhampton Wanderers FC,Crystal Palace FC,1,3
2024-05-11,英超,Nottingham Forest FC,Chelsea FC,2,3
2024-05-12,英超,Manchester United FC,Arsenal FC,0,1
2024-05-13,英超,Aston Villa FC,Liverpool FC,3,3
2024-05-14,英超,Tottenham Hotspur FC,Manchester City FC,0,2
2024-05-15,英超,Brighton & Hove Albion FC,Chelsea FC,1,2
2024-05-15,英超,Manchester United FC,Newcastle United FC,3,2
2024-05-19,英超,Arsenal FC,Everton FC,2,1
2024-05-19,英超,Brentford FC,Newcastle United FC,2,4
2024-05-19,英超,Brighton & Hove Albion FC,Manchester United FC,0,2
2024-05-19,英超,Burnley FC,Nottingham Forest FC,1,2
2024-05-19,英超,Chelsea FC,AFC Bournemouth,2,1
2024-05-19,英超,Crystal Palace FC,Aston Villa FC,5,0
2024-05-19,英超,Liverpool FC,Wolverhampton Wanderers FC,2,0
2024-05-19,英超,Luton Town FC,Fulham FC,2,4
2024-05-19,英超,Manchester City FC,West Ham United FC,3,1
2024-05-19,英超,Sheffield United FC,Tottenham Hotspur FC,0,3
2024-08-16,英超,Manchester United FC,Fulham FC,1,0
2024-08-17,英超,Ipswich Town FC,Liverpool FC,0,2
2024-08-17,英超,Arsenal FC,Wolverhampton Wanderers FC,2,0
2024-08-17,英超,Everton FC,Brighton & Hove Albion FC,0,3
2024-08-17,英超,Newcastle United FC,Southampton FC,1,0
2024-08-17,英超,Nottingham Forest FC,AFC Bournemouth,1,1
2024-08-17,英超,West Ham United FC,Aston Villa FC,1,2
2024-08-18,英超,Brentford FC,Crystal Palace FC,2,1
2024-08-18,英超,Chelsea FC,Manchester City FC,0,2
2024-08-19,英超,Leicester City FC,Tottenham Hotspur FC,1,1
2024-08-24,英超,Brighton & Hove Albion FC,Manchester United FC,2,1
2024-08-24,英超,Crystal Palace FC,West Ham United FC,0,2
2024-08-24,英超,Fulham FC,Leicester City FC,2,1
2024-08-24,英超,Manchester City FC,Ipswich Town FC,4,1
2024-08-24,英超,Southampton FC,Nottingham Forest FC,0,1
2024-08-24,英超,Tottenham Hotspur FC,Everton FC,4,0
2024-08-24,英超,Aston Villa FC,Arsenal FC,0,2
2024-08-25,英超,AFC Bournemouth,Newcastle United FC,1,1
2024-08-25,英超,Wolverhampton Wanderers FC,Chelsea FC,2,6
2024-08-25,英超,Liverpool FC,Brentford FC,2,0
2024-08-31,英超,Arsenal FC,Brighton & Hove Albion FC,1,1
2024-08-31,英超,Brentford FC,Southampton FC,3,1
2024-08-31,英超,Everton FC,AFC Bournemouth,2,3
2024-08-31,英超,Ipswich Town FC,Fulham FC,1,1
2024-08-31,英超,Leicester City FC,Aston Villa FC,1,2
2024-08-31,英超,Nottingham Forest FC,Wolverhampton Wanderers FC,1,1
2024-08-31,英超,West Ham United FC,Manchester City FC,1,3
2024-09-01,英超,Chelsea FC,Crystal Palace FC,1,1
2024-09-01,英超,Newcastle United FC,Tottenham Hotspur FC,2,1
2024-09-01,英超,Manchester United FC,Liverpool FC,0,3
2024-09-14,英超,Southampton FC,Manchester United FC,0,3
2024-09-14,英超,Brighton & Hove Albion FC,Ipswich Town FC,0,0
2024-09-14,英超,Crystal Palace FC,Leicester City FC,2,2
2024-09-14,英超,Fulham FC,West Ham United FC,1,1
2024-09-14,英超,Liverpool FC,Nottingham Forest FC,0,1
2024-09-14,英超,Manchester City FC,Brentford FC,2,1
2024-09-14,英超,Aston Villa FC,Everton FC,3,2
2024-09-14,英超,AFC Bournemouth,Chelsea FC,0,1
2024-09-15,英超,Tottenham Hotspur FC,Arsenal FC,0,1
2024-09-15,英超,Wolverhampton Wanderers FC,Newcastle United FC,1,2
2024-09-21,英超,West Ham United FC,Chelsea FC,0,3
2024-09-21,英超,Aston Villa FC,Wolverhampton Wanderers FC,3,1
2024-09-21,英超,Fulham FC,Newcastle United FC,3,1
2024-09-21,英超,Leicester City FC,Everton FC,1,1
2024-09-21,英超,Liverpool FC,AFC Bournemouth,3,0
2024-09-21,英超,Southampton FC,Ipswich Town FC,1,1
2024-09-21,英超,Tottenham Hotspur FC,Brentford FC,3,1
2024-09-21,英超,Crystal Palace FC,Manchester United FC,0,0
2024-09-22,英超,Brighton & Hove Albion FC,Nottingham Forest FC,2,2
2024-09-22,英超,Manchester City FC,Arsenal FC,2,2
2024-09-28,英超,Newcastle United FC,Manchester City FC,1,1
2024-09-28,英超,Arsenal FC,Leicester City FC,4,2
2024-09-28,英超,Brentford FC,West Ham United FC,1,1
2024-09-28,英超,Chelsea FC,Brighton & Hove Albion FC,4,2
2024-09-28,英超,Everton FC,Crystal Palace FC,2,1
2024-09-28,英超,Nottingham Forest FC,Fulham FC,0,1
2024-09-28,英超,Wolverhampton Wanderers FC,Liverpool FC,1,2
2024-09-29,英超,Ipswich Town FC,Aston Villa FC,2,2
2024-09-29,英超,Manchester United FC,Tottenham Hotspur FC,0,3
2024-09-30,英超,AFC Bournemouth,Southampton FC,3,1
2024-10-05,英超,Crystal Palace FC,Liverpool FC,0,1
2024-10-05,英超,Arsenal FC,Southampton FC,3,1
2024-10-05,英超,Brentford FC,Wolverhampton Wanderers FC,5,3
2024-10-05,英超,Leicester City FC,AFC Bournemouth,1,0
2024-10-05,英超,Manchester City FC,Fulham FC,3,2
2024-10-05,英超,West Ham United FC,Ipswich Town FC,4,1
2024-10-05,英超,Everton FC,Newcastle United FC,0,0
2024-10-06,英超,Aston Villa FC,Manchester United FC,0,0
2024-10-06,英超,Chelsea FC,Nottingham Forest FC,1,1
2024-10-06,英超,Brighton & Hove Albion FC,Tottenham Hotspur FC,3,2
2024-10-19,英超,Tottenham Hotspur FC,West Ham United FC,4,1
2024-10-19,英超,Fulham FC,Aston Villa FC,1,3
2024-10-19,英超,Ipswich Town FC,Everton FC,0,2
2024-10-19,英超,Manchester United FC,Brentford FC,2,1
2024-10-19,英超,Newcastle United FC,Brighton & Hove Albion FC,0,1
2024-10-19,英超,Southampton FC,Leicester City FC,2,3
2024-10-19,英超,AFC Bournemouth,Arsenal FC,2,0
2024-10-20,英超,Wolverhampton Wanderers FC,Manchester City FC,1,2
2024-10-20,英超,Liverpool FC,Chelsea FC,2,1
2024-10-21,英超,Nottingham Forest FC,Crystal Palace FC,1,0
2024-10-25,英超,Leicester City FC,Nottingham Forest FC,1,3
2024-10-26,英超,Aston Villa FC,AFC Bournemouth,1,1
2024-10-26,英超,Brentford FC,Ipswich Town FC,4,3
2024-10-26,英超,Brighton & Hove Albion FC,Wolverhampton Wanderers FC,2,2
2024-10-26,英超,Manchester City FC,Southampton FC,1,0
2024-10-26,英超,Everton FC,Fulham FC,1,1
2024-10-27,英超,Chelsea FC,Newcastle United FC,2,1
2024-10-27,英超,Crystal Palace FC,Tottenham Hotspur FC,1,0
2024-10-27,英超,West Ham United FC,Manchester United FC,2,1
2024-10-27,英超,Arsenal FC,Liverpool FC,2,2
2024-11-02,英超,Newcastle United FC,Arsenal FC,1,0
2024-11-02,英超,AFC Bournemouth,Manchester City FC,2,1
2024-11-02,英超,Ipswich Town FC,Leicester City FC,1,1
2024-11-02,英超,Liverpool FC,Brighton & Hove Albion FC,2,1
2024-11-02,英超,Nottingham Forest FC,West Ham United FC,3,0
2024-11-02,英超,Southampton FC,Everton FC,1,0
2024-11-02,英超,Wolverhampton Wanderers FC,Crystal Palace FC,2,2
2024-11-03,英超,Tottenham Hotspur FC,Aston Villa FC,4,1
2024-11-03,英超,Manchester United FC,Chelsea FC,1,1
2024-11-04,英超,Fulham FC,Brentford FC,2,1
2024-11-09,英超,Brentford FC,AFC Bournemouth,3,2
2024-11-09,英超,Crystal Palace FC,Fulham FC,0,2
2024-11-09,英超,West Ham United FC,Everton FC,0,0
2024-11-09,英超,Wolverhampton Wanderers FC,Southampton FC,2,0
2024-11-09,英超,Brighton & Hove Albion FC,Manchester City FC,2,1
2024-11-09,英超,Liverpool FC,Aston Villa FC,2,0
2024-11-10,英超,Manchester United FC,Leicester City FC,3,0
2024-11-10,英超,Nottingham Forest FC,Newcastle United FC,1,3
2024-11-10,英超,Tottenham Hotspur FC,Ipswich Town FC,1,2
2024-11-10,英超,Chelsea FC,Arsenal FC,1,1
2024-11-23,英超,Leicester City FC,Chelsea FC,1,2
2024-11-23,英超,AFC Bournemouth,Brighton & Hove Albion FC,1,2
2024-11-23,英超,Arsenal FC,Nottingham Forest FC,3,0
2024-11-23,英超,Aston Villa FC,Crystal Palace FC,2,2
2024-11-23,英超,Everton FC,Brentford FC,0,0
2024-11-23,英超,Fulham FC,Wolverhampton Wanderers FC,1,4
2024-11-23,英超,Manchester City FC,Tottenham Hotspur FC,0,4
2024-11-24,英超,Southampton FC,Liverpool FC,2,3
2024-11-24,英超,Ipswich Town FC,Manchester United FC,1,1
2024-11-25,英超,Newcastle United FC,West Ham United FC,0,2
2024-11-29,英超,Brighton & Hove Albion FC,Southampton FC,1,1
2024-11-30,英超,Brentford FC,Leicester City FC,4,1
2024-11-30,英超,Crystal Palace FC,Newcastle United FC,1,1
2024-11-30,英超,Nottingham Forest FC,Ipswich Town FC,1,0
2024-11-30,英超,Wolverhampton Wanderers FC,AFC Bournemouth,2,4
2024-11-30,英超,West Ham United FC,Arsenal FC,2,5
2024-12-01,英超,Chelsea FC,Aston Villa FC,3,0
2024-12-01,英超,Manchester United FC,Everton FC,4,0
2024-12-01,英超,Tottenham Hotspur FC,Fulham FC,1,1
2024-12-01,英超,Liverpool FC,Manchester City FC,2,0
2024-12-03,英超,Ipswich Town FC,Crystal Palace FC,0,1
2024-12-03,英超,Leicester City FC,West Ham United FC,3,1
2024-12-04,英超,Everton FC,Wolverhampton Wanderers FC,4,0
2024-12-04,英超,Manchester City FC,Nottingham Forest FC,3,0
2024-12-04,英超,Newcastle United FC,Liverpool FC,3,3
2024-12-04,英超,Southampton FC,Chelsea FC,1,5
2024-12-04,英超,Arsenal FC,Manchester United FC,2,0
2024-12-04,英超,Aston Villa FC,Brentford FC,3,1
2024-12-05,英超,Fulham FC,Brighton & Hove Albion FC,3,1
2024-12-05,英超,AFC Bournemouth,Tottenham Hotspur FC,1,0
2024-12-07,英超,Aston Villa FC,Southampton FC,1,0
2024-12-07,英超,Brentford FC,Newcastle United FC,4,2
2024-12-07,英超,Crystal Palace FC,Manchester City FC,2,2
2024-12-07,英超,Manchester United FC,Nottingham Forest FC,2,3
2024-12-08,英超,Fulham FC,Arsenal FC,1,1
2024-12-08,英超,Ipswich Town FC,AFC Bournemouth,1,2
2024-12-08,英超,Leicester City FC,Brighton & Hove Albion FC,2,2
2024-12-08,英超,Tottenham Hotspur FC,Chelsea FC,3,4
2024-12-09,英超,West Ham United FC,Wolverhampton Wanderers FC,2,1
2024-12-14,英超,Arsenal FC,Everton FC,0,0
2024-12-14,英超,Liverpool FC,Fulham FC,2,2
2024-12-14,英超,Newcastle United FC,Leicester City FC,4,0
2024-12-14,英超,Wolverhampton Wanderers FC,Ipswich Town FC,1,2
2024-12-14,英超,Nottingham Forest FC,Aston Villa FC,2,1
2024-12-15,英超,Brighton & Hove Albion FC,Crystal Palace FC,1,3
2024-12-15,英超,Manchester City FC,Manchester United FC,1,2
2024-12-15,英超,Chelsea FC,Brentford FC,2,1
2024-12-15,英超,Southampton FC,Tottenham Hotspur FC,0,5
2024-12-16,英超,AFC Bournemouth,West Ham United FC,1,1
2024-12-21,英超,Aston Villa FC,Manchester City FC,2,1
2024-12-21,英超,Brentford FC,Nottingham Forest FC,0,2
2024-12-21,英超,Ipswich Town FC,Newcastle United FC,0,4
2024-12-21,英超,West Ham United FC,Brighton & Hove Albion FC,1,1
2024-12-21,英超,Crystal Palace FC,Arsenal FC,1,5
2024-12-22,英超,Everton FC,Chelsea FC,0,0
2024-12-22,英超,Fulham FC,Southampton FC,0,0
2024-12-22,英超,Leicester City FC,Wolverhampton Wanderers FC,0,3
2024-12-22,英超,Manchester United FC,AFC Bournemouth,0,3
2024-12-22,英超,Tottenham Hotspur FC,Liverpool FC,3,6
2024-12-26,英超,Manchester City FC,Everton FC,1,1
2024-12-26,英超,AFC Bournemouth,Crystal Palace FC,0,0
2024-12-26,英超,Chelsea FC,Fulham FC,1,2
2024-12-26,英超,Newcastle United FC,Aston Villa FC,3,0
2024-12-26,英超,Nottingham Forest FC,Tottenham Hotspur FC,1,0
2024-12-26,英超,Southampton FC,West Ham United FC,0,1
2024-12-26,英超,Wolverhampton Wanderers FC,Manchester United FC,2,0
2024-12-26,英超,Liverpool FC,Leicester City FC,3,1
2024-12-27,英超,Brighton & Hove Albion FC,Brentford FC,0,0
2024-12-27,英超,Arsenal FC,Ipswich Town FC,1,0
2024-12-29,英超,Leicester City FC,Manchester City FC,0,2
2024-12-29,英超,Crystal Palace FC,Southampton FC,2,1
2024-12-29,英超,Everton FC,Nottingham Forest FC,0,2
2024-12-29,英超,Fulham FC,AFC Bournemouth,2,2
2024-12-29,英超,Tottenham Hotspur FC,Wolverhampton Wanderers FC,2,2
2024-12-29,英超,West Ham United FC,Liverpool FC,0,5
2024-12-30,英超,Aston Villa FC,Brighton & Hove Albion FC,2,2
2024-12-30,英超,Ipswich Town FC,Chelsea FC,2,0
2024-12-30,英超,Manchester United FC,Newcastle United FC,0,2
2025-01-01,英超,Brentford FC,Arsenal FC,1,3
2025-01-04,英超,Tottenham Hotspur FC,Newcastle United FC,1,2
2025-01-04,英超,Southampton FC,Brentford FC,0,5
2025-01-04,英超,Crystal Palace FC,Chelsea FC,1,1
2025-01-04,英超,AFC Bournemouth,Everton FC,1,0
2025-01-04,英超,Aston Villa FC,Leicester City FC,2,1
2025-01-04,英超,Manchester City FC,West Ham United FC,4,1
2025-01-04,英超,Brighton & Hove Albion FC,Arsenal FC,1,1
2025-01-05,英超,Fulham FC,Ipswich Town FC,2,2
2025-01-05,英超,Liverpool FC,Manchester United FC,2,2
2025-01-06,英超,Wolverhampton Wanderers FC,Nottingham Forest FC,0,3
2025-01-14,英超,West Ham United FC,Fulham FC,3,2
2025-01-14,英超,Brentford FC,Manchester City FC,2,2
2025-01-14,英超,Chelsea FC,AFC Bournemouth,2,2
2025-01-14,英超,Nottingham Forest FC,Liverpool FC,1,1
2025-01-15,英超,Everton FC,Aston Villa FC,0,1
2025-01-15,英超,Leicester City FC,Crystal Palace FC,0,2
2025-01-15,英超,Newcastle United FC,Wolverhampton Wanderers FC,3,0
2025-01-15,英超,Arsenal FC,Tottenham Hotspur FC,2,1
2025-01-16,英超,Ipswich Town FC,Brighton & Hove Albion FC,0,2
2025-01-16,英超,Manchester United FC,Southampton FC,3,1
2025-01-18,英超,Newcastle United FC,AFC Bournemouth,1,4
2025-01-18,英超,West Ham United FC,Crystal Palace FC,0,2
2025-01-18,英超,Leicester City FC,Fulham FC,0,2
2025-01-18,英超,Brentford FC,Liverpool FC,0,2
2025-01-18,英超,Arsenal FC,Aston Villa FC,2,2
2025-01-19,英超,Manchester United FC,Brighton & Hove Albion FC,1,3
2025-01-19,英超,Nottingham Forest FC,Southampton FC,3,2
2025-01-19,英超,Everton FC,Tottenham Hotspur FC,3,2
2025-01-19,英超,Ipswich Town FC,Manchester City FC,0,6
2025-01-20,英超,Chelsea FC,Wolverhampton Wanderers FC,3,1
2025-01-25,英超,Liverpool FC,Ipswich Town FC,4,1
2025-01-25,英超,Wolverhampton Wanderers FC,Arsenal FC,0,1
2025-01-25,英超,Brighton & Hove Albion FC,Everton FC,0,1
2025-01-25,英超,Southampton FC,Newcastle United FC,1,3
2025-01-25,英超,AFC Bournemouth,Nottingham Forest FC,5,0
2025-01-25,英超,Manchester City FC,Chelsea FC,3,1
2025-01-26,英超,Crystal Palace FC,Brentford FC,1,2
2025-01-26,英超,Tottenham Hotspur FC,Leicester City FC,1,2
2025-01-26,英超,Aston Villa FC,West Ham United FC,1,1
2025-01-26,英超,Fulham FC,Manchester United FC,0,1
2025-02-01,英超,Nottingham Forest FC,Brighton & Hove Albion FC,7,0
2025-02-01,英超,Newcastle United FC,Fulham FC,1,2
2025-02-01,英超,Everton FC,Leicester City FC,4,0
2025-02-01,英超,AFC Bournemouth,Liverpool FC,0,2
2025-02-01,英超,Ipswich Town FC,Southampton FC,1,2
2025-02-01,英超,Wolverhampton Wanderers FC,Aston Villa FC,2,0
2025-02-02,英超,Manchester United FC,Crystal Palace FC,0,2
2025-02-02,英超,Brentford FC,Tottenham Hotspur FC,0,2
2025-02-02,英超,Arsenal FC,Manchester City FC,5,1
2025-02-03,英超,Chelsea FC,West Ham United FC,2,1
2025-02-12,英超,Everton FC,Liverpool FC,2,2
2025-02-14,英超,Brighton & Hove Albion FC,Chelsea FC,3,0
2025-02-15,英超,Leicester City FC,Arsenal FC,0,2
2025-02-15,英超,Southampton FC,AFC Bournemouth,1,3
2025-02-15,英超,West Ham United FC,Brentford FC,0,1
2025-02-15,英超,Aston Villa FC,Ipswich Town FC,1,1
2025-02-15,英超,Manchester City FC,Newcastle United FC,4,0
2025-02-15,英超,Fulham FC,Nottingham Forest FC,2,1
2025-02-15,英超,Crystal Palace FC,Everton FC,1,2
2025-02-16,英超,Liverpool FC,Wolverhampton Wanderers FC,2,1
2025-02-16,英超,Tottenham Hotspur FC,Manchester United FC,1,0
2025-02-19,英超,Aston Villa FC,Liverpool FC,2,2
2025-02-21,英超,Leicester City FC,Brentford FC,0,4
2025-02-22,英超,Everton FC,Manchester United FC,2,2
2025-02-22,英超,Ipswich Town FC,Tottenham Hotspur FC,1,4
2025-02-22,英超,Fulham FC,Crystal Palace FC,0,2
2025-02-22,英超,Arsenal FC,West Ham United FC,0,1
2025-02-22,英超,AFC Bournemouth,Wolverhampton Wanderers FC,0,1
2025-02-22,英超,Southampton FC,Brighton & Hove Albion FC,0,4
2025-02-22,英超,Aston Villa FC,Chelsea FC,2,1
2025-02-23,英超,Newcastle United FC,Nottingham Forest FC,4,3
2025-02-23,英超,Manchester City FC,Liverpool FC,0,2
2025-02-25,英超,Brighton & Hove Albion FC,AFC Bournemouth,2,1
2025-02-25,英超,Crystal Palace FC,Aston Villa FC,4,1
2025-02-25,英超,Wolverhampton Wanderers FC,Fulham FC,1,2
2025-02-25,英超,Chelsea FC,Southampton FC,4,0
2025-02-26,英超,Nottingham Forest FC,Arsenal FC,0,0
2025-02-26,英超,Brentford FC,Everton FC,1,1
2025-02-26,英超,Tottenham Hotspur FC,Manchester City FC,0,1
2025-02-26,英超,Manchester United FC,Ipswich Town FC,3,2
2025-02-26,英超,Liverpool FC,Newcastle United FC,2,0
2025-02-27,英超,West Ham United FC,Leicester City FC,2,0
2025-03-08,英超,Nottingham Forest FC,Manchester City FC,1,0
2025-03-08,英超,Brighton & Hove Albion FC,Fulham FC,2,1
2025-03-08,英超,Crystal Palace FC,Ipswich Town FC,1,0
2025-03-08,英超,Liverpool FC,Southampton FC,3,1
2025-03-08,英超,Brentford FC,Aston Villa FC,0,1
2025-03-08,英超,Wolverhampton Wanderers FC,Everton FC,1,1
2025-03-09,英超,Tottenham Hotspur FC,AFC Bournemouth,2,2
2025-03-09,英超,Chelsea FC,Leicester City FC,1,0
2025-03-09,英超,Manchester United FC,Arsenal FC,1,1
2025-03-10,英超,West Ham United FC,Newcastle United FC,0,1
2025-03-15,英超,Everton FC,West Ham United FC,1,1
2025-03-15,英超,Ipswich Town FC,Nottingham Forest FC,2,4
2025-03-15,英超,Manchester City FC,Brighton & Hove Albion FC,2,2
2025-03-15,英超,Southampton FC,Wolverhampton Wanderers FC,1,2
2025-03-15,英超,AFC Bournemouth,Brentford FC,1,2
2025-03-16,英超,Arsenal FC,Chelsea FC,1,0
2025-03-16,英超,Fulham FC,Tottenham Hotspur FC,2,0
2025-03-16,英超,Leicester City FC,Manchester United FC,0,3
2025-04-01,英超,Arsenal FC,Fulham FC,2,1
2025-04-01,英超,Wolverhampton Wanderers FC,West Ham United FC,1,0
2025-04-01,英超,Nottingham Forest FC,Manchester United FC,1,0
2025-04-02,英超,AFC Bournemouth,Ipswich Town FC,1,2
2025-04-02,英超,Brighton & Hove Albion FC,Aston Villa FC,0,3
2025-04-02,英超,Manchester City FC,Leicester City FC,2,0
2025-04-02,英超,Newcastle United FC,Brentford FC,2,1
2025-04-02,英超,Southampton FC,Crystal Palace FC,1,1
2025-04-02,英超,Liverpool FC,Everton FC,1,0
2025-04-03,英超,Chelsea FC,Tottenham Hotspur FC,1,0
2025-04-05,英超,Everton FC,Arsenal FC,1,1
2025-04-05,英超,Crystal Palace FC,Brighton & Hove Albion FC,2,1
2025-04-05,英超,Ipswich Town FC,Wolverhampton Wanderers FC,1,2
2025-04-05,英超,West Ham United FC,AFC Bournemouth,2,2
2025-04-05,英超,Aston Villa FC,Nottingham Forest FC,2,1
2025-04-06,英超,Brentford FC,Chelsea FC,0,0
2025-04-06,英超,Fulham FC,Liverpool FC,3,2
2025-04-06,英超,Tottenham Hotspur FC,Southampton FC,3,1
2025-04-06,英超,Manchester United FC,Manchester City FC,0,0
2025-04-07,英超,Leicester City FC,Newcastle United FC,0,3
2025-04-12,英超,Manchester City FC,Crystal Palace FC,5,2
2025-04-12,英超,Brighton & Hove Albion FC,Leicester City FC,2,2
2025-04-12,英超,Nottingham Forest FC,Everton FC,0,1
2025-04-12,英超,Southampton FC,Aston Villa FC,0,3
2025-04-12,英超,Arsenal FC,Brentford FC,1,1
2025-04-13,英超,Chelsea FC,Ipswich Town FC,2,2
2025-04-13,英超,Liverpool FC,West Ham United FC,2,1
2025-04-13,英超,Wolverhampton Wanderers FC,Tottenham Hotspur FC,4,2
2025-04-13,英超,Newcastle United FC,Manchester United FC,4,1
2025-04-14,英超,AFC Bournemouth,Fulham FC,1,0
2025-04-16,英超,Newcastle United FC,Crystal Palace FC,5,0
2025-04-19,英超,Brentford FC,Brighton & Hove Albion FC,4,2
2025-04-19,英超,Crystal Palace FC,AFC Bournemouth,0,0
2025-04-19,英超,Everton FC,Manchester City FC,0,2
2025-04-19,英超,West Ham United FC,Southampton FC,1,1
2025-04-19,英超,Aston Villa FC,Newcastle United FC,4,1
2025-04-20,英超,Fulham FC,Chelsea FC,1,2
2025-04-20,英超,Ipswich Town FC,Arsenal FC,0,4
2025-04-20,英超,Manchester United FC,Wolverhampton Wanderers FC,0,1
2025-04-20,英超,Leicester City FC,Liverpool FC,0,1
2025-04-21,英超,Tottenham Hotspur FC,Nottingham Forest FC,1,2
2025-04-22,英超,Manchester City FC,Aston Villa FC,2,1
2025-04-23,英超,Arsenal FC,Crystal Palace FC,2,2
2025-04-26,英超,Chelsea FC,Everton FC,1,0
2025-04-26,英超,Brighton & Hove Albion FC,West Ham United FC,3,2
2025-04-26,英超,Newcastle United FC,Ipswich Town FC,3,0
2025-04-26,英超,Southampton FC,Fulham FC,1,2
2025-04-26,英超,Wolverhampton Wanderers FC,Leicester City FC,3,0
2025-04-27,英超,AFC Bournemouth,Manchester United FC,1,1
2025-04-27,英超,Liverpool FC,Tottenham Hotspur FC,5,1
2025-05-01,英超,Nottingham Forest FC,Brentford FC,0,2
2025-05-02,英超,Manchester City FC,Wolverhampton Wanderers FC,1,0
2025-05-03,英超,Aston Villa FC,Fulham FC,1,0
2025-05-03,英超,Everton FC,Ipswich Town FC,2,2
2025-05-03,英超,Leicester City FC,Southampton FC,2,0
2025-05-03,英超,Arsenal FC,AFC Bournemouth,1,2
2025-05-04,英超,Brentford FC,Manchester United FC,4,3
2025-05-04,英超,Brighton & Hove Albion FC,Newcastle United FC,1,1
2025-05-04,英超,West Ham United FC,Tottenham Hotspur FC,1,1
2025-05-04,英超,Chelsea FC,Liverpool FC,3,1
2025-05-05,英超,Crystal Palace FC,Nottingham Forest FC,1,1
2025-05-10,英超,Fulham FC,Everton FC,1,3
2025-05-10,英超,Ipswich Town FC,Brentford FC,0,1
2025-05-10,英超,Southampton FC,Manchester City FC,0,0
2025-05-10,英超,Wolverhampton Wanderers FC,Brighton & Hove Albion FC,0,2
2025-05-10,英超,AFC Bournemouth,Aston Villa FC,0,1
2025-05-11,英超,Newcastle United FC,Chelsea FC,2,0
2025-05-11,英超,Manchester United FC,West Ham United FC,0,2
2025-05-11,英超,Nottingham Forest FC,Leicester City FC,2,2
2025-05-11,英超,Tottenham Hotspur FC,Crystal Palace FC,0,2
2025-05-11,英超,Liverpool FC,Arsenal FC,2,2
2025-05-16,英超,Aston Villa FC,Tottenham Hotspur FC,2,0
2025-05-16,英超,Chelsea FC,Manchester United FC,1,0
2025-05-18,英超,Everton FC,Southampton FC,2,0
2025-05-18,英超,West Ham United FC,Nottingham Forest FC,1,2
2025-05-18,英超,Brentford FC,Fulham FC,2,3
2025-05-18,英超,Leicester City FC,Ipswich Town FC,2,0
2025-05-18,英超,Arsenal FC,Newcastle United FC,1,0
2025-05-19,英超,Brighton & Hove Albion FC,Liverpool FC,3,2
2025-05-20,英超,Crystal Palace FC,Wolverhampton Wanderers FC,4,2
2025-05-20,英超,Manchester City FC,AFC Bournemouth,3,1
2025-05-25,英超,AFC Bournemouth,Leicester City FC,2,0
2025-05-25,英超,Fulham FC,Manchester City FC,0,2
2025-05-25,英超,Ipswich Town FC,West Ham United FC,1,3
2025-05-25,英超,Liverpool FC,Crystal Palace FC,1,1
2025-05-25,英超,Manchester United FC,Aston Villa FC,2,0
2025-05-25,英超,Newcastle United FC,Everton FC,0,1
2025-05-25,英超,Nottingham Forest FC,Chelsea FC,0,1
2025-05-25,英超,Southampton FC,Arsenal FC,1,2
2025-05-25,英超,Tottenham Hotspur FC,Brighton & Hove Albion FC,1,4
2025-05-25,英超,Wolverhampton Wanderers FC,Brentford FC,1,1
2025-08-15,英超,Liverpool FC,AFC Bournemouth,4,2
2025-08-16,英超,Aston Villa FC,Newcastle United FC,0,0
2025-08-16,英超,Brighton & Hove Albion FC,Fulham FC,1,1
2025-08-16,英超,Sunderland AFC,West Ham United FC,3,0
2025-08-16,英超,Tottenham Hotspur FC,Burnley FC,3,0
2025-08-16,英超,Wolverhampton Wanderers FC,Manchester City FC,0,4
2025-08-17,英超,Nottingham Forest FC,Brentford FC,3,1
2025-08-17,英超,Chelsea FC,Crystal Palace FC,0,0
2025-08-17,英超,Manchester United FC,Arsenal FC,0,1
2025-08-18,英超,Leeds United FC,Everton FC,1,0
2025-08-22,英超,West Ham United FC,Chelsea FC,1,5
2025-08-23,英超,Manchester City FC,Tottenham Hotspur FC,0,2
2025-08-23,英超,AFC Bournemouth,Wolverhampton Wanderers FC,1,0
2025-08-23,英超,Brentford FC,Aston Villa FC,1,0
2025-08-23,英超,Burnley FC,Sunderland AFC,2,0
2025-08-23,英超,Arsenal FC,Leeds United FC,5,0
2025-08-24,英超,Crystal Palace FC,Nottingham Forest FC,1,1
2025-08-24,英超,Everton FC,Brighton & Hove Albion FC,2,0
2025-08-24,英超,Fulham FC,Manchester United FC,1,1
2025-08-25,英超,Newcastle United FC,Liverpool FC,2,3
2025-08-30,英超,Chelsea FC,Fulham FC,2,0
2025-08-30,英超,Sunderland AFC,Brentford FC,2,1
2025-08-30,英超,Manchester United FC,Burnley FC,3,2
2025-08-30,英超,Tottenham Hotspur FC,AFC Bournemouth,0,1
2025-08-30,英超,Wolverhampton Wanderers FC,Everton FC,2,3
2025-08-30,英超,Leeds United FC,Newcastle United FC,0,0
2025-08-31,英超,Brighton & Hove Albion FC,Manchester City FC,2,1
2025-08-31,英超,Nottingham Forest FC,West Ham United FC,0,3
2025-08-31,英超,Liverpool FC,Arsenal FC,1,0
2025-08-31,英超,Aston Villa FC,Crystal Palace FC,0,3
2025-09-13,英超,Arsenal FC,Nottingham Forest FC,3,0
2025-09-13,英超,AFC Bournemouth,Brighton & Hove Albion FC,2,1
2025-09-13,英超,Crystal Palace FC,Sunderland AFC,0,0
2025-09-13,英超,Everton FC,Aston Villa FC,0,0
2025-09-13,英超,Fulham FC,Leeds United FC,1,0
2025-09-13,英超,Newcastle United FC,Wolverhampton Wanderers FC,1,0
2025-09-13,英超,West Ham United FC,Tottenham Hotspur FC,0,3
2025-09-13,英超,Brentford FC,Chelsea FC,2,2
2025-09-14,英超,Burnley FC,Liverpool FC,0,1
2025-09-14,英超,Manchester City FC,Manchester United FC,3,0
2025-09-20,英超,Liverpool FC,Everton FC,2,1
2025-09-20,英超,Brighton & Hove Albion FC,Tottenham Hotspur FC,2,2
2025-09-20,英超,Burnley FC,Nottingham Forest FC,1,1
2025-09-20,英超,West Ham United FC,Crystal Palace FC,1,2
2025-09-20,英超,Wolverhampton Wanderers FC,Leeds United FC,1,3
2025-09-20,英超,Manchester United FC,Chelsea FC,2,1
2025-09-20,英超,Fulham FC,Brentford FC,3,1
2025-09-21,英超,AFC Bournemouth,Newcastle United FC,0,0
2025-09-21,英超,Sunderland AFC,Aston Villa FC,1,1
2025-09-21,英超,Arsenal FC,Manchester City FC,1,1
2025-09-27,英超,Brentford FC,Manchester United FC,3,1
2025-09-27,英超,Crystal Palace FC,Liverpool FC,2,1
2025-09-27,英超,Chelsea FC,Brighton & Hove Albion FC,1,3
2025-09-27,英超,Leeds United FC,AFC Bournemouth,2,2
2025-09-27,英超,Manchester City FC,Burnley FC,5,1
2025-09-27,英超,Nottingham Forest FC,Sunderland AFC,0,1
2025-09-27,英超,Tottenham Hotspur FC,Wolverhampton Wanderers FC,1,1
2025-09-28,英超,Aston Villa FC,Fulham FC,3,1
2025-09-28,英超,Newcastle United FC,Arsenal FC,1,2
2025-09-29,英超,Everton FC,West Ham United FC,1,1
2025-10-03,英超,AFC Bournemouth,Fulham FC,3,1
2025-10-04,英超,Leeds United FC,Tottenham Hotspur FC,1,2
2025-10-04,英超,Arsenal FC,West Ham United FC,2,0
2025-10-04,英超,Manchester United FC,Sunderland AFC,2,0
2025-10-04,英超,Chelsea FC,Liverpool FC,2,1
2025-10-05,英超,Aston Villa FC,Burnley FC,2,1
2025-10-05,英超,Everton FC,Crystal Palace FC,2,1
2025-10-05,英超,Newcastle United FC,Nottingham Forest FC,2,0
2025-10-05,英超,Wolverhampton Wanderers FC,Brighton & Hove Albion FC,1,1
2025-10-05,英超,Brentford FC,Manchester City FC,0,1
2025-10-18,英超,Nottingham Forest FC,Chelsea FC,0,3
2025-10-18,英超,Brighton & Hove Albion FC,Newcastle United FC,2,1
2025-10-18,英超,Crystal Palace FC,AFC Bournemouth,3,3
2025-10-18,英超,Burnley FC,Leeds United FC,2,0
2025-10-18,英超,Manchester City FC,Everton FC,2,0
2025-10-18,英超,Sunderland AFC,Wolverhampton Wanderers FC,2,0
2025-10-18,英超,Fulham FC,Arsenal FC,0,1
2025-10-19,英超,Tottenham Hotspur FC,Aston Villa FC,1,2
2025-10-19,英超,Liverpool FC,Manchester United FC,1,2
2025-10-20,英超,West Ham United FC,Brentford FC,0,2
2025-10-24,英超,Leeds United FC,West Ham United FC,2,1
2025-10-25,英超,Chelsea FC,Sunderland AFC,1,2
2025-10-25,英超,Newcastle United FC,Fulham FC,2,1
2025-10-25,英超,Manchester United FC,Brighton & Hove Albion FC,4,2
2025-10-25,英超,Brentford FC,Liverpool FC,3,2
2025-10-26,英超,AFC Bournemouth,Nottingham Forest FC,2,0
2025-10-26,英超,Aston Villa FC,Manchester City FC,1,0
2025-10-26,英超,Arsenal FC,Crystal Palace FC,1,0
2025-10-26,英超,Wolverhampton Wanderers FC,Burnley FC,2,3
2025-10-26,英超,Everton FC,Tottenham Hotspur FC,0,3
2025-11-01,英超,Brighton & Hove Albion FC,Leeds United FC,3,0
2025-11-01,英超,Crystal Palace FC,Brentford FC,2,0
2025-11-01,英超,Burnley FC,Arsenal FC,0,2
2025-11-01,英超,Fulham FC,Wolverhampton Wanderers FC,3,0
2025-11-01,英超,Nottingham Forest FC,Manchester United FC,2,2
2025-11-01,英超,Tottenham Hotspur FC,Chelsea FC,0,1
2025-11-01,英超,Liverpool FC,Aston Villa FC,2,0
2025-11-02,英超,West Ham United FC,Newcastle United FC,3,1
2025-11-02,英超,Manchester City FC,AFC Bournemouth,3,1
2025-11-03,英超,Sunderland AFC,Everton FC,1,1
2025-11-08,英超,Tottenham Hotspur FC,Manchester United FC,2,2
2025-11-08,英超,Everton FC,Fulham FC,2,0
2025-11-08,英超,West Ham United FC,Burnley FC,3,2
2025-11-08,英超,Sunderland AFC,Arsenal FC,2,2
2025-11-08,英超,Chelsea FC,Wolverhampton Wanderers FC,3,0
2025-11-09,英超,Aston Villa FC,AFC Bournemouth,4,0
2025-11-09,英超,Crystal Palace FC,Brighton & Hove Albion FC,0,0
2025-11-09,英超,Brentford FC,Newcastle United FC,3,1
2025-11-09,英超,Nottingham Forest FC,Leeds United FC,3,1
2025-11-09,英超,Manchester City FC,Liverpool FC,3,0
2025-11-22,英超,Burnley FC,Chelsea FC,0,2
2025-11-22,英超,AFC Bournemouth,West Ham United FC,2,2
2025-11-22,英超,Brighton & Hove Albion FC,Brentford FC,2,1
2025-11-22,英超,Fulham FC,Sunderland AFC,1,0
2025-11-22,英超,Liverpool FC,Nottingham Forest FC,0,3
2025-11-22,英超,Wolverhampton Wanderers FC,Crystal Palace FC,0,2
2025-11-22,英超,Newcastle United FC,Manchester City FC,2,1
2025-11-23,英超,Leeds United FC,Aston Villa FC,1,2
2025-11-23,英超,Arsenal FC,Tottenham Hotspur FC,4,1
2025-11-24,英超,Manchester United FC,Everton FC,0,1
2025-11-29,英超,Sunderland AFC,AFC Bournemouth,3,2
2025-11-29,英超,Brentford FC,Burnley FC,3,1
2025-11-29,英超,Manchester City FC,Leeds United FC,3,2
2025-11-29,英超,Everton FC,Newcastle United FC,1,4
2025-11-29,英超,Tottenham Hotspur FC,Fulham FC,1,2
2025-11-30,英超,Crystal Palace FC,Manchester United FC,1,2
2025-11-30,英超,Aston Villa FC,Wolverhampton Wanderers FC,1,0
2025-11-30,英超,Nottingham Forest FC,Brighton & Hove Albion FC,0,2
2025-11-30,英超,West Ham United FC,Liverpool FC,0,2
2025-11-30,英超,Chelsea FC,Arsenal FC,1,1
2025-12-02,英超,AFC Bournemouth,Everton FC,0,1
2025-12-02,英超,Fulham FC,Manchester City FC,4,5
2025-12-02,英超,Newcastle United FC,Tottenham Hotspur FC,2,2
2025-12-03,英超,Brighton & Hove Albion FC,Aston Villa FC,3,4
2025-12-03,英超,Arsenal FC,Brentford FC,2,0
2025-12-03,英超,Burnley FC,Crystal Palace FC,0,1
2025-12-03,英超,Wolverhampton Wanderers FC,Nottingham Forest FC,0,1
2025-12-03,英超,Liverpool FC,Sunderland AFC,1,1
2025-12-03,英超,Leeds United FC,Chelsea FC,3,1
2025-12-04,英超,Manchester United FC,West Ham United FC,1,1
2025-12-06,英超,Aston Villa FC,Arsenal FC,2,1
2025-12-06,英超,AFC Bournemouth,Chelsea FC,0,0
2025-12-06,英超,Everton FC,Nottingham Forest FC,3,0
2025-12-06,英超,Manchester City FC,Sunderland AFC,3,0
2025-12-06,英超,Newcastle United FC,Burnley FC,2,1
2025-12-06,英超,Tottenham Hotspur FC,Brentford FC,2,0
2025-12-06,英超,Leeds United FC,Liverpool FC,3,3
2025-12-07,英超,Brighton & Hove Albion FC,West Ham United FC,1,1
2025-12-07,英超,Fulham FC,Crystal Palace FC,1,2
2025-12-08,英超,Wolverhampton Wanderers FC,Manchester United FC,1,4
2025-12-13,英超,Chelsea FC,Everton FC,2,0
2025-12-13,英超,Liverpool FC,Brighton & Hove Albion FC,2,0
2025-12-13,英超,Burnley FC,Fulham FC,2,3
2025-12-13,英超,Arsenal FC,Wolverhampton Wanderers FC,2,1
2025-12-14,英超,Sunderland AFC,Newcastle United FC,1,0
2025-12-14,英超,Crystal Palace FC,Manchester City FC,0,3
2025-12-14,英超,Nottingham Forest FC,Tottenham Hotspur FC,3,0
2025-12-14,英超,West Ham United FC,Aston Villa FC,2,3
2025-12-14,英超,Brentford FC,Leeds United FC,1,1
2025-12-15,英超,Manchester United FC,AFC Bournemouth,4,4
2025-12-20,英超,Newcastle United FC,Chelsea FC,2,2
2025-12-20,英超,AFC Bournemouth,Burnley FC,1,1
2025-12-20,英超,Brighton & Hove Albion FC,Sunderland AFC,0,0
2025-12-20,英超,Manchester City FC,West Ham United FC,3,0
2025-12-20,英超,Wolverhampton Wanderers FC,Brentford FC,0,2
2025-12-20,英超,Tottenham Hotspur FC,Liverpool FC,1,2
2025-12-20,英超,Everton FC,Arsenal FC,0,1
2025-12-20,英超,Leeds United FC,Crystal Palace FC,4,1
2025-12-21,英超,Aston Villa FC,Manchester United FC,2,1
2025-12-22,英超,Fulham FC,Nottingham Forest FC,1,0
2025-12-26,英超,Manchester United FC,Newcastle United FC,1,0
2025-12-27,英超,Nottingham Forest FC,Manchester City FC,1,2
2025-12-27,英超,Arsenal FC,Brighton & Hove Albion FC,2,1
2025-12-27,英超,Brentford FC,AFC Bournemouth,4,1
2025-12-27,英超,Burnley FC,Everton FC,0,0
2025-12-27,英超,Liverpool FC,Wolverhampton Wanderers FC,2,1
2025-12-27,英超,West Ham United FC,Fulham FC,0,1
2025-12-27,英超,Chelsea FC,Aston Villa FC,1,2
2025-12-28,英超,Sunderland AFC,Leeds United FC,1,1
2025-12-28,英超,Crystal Palace FC,Tottenham Hotspur FC,0,1
2025-12-30,英超,Burnley FC,Newcastle United FC,1,3
2025-12-30,英超,Chelsea FC,AFC Bournemouth,2,2
2025-12-30,英超,Nottingham Forest FC,Everton FC,0,2
2025-12-30,英超,West Ham United FC,Brighton & Hove Albion FC,2,2
2025-12-30,英超,Arsenal FC,Aston Villa FC,4,1
2025-12-30,英超,Manchester United FC,Wolverhampton Wanderers FC,1,1
2026-01-01,英超,Crystal Palace FC,Fulham FC,1,1
2026-01-01,英超,Liverpool FC,Leeds United FC,0,0
2026-01-01,英超,Sunderland AFC,Manchester City FC,0,0
2026-01-01,英超,Brentford FC,Tottenham Hotspur FC,0,0
2026-01-03,英超,Aston Villa FC,Nottingham Forest FC,3,1
2026-01-03,英超,Brighton & Hove Albion FC,Burnley FC,2,0
2026-01-03,英超,Wolverhampton Wanderers FC,West Ham United FC,3,0
2026-01-03,英超,AFC Bournemouth,Arsenal FC,2,3
2026-01-04,英超,Leeds United FC,Manchester United FC,1,1
2026-01-04,英超,Everton FC,Brentford FC,2,4
2026-01-04,英超,Newcastle United FC,Crystal Palace FC,2,0
2026-01-04,英超,Tottenham Hotspur FC,Sunderland AFC,1,1
2026-01-04,英超,Fulham FC,Liverpool FC,2,2
2026-01-04,英超,Manchester City FC,Chelsea FC,1,1
2026-01-06,英超,West Ham United FC,Nottingham Forest FC,1,2
2026-01-07,英超,AFC Bournemouth,Tottenham Hotspur FC,3,2
2026-01-07,英超,Crystal Palace FC,Aston Villa FC,0,0
2026-01-07,英超,Brentford FC,Sunderland AFC,3,0
2026-01-07,英超,Everton FC,Wolverhampton Wanderers FC,1,1
2026-01-07,英超,Fulham FC,Chelsea FC,2,1
2026-01-07,英超,Manchester City FC,Brighton & Hove Albion FC,1,1
2026-01-07,英超,Burnley FC,Manchester United FC,2,2
2026-01-07,英超,Newcastle United FC,Leeds United FC,4,3
2026-01-08,英超,Arsenal FC,Liverpool FC,0,0
2026-01-17,英超,Manchester United FC,Manchester City FC,2,0
2026-01-17,英超,Sunderland AFC,Crystal Palace FC,2,1
2026-01-17,英超,Chelsea FC,Brentford FC,2,0
2026-01-17,英超,Liverpool FC,Burnley FC,1,1
2026-01-17,英超,Leeds United FC,Fulham FC,1,0
2026-01-17,英超,Tottenham Hotspur FC,West Ham United FC,1,2
2026-01-17,英超,Nottingham Forest FC,Arsenal FC,0,0
2026-01-18,英超,Wolverhampton Wanderers FC,Newcastle United FC,0,0
2026-01-18,英超,Aston Villa FC,Everton FC,0,1
2026-01-19,英超,Brighton & Hove Albion FC,AFC Bournemouth,1,1
2026-01-24,英超,West Ham United FC,Sunderland AFC,3,1
2026-01-24,英超,Burnley FC,Tottenham Hotspur FC,2,2
2026-01-24,英超,Fulham FC,Brighton & Hove Albion FC,2,1
2026-01-24,英超,Manchester City FC,Wolverhampton Wanderers FC,2,0
2026-01-24,英超,AFC Bournemouth,Liverpool FC,3,2
2026-01-25,英超,Crystal Palace FC,Chelsea FC,1,3
2026-01-25,英超,Brentford FC,Nottingham Forest FC,0,2
2026-01-25,英超,Newcastle United FC,Aston Villa FC,0,2
2026-01-25,英超,Arsenal FC,Manchester United FC,2,3
2026-01-26,英超,Everton FC,Leeds United FC,1,1
2026-01-31,英超,Brighton & Hove Albion FC,Everton FC,1,1
2026-01-31,英超,Leeds United FC,Arsenal FC,0,4
2026-01-31,英超,Wolverhampton Wanderers FC,AFC Bournemouth,0,2
2026-01-31,英超,Chelsea FC,West Ham United FC,3,2
2026-01-31,英超,Liverpool FC,Newcastle United FC,4,1
2026-02-01,英超,Aston Villa FC,Brentford FC,0,1
2026-02-01,英超,Manchester United FC,Fulham FC,3,2
2026-02-01,英超,Nottingham Forest FC,Crystal Palace FC,1,1
2026-02-01,英超,Tottenham Hotspur FC,Manchester City FC,2,2
2026-02-02,英超,Sunderland AFC,Burnley FC,3,0
2026-02-06,英超,Leeds United FC,Nottingham Forest FC,3,1
2026-02-07,英超,Manchester United FC,Tottenham Hotspur FC,2,0
2026-02-07,英超,AFC Bournemouth,Aston Villa FC,1,1
2026-02-07,英超,Arsenal FC,Sunderland AFC,3,0
2026-02-07,英超,Burnley FC,West Ham United FC,0,2
2026-02-07,英超,Fulham FC,Everton FC,1,2
2026-02-07,英超,Wolverhampton Wanderers FC,Chelsea FC,1,3
2026-02-07,英超,Newcastle United FC,Brentford FC,2,3
2026-02-08,英超,Brighton & Hove Albion FC,Crystal Palace FC,0,1
2026-02-08,英超,Liverpool FC,Manchester City FC,1,2
2026-02-10,英超,Chelsea FC,Leeds United FC,2,2
2026-02-10,英超,Everton FC,AFC Bournemouth,1,2
2026-02-10,英超,Tottenham Hotspur FC,Newcastle United FC,1,2
2026-02-10,英超,West Ham United FC,Manchester United FC,1,1
2026-02-11,英超,Aston Villa FC,Brighton & Hove Albion FC,1,0
2026-02-11,英超,Manchester City FC,Fulham FC,3,0
2026-02-11,英超,Nottingham Forest FC,Wolverhampton Wanderers FC,0,0
2026-02-11,英超,Crystal Palace FC,Burnley FC,2,3
2026-02-11,英超,Sunderland AFC,Liverpool FC,0,1
2026-02-12,英超,Brentford FC,Arsenal FC,1,1
2026-02-18,英超,Wolverhampton Wanderers FC,Arsenal FC,2,2
2026-02-21,英超,Aston Villa FC,Leeds United FC,1,1
2026-02-21,英超,Brentford FC,Brighton & Hove Albion FC,0,2
2026-02-21,英超,Chelsea FC,Burnley FC,1,1
2026-02-21,英超,West Ham United FC,AFC Bournemouth,0,0
2026-02-21,英超,Manchester City FC,Newcastle United FC,2,1
2026-02-22,英超,Sunderland AFC,Fulham FC,1,3
2026-02-22,英超,Crystal Palace FC,Wolverhampton Wanderers FC,1,0
2026-02-22,英超,Nottingham Forest FC,Liverpool FC,0,1
2026-02-22,英超,Tottenham Hotspur FC,Arsenal FC,1,4
2026-02-23,英超,Everton FC,Manchester United FC,0,1
2026-02-27,英超,Wolverhampton Wanderers FC,Aston Villa FC,2,0
2026-02-28,英超,AFC Bournemouth,Sunderland AFC,1,1
2026-02-28,英超,Burnley FC,Brentford FC,3,4
2026-02-28,英超,Liverpool FC,West Ham United FC,5,2
2026-02-28,英超,Newcastle United FC,Everton FC,2,3
2026-02-28,英超,Leeds United FC,Manchester City FC,0,1
2026-03-01,英超,Brighton & Hove Albion FC,Nottingham Forest FC,2,1
2026-03-01,英超,Fulham FC,Tottenham Hotspur FC,2,1
2026-03-01,英超,Manchester United FC,Crystal Palace FC,2,1
2026-03-01,英超,Arsenal FC,Chelsea FC,2,1
2026-03-03,英超,AFC Bournemouth,Brentford FC,0,0
2026-03-03,英超,Everton FC,Burnley FC,2,0
2026-03-03,英超,Leeds United FC,Sunderland AFC,0,1
2026-03-03,英超,Wolverhampton Wanderers FC,Liverpool FC,2,1
2026-03-04,英超,Aston Villa FC,Chelsea FC,1,4
2026-03-04,英超,Brighton & Hove Albion FC,Arsenal FC,0,1
2026-03-04,英超,Fulham FC,West Ham United FC,0,1
2026-03-04,英超,Manchester City FC,Nottingham Forest FC,2,2
2026-03-04,英超,Newcastle United FC,Manchester United FC,2,1
2026-03-05,英超,Tottenham Hotspur FC,Crystal Palace FC,1,3
2026-03-14,英超,Sunderland AFC,Brighton & Hove Albion FC,0,1
2026-03-14,英超,Burnley FC,AFC Bournemouth,0,0
2026-03-14,英超,Arsenal FC,Everton FC,2,0
2026-03-14,英超,Chelsea FC,Newcastle United FC,0,1
2026-03-14,英超,West Ham United FC,Manchester City FC,1,1
2026-03-15,英超,Crystal Palace FC,Leeds United FC,0,0
2026-03-15,英超,Manchester United FC,Aston Villa FC,3,1
2026-03-15,英超,Nottingham Forest FC,Fulham FC,0,0
2026-03-15,英超,Liverpool FC,Tottenham Hotspur FC,1,1
2026-03-16,英超,Brentford FC,Wolverhampton Wanderers FC,2,2
2026-03-20,英超,AFC Bournemouth,Manchester United FC,2,2
2026-03-21,英超,Brighton & Hove Albion FC,Liverpool FC,2,1
2026-03-21,英超,Fulham FC,Burnley FC,3,1
2026-03-21,英超,Everton FC,Chelsea FC,3,0
2026-03-21,英超,Leeds United FC,Brentford FC,0,0
2026-03-22,英超,Newcastle United FC,Sunderland AFC,1,2
2026-03-22,英超,Aston Villa FC,West Ham United FC,2,0
2026-03-22,英超,Tottenham Hotspur FC,Nottingham Forest FC,0,3
2026-04-10,英超,West Ham United FC,Wolverhampton Wanderers FC,4,0
2026-04-11,英超,Arsenal FC,AFC Bournemouth,1,2
2026-04-11,英超,Brentford FC,Everton FC,2,2
2026-04-11,英超,Burnley FC,Brighton & Hove Albion FC,0,2
2026-04-11,英超,Liverpool FC,Fulham FC,2,0
2026-04-12,英超,Sunderland AFC,Tottenham Hotspur FC,1,0
2026-04-12,英超,Crystal Palace FC,Newcastle United FC,2,1
2026-04-12,英超,Nottingham Forest FC,Aston Villa FC,1,1
2026-04-12,英超,Chelsea FC,Manchester City FC,0,3
2026-04-13,英超,Manchester United FC,Leeds United FC,1,2
2026-04-18,英超,Brentford FC,Fulham FC,0,0
2026-04-18,英超,Newcastle United FC,AFC Bournemouth,1,2
2026-04-18,英超,Leeds United FC,Wolverhampton Wanderers FC,3,0
2026-04-18,英超,Tottenham Hotspur FC,Brighton & Hove Albion FC,2,2
2026-04-18,英超,Chelsea FC,Manchester United FC,0,1
2026-04-19,英超,Nottingham Forest FC,Burnley FC,4,1
2026-04-19,英超,Aston Villa FC,Sunderland AFC,4,3
2026-04-19,英超,Everton FC,Liverpool FC,1,2
2026-04-19,英超,Manchester City FC,Arsenal FC,2,1
2026-04-20,英超,Crystal Palace FC,West Ham United FC,0,0
2026-04-21,英超,Brighton & Hove Albion FC,Chelsea FC,3,0
2026-04-22,英超,AFC Bournemouth,Leeds United FC,2,2
2026-04-22,英超,Burnley FC,Manchester City FC,0,1
2026-04-24,英超,Sunderland AFC,Nottingham Forest FC,0,5
2026-04-25,英超,Fulham FC,Aston Villa FC,1,0
2026-04-25,英超,Liverpool FC,Crystal Palace FC,3,1
2026-04-25,英超,West Ham United FC,Everton FC,2,1
2026-04-25,英超,Wolverhampton Wanderers FC,Tottenham Hotspur FC,0,1
2026-04-25,英超,Arsenal FC,Newcastle United FC,1,0
2026-04-27,英超,Manchester United FC,Brentford FC,2,1
2026-05-01,英超,Leeds United FC,Burnley FC,3,1
2026-05-02,英超,Brentford FC,West Ham United FC,3,0
2026-05-02,英超,Newcastle United FC,Brighton & Hove Albion FC,3,1
2026-05-02,英超,Wolverhampton Wanderers FC,Sunderland AFC,1,1
2026-05-02,英超,Arsenal FC,Fulham FC,3,0
2026-05-03,英超,AFC Bournemouth,Crystal Palace FC,3,0
2026-05-03,英超,Manchester United FC,Liverpool FC,3,2
2026-05-03,英超,Aston Villa FC,Tottenham Hotspur FC,1,2
2026-05-04,英超,Chelsea FC,Nottingham Forest FC,1,3
2026-05-04,英超,Everton FC,Manchester City FC,3,3
2026-05-09,英超,Liverpool FC,Chelsea FC,1,1
2026-05-09,英超,Sunderland AFC,Manchester United FC,0,0
2026-05-09,英超,Brighton & Hove Albion FC,Wolverhampton Wanderers FC,3,0
2026-05-09,英超,Fulham FC,AFC Bournemouth,0,1
2026-05-09,英超,Manchester City FC,Brentford FC,3,0
2026-05-10,英超,Crystal Palace FC,Everton FC,2,2
2026-05-10,英超,Burnley FC,Aston Villa FC,2,2
2026-05-10,英超,Nottingham Forest FC,Newcastle United FC,1,1
2026-05-10,英超,West Ham United FC,Arsenal FC,0,1
2026-05-11,英超,Tottenham Hotspur FC,Leeds United FC,1,1
2026-05-13,英超,Manchester City FC,Crystal Palace FC,3,0
2026-05-15,英超,Aston Villa FC,Liverpool FC,4,2
2026-05-17,英超,Manchester United FC,Nottingham Forest FC,3,2
2026-05-17,英超,Brentford FC,Crystal Palace FC,2,2
2026-05-17,英超,Everton FC,Sunderland AFC,1,3
2026-05-17,英超,Leeds United FC,Brighton & Hove Albion FC,1,0
2026-05-17,英超,Wolverhampton Wanderers FC,Fulham FC,1,1
2026-05-17,英超,Newcastle United FC,West Ham United FC,3,1
2026-05-18,英超,Arsenal FC,Burnley FC,1,0
2026-05-19,英超,AFC Bournemouth,Manchester City FC,1,1
2026-05-19,英超,Chelsea FC,Tottenham Hotspur FC,2,1
2026-05-24,英超,Sunderland AFC,Chelsea FC,2,1
2026-05-24,英超,Brighton & Hove Albion FC,Manchester United FC,0,3
2026-05-24,英超,Crystal Palace FC,Arsenal FC,1,2
2026-05-24,英超,Burnley FC,Wolverhampton Wanderers FC,1,1
2026-05-24,英超,Fulham FC,Newcastle United FC,2,0
2026-05-24,英超,Liverpool FC,Brentford FC,1,1
2026-05-24,英超,Manchester City FC,Aston Villa FC,1,2
2026-05-24,英超,Nottingham Forest FC,AFC Bournemouth,1,1
2026-05-24,英超,Tottenham Hotspur FC,Everton FC,1,0
2026-05-24,英超,West Ham United FC,Leeds United FC,3,0
2023-08-11,荷甲,FC Volendam,SBV Vitesse,1,2
2023-08-12,荷甲,PSV,FC Utrecht,2,0
2023-08-12,荷甲,SC Heerenveen,RKC Waalwijk,3,1
2023-08-12,荷甲,AFC Ajax,Heracles Almelo,4,1
2023-08-12,荷甲,PEC Zwolle,Sparta Rotterdam,1,2
2023-08-13,荷甲,NEC,SBV Excelsior,3,4
2023-08-13,荷甲,Feyenoord Rotterdam,Fortuna Sittard,0,0
2023-08-13,荷甲,AZ,Go Ahead Eagles,5,1
2023-08-13,荷甲,Almere City FC,FC Twente '65,1,4
2023-08-18,荷甲,Heracles Almelo,NEC,2,1
2023-08-19,荷甲,SBV Excelsior,AFC Ajax,2,2
2023-08-19,荷甲,SBV Vitesse,PSV,1,3
2023-08-19,荷甲,Fortuna Sittard,Almere City FC,2,1
2023-08-19,荷甲,Go Ahead Eagles,FC Volendam,4,1
2023-08-20,荷甲,FC Utrecht,SC Heerenveen,0,2
2023-08-20,荷甲,Sparta Rotterdam,Feyenoord Rotterdam,2,2
2023-08-20,荷甲,FC Twente '65,PEC Zwolle,3,1
2023-08-20,荷甲,RKC Waalwijk,AZ,1,3
2023-08-26,荷甲,NEC,RKC Waalwijk,3,0
2023-08-26,荷甲,SBV Excelsior,Fortuna Sittard,2,2
2023-08-27,荷甲,PEC Zwolle,FC Utrecht,1,0
2023-08-27,荷甲,Feyenoord Rotterdam,Almere City FC,6,1
2023-08-27,荷甲,SC Heerenveen,Sparta Rotterdam,1,3
2023-09-01,荷甲,Sparta Rotterdam,NEC,1,1
2023-09-02,荷甲,Almere City FC,PEC Zwolle,1,2
2023-09-02,荷甲,Go Ahead Eagles,SC Heerenveen,3,2
2023-09-02,荷甲,RKC Waalwijk,PSV,0,4
2023-09-02,荷甲,Heracles Almelo,SBV Excelsior,3,1
2023-09-03,荷甲,FC Utrecht,Feyenoord Rotterdam,1,5
2023-09-03,荷甲,Fortuna Sittard,AFC Ajax,0,0
2023-09-03,荷甲,FC Volendam,FC Twente '65,0,2
2023-09-03,荷甲,SBV Vitesse,AZ,0,2
2023-09-16,荷甲,Feyenoord Rotterdam,SC Heerenveen,6,1
2023-09-16,荷甲,SBV Vitesse,RKC Waalwijk,0,2
2023-09-16,荷甲,PSV,NEC,4,0
2023-09-16,荷甲,Fortuna Sittard,FC Volendam,3,1
2023-09-16,荷甲,Heracles Almelo,FC Utrecht,1,3
2023-09-17,荷甲,PEC Zwolle,Go Ahead Eagles,1,1
2023-09-17,荷甲,FC Twente '65,AFC Ajax,3,1
2023-09-17,荷甲,SBV Excelsior,Almere City FC,0,0
2023-09-17,荷甲,AZ,Sparta Rotterdam,2,0
2023-09-22,荷甲,Go Ahead Eagles,Fortuna Sittard,3,0
2023-09-23,荷甲,FC Volendam,Heracles Almelo,2,2
2023-09-23,荷甲,NEC,FC Utrecht,3,0
2023-09-23,荷甲,Almere City FC,PSV,0,4
2023-09-23,荷甲,SC Heerenveen,SBV Excelsior,0,3
2023-09-24,荷甲,Sparta Rotterdam,SBV Vitesse,1,0
2023-09-24,荷甲,RKC Waalwijk,FC Twente '65,1,0
2023-09-24,荷甲,PEC Zwolle,AZ,0,3
2023-09-27,荷甲,AFC Ajax,Feyenoord Rotterdam,0,4
2023-09-27,荷甲,PSV,Go Ahead Eagles,3,0
2023-09-27,荷甲,FC Twente '65,SBV Vitesse,1,0
2023-09-28,荷甲,AZ,Heracles Almelo,1,1
2023-09-30,荷甲,Feyenoord Rotterdam,Go Ahead Eagles,3,1
2023-09-30,荷甲,FC Utrecht,Almere City FC,0,2
2023-09-30,荷甲,PSV,FC Volendam,3,1
2023-09-30,荷甲,FC Twente '65,SC Heerenveen,1,0
2023-10-01,荷甲,NEC,SBV Vitesse,1,2
2023-10-01,荷甲,SBV Excelsior,Sparta Rotterdam,2,1
2023-10-01,荷甲,Heracles Almelo,PEC Zwolle,2,1
2023-10-01,荷甲,AZ,Fortuna Sittard,4,0
2023-10-06,荷甲,FC Volendam,FC Utrecht,1,0
2023-10-07,荷甲,SC Heerenveen,NEC,1,1
2023-10-07,荷甲,Almere City FC,RKC Waalwijk,1,0
2023-10-07,荷甲,Go Ahead Eagles,Heracles Almelo,4,0
2023-10-07,荷甲,SBV Vitesse,SBV Excelsior,0,0
2023-10-08,荷甲,PEC Zwolle,Feyenoord Rotterdam,0,2
2023-10-08,荷甲,Fortuna Sittard,FC Twente '65,0,3
2023-10-08,荷甲,AFC Ajax,AZ,1,2
2023-10-08,荷甲,Sparta Rotterdam,PSV,0,4
2023-10-21,荷甲,RKC Waalwijk,FC Volendam,2,1
2023-10-21,荷甲,PSV,Fortuna Sittard,3,1
2023-10-21,荷甲,NEC,Almere City FC,1,1
2023-10-21,荷甲,Feyenoord Rotterdam,SBV Vitesse,4,0
2023-10-21,荷甲,AZ,SC Heerenveen,3,0
2023-10-22,荷甲,FC Utrecht,AFC Ajax,4,3
2023-10-22,荷甲,Heracles Almelo,FC Twente '65,2,2
2023-10-22,荷甲,SBV Excelsior,PEC Zwolle,2,4
2023-10-22,荷甲,Go Ahead Eagles,Sparta Rotterdam,0,0
2023-10-27,荷甲,SBV Vitesse,PEC Zwolle,1,1
2023-10-28,荷甲,SC Heerenveen,Heracles Almelo,3,0
2023-10-28,荷甲,Almere City FC,Go Ahead Eagles,0,0
2023-10-28,荷甲,Sparta Rotterdam,RKC Waalwijk,2,0
2023-10-28,荷甲,Fortuna Sittard,FC Utrecht,0,0
2023-10-29,荷甲,FC Twente '65,Feyenoord Rotterdam,2,1
2023-10-29,荷甲,FC Volendam,SBV Excelsior,3,1
2023-10-29,荷甲,PSV,AFC Ajax,5,2
2023-11-02,荷甲,AFC Ajax,FC Volendam,2,0
2023-11-04,荷甲,Heracles Almelo,PSV,0,6
2023-11-04,荷甲,RKC Waalwijk,Feyenoord Rotterdam,1,2
2023-11-04,荷甲,SBV Excelsior,AZ,1,1
2023-11-04,荷甲,Go Ahead Eagles,SBV Vitesse,5,1
2023-11-05,荷甲,FC Utrecht,FC Twente '65,1,1
2023-11-05,荷甲,PEC Zwolle,Fortuna Sittard,2,0
2023-11-05,荷甲,NEC,FC Volendam,3,3
2023-11-05,荷甲,AFC Ajax,SC Heerenveen,4,1
2023-11-05,荷甲,Sparta Rotterdam,Almere City FC,1,2
2023-11-10,荷甲,Fortuna Sittard,Heracles Almelo,4,1
2023-11-11,荷甲,RKC Waalwijk,Go Ahead Eagles,0,1
2023-11-11,荷甲,FC Twente '65,NEC,3,3
2023-11-11,荷甲,SBV Vitesse,SC Heerenveen,1,3
2023-11-12,荷甲,PSV,PEC Zwolle,4,0
2023-11-12,荷甲,FC Volendam,Sparta Rotterdam,1,4
2023-11-12,荷甲,Almere City FC,AFC Ajax,2,2
2023-11-12,荷甲,Feyenoord Rotterdam,AZ,1,0
2023-11-12,荷甲,FC Utrecht,SBV Excelsior,2,2
2023-11-25,荷甲,SBV Excelsior,Feyenoord Rotterdam,2,4
2023-11-25,荷甲,FC Twente '65,PSV,0,3
2023-11-25,荷甲,SC Heerenveen,Fortuna Sittard,3,0
2023-11-25,荷甲,PEC Zwolle,RKC Waalwijk,1,2
2023-11-25,荷甲,AFC Ajax,SBV Vitesse,5,0
2023-11-26,荷甲,Almere City FC,Heracles Almelo,0,5
2023-11-26,荷甲,AZ,FC Volendam,3,0
2023-11-26,荷甲,NEC,Go Ahead Eagles,1,1
2023-11-26,荷甲,Sparta Rotterdam,FC Utrecht,1,2
2023-12-01,荷甲,SC Heerenveen,Almere City FC,3,0
2023-12-02,荷甲,FC Volendam,PEC Zwolle,0,5
2023-12-02,荷甲,Fortuna Sittard,SBV Vitesse,3,1
2023-12-02,荷甲,RKC Waalwijk,SBV Excelsior,2,2
2023-12-02,荷甲,Heracles Almelo,Sparta Rotterdam,0,1
2023-12-03,荷甲,Feyenoord Rotterdam,PSV,1,2
2023-12-03,荷甲,NEC,AFC Ajax,1,2
2023-12-03,荷甲,Go Ahead Eagles,FC Twente '65,1,3
2023-12-03,荷甲,FC Utrecht,AZ,1,1
2023-12-06,荷甲,AZ,NEC,1,2
2023-12-06,荷甲,RKC Waalwijk,AFC Ajax,2,3
2023-12-07,荷甲,PSV,SC Heerenveen,2,0
2023-12-07,荷甲,Feyenoord Rotterdam,FC Volendam,3,1
2023-12-08,荷甲,FC Twente '65,SBV Excelsior,4,2
2023-12-09,荷甲,AFC Ajax,Sparta Rotterdam,2,1
2023-12-09,荷甲,PEC Zwolle,NEC,1,3
2023-12-09,荷甲,AZ,Almere City FC,4,1
2023-12-10,荷甲,Go Ahead Eagles,FC Utrecht,0,2
2023-12-10,荷甲,Fortuna Sittard,RKC Waalwijk,1,0
2023-12-10,荷甲,SBV Vitesse,Heracles Almelo,2,0
2023-12-15,荷甲,NEC,Fortuna Sittard,4,1
2023-12-16,荷甲,FC Utrecht,RKC Waalwijk,1,1
2023-12-16,荷甲,SBV Excelsior,Go Ahead Eagles,1,1
2023-12-16,荷甲,SC Heerenveen,FC Volendam,1,2
2023-12-17,荷甲,Almere City FC,SBV Vitesse,5,0
2023-12-17,荷甲,Sparta Rotterdam,FC Twente '65,2,2
2023-12-17,荷甲,Heracles Almelo,Feyenoord Rotterdam,0,4
2023-12-17,荷甲,AFC Ajax,PEC Zwolle,2,2
2023-12-17,荷甲,AZ,PSV,0,4
2024-01-12,荷甲,RKC Waalwijk,Heracles Almelo,1,2
2024-01-13,荷甲,Fortuna Sittard,Sparta Rotterdam,0,2
2024-01-13,荷甲,FC Twente '65,AZ,2,1
2024-01-13,荷甲,PEC Zwolle,SC Heerenveen,2,2
2024-01-13,荷甲,PSV,SBV Excelsior,3,1
2024-01-14,荷甲,FC Volendam,Almere City FC,0,1
2024-01-14,荷甲,Go Ahead Eagles,AFC Ajax,2,3
2024-01-14,荷甲,SBV Vitesse,FC Utrecht,0,0
2024-01-14,荷甲,Feyenoord Rotterdam,NEC,2,2
2024-01-19,荷甲,SBV Excelsior,SC Heerenveen,3,0
2024-01-20,荷甲,NEC,FC Twente '65,1,0
2024-01-20,荷甲,Heracles Almelo,FC Volendam,1,1
2024-01-20,荷甲,AZ,PEC Zwolle,2,2
2024-01-21,荷甲,FC Utrecht,PSV,1,1
2024-01-21,荷甲,SBV Vitesse,Feyenoord Rotterdam,1,2
2024-01-21,荷甲,Sparta Rotterdam,Go Ahead Eagles,0,2
2024-01-21,荷甲,AFC Ajax,RKC Waalwijk,4,1
2024-01-24,荷甲,Almere City FC,Fortuna Sittard,0,0
2024-01-26,荷甲,PEC Zwolle,SBV Vitesse,1,0
2024-01-27,荷甲,RKC Waalwijk,Sparta Rotterdam,1,1
2024-01-27,荷甲,PSV,Almere City FC,2,0
2024-01-27,荷甲,SBV Excelsior,FC Utrecht,1,1
2024-01-27,荷甲,Heracles Almelo,AFC Ajax,2,4
2024-01-28,荷甲,SC Heerenveen,AZ,2,2
2024-01-28,荷甲,Go Ahead Eagles,NEC,2,2
2024-01-28,荷甲,Feyenoord Rotterdam,FC Twente '65,0,0
2024-01-28,荷甲,FC Volendam,Fortuna Sittard,0,1
2024-02-02,荷甲,Almere City FC,SBV Excelsior,2,1
2024-02-03,荷甲,FC Twente '65,RKC Waalwijk,3,0
2024-02-03,荷甲,Fortuna Sittard,SC Heerenveen,3,3
2024-02-03,荷甲,AFC Ajax,PSV,1,1
2024-02-03,荷甲,NEC,Heracles Almelo,3,1
2024-02-04,荷甲,SBV Vitesse,Go Ahead Eagles,0,2
2024-02-04,荷甲,AZ,Feyenoord Rotterdam,0,1
2024-02-04,荷甲,FC Utrecht,FC Volendam,4,2
2024-02-04,荷甲,Sparta Rotterdam,PEC Zwolle,0,2
2024-02-09,荷甲,RKC Waalwijk,NEC,2,0
2024-02-10,荷甲,SBV Excelsior,FC Twente '65,0,3
2024-02-10,荷甲,Almere City FC,AZ,0,0
2024-02-10,荷甲,Heracles Almelo,SBV Vitesse,3,2
2024-02-11,荷甲,Go Ahead Eagles,PEC Zwolle,1,1
2024-02-11,荷甲,FC Utrecht,Fortuna Sittard,4,0
2024-02-11,荷甲,SC Heerenveen,AFC Ajax,3,2
2024-02-11,荷甲,FC Volendam,PSV,1,5
2024-02-11,荷甲,Feyenoord Rotterdam,Sparta Rotterdam,2,0
2024-02-16,荷甲,PSV,Heracles Almelo,2,0
2024-02-17,荷甲,Sparta Rotterdam,SBV Excelsior,4,2
2024-02-17,荷甲,Fortuna Sittard,AZ,1,2
2024-02-17,荷甲,SC Heerenveen,Go Ahead Eagles,0,2
2024-02-17,荷甲,PEC Zwolle,Almere City FC,0,1
2024-02-18,荷甲,FC Twente '65,FC Utrecht,0,1
2024-02-18,荷甲,AFC Ajax,NEC,2,2
2024-02-18,荷甲,SBV Vitesse,FC Volendam,1,1
2024-02-18,荷甲,Feyenoord Rotterdam,RKC Waalwijk,1,0
2024-02-23,荷甲,FC Utrecht,Heracles Almelo,1,0
2024-02-24,荷甲,RKC Waalwijk,Fortuna Sittard,0,1
2024-02-24,荷甲,PEC Zwolle,PSV,1,7
2024-02-24,荷甲,NEC,Sparta Rotterdam,2,0
2024-02-25,荷甲,SBV Excelsior,SBV Vitesse,1,2
2024-02-25,荷甲,Almere City FC,Feyenoord Rotterdam,0,2
2024-02-25,荷甲,FC Twente '65,Go Ahead Eagles,3,0
2024-02-25,荷甲,AZ,AFC Ajax,2,0
2024-02-25,荷甲,FC Volendam,SC Heerenveen,0,4
2024-03-01,荷甲,FC Volendam,NEC,2,5
2024-03-02,荷甲,Go Ahead Eagles,RKC Waalwijk,1,0
2024-03-02,荷甲,SBV Vitesse,FC Twente '65,1,2
2024-03-02,荷甲,Sparta Rotterdam,AZ,1,1
2024-03-03,荷甲,AFC Ajax,FC Utrecht,2,0
2024-03-03,荷甲,PSV,Feyenoord Rotterdam,2,2
2024-03-03,荷甲,SC Heerenveen,PEC Zwolle,2,0
2024-03-03,荷甲,Fortuna Sittard,SBV Excelsior,5,2
2024-03-03,荷甲,Heracles Almelo,Almere City FC,2,2
2024-03-08,荷甲,Go Ahead Eagles,PSV,0,1
2024-03-09,荷甲,FC Twente '65,Sparta Rotterdam,2,1
2024-03-09,荷甲,Almere City FC,FC Utrecht,1,1
2024-03-09,荷甲,RKC Waalwijk,SBV Vitesse,3,1
2024-03-10,荷甲,AZ,SBV Excelsior,4,0
2024-03-10,荷甲,PEC Zwolle,FC Volendam,1,1
2024-03-10,荷甲,AFC Ajax,Fortuna Sittard,2,2
2024-03-10,荷甲,NEC,SC Heerenveen,2,0
2024-03-10,荷甲,Feyenoord Rotterdam,Heracles Almelo,3,0
2024-03-15,荷甲,Heracles Almelo,Go Ahead Eagles,2,0
2024-03-16,荷甲,Fortuna Sittard,PEC Zwolle,3,1
2024-03-16,荷甲,SBV Excelsior,RKC Waalwijk,1,1
2024-03-16,荷甲,SBV Vitesse,Almere City FC,1,1
2024-03-17,荷甲,FC Volendam,AZ,0,4
2024-03-17,荷甲,FC Utrecht,NEC,1,0
2024-03-17,荷甲,SC Heerenveen,Feyenoord Rotterdam,2,3
2024-03-17,荷甲,Sparta Rotterdam,AFC Ajax,2,2
2024-03-17,荷甲,PSV,FC Twente '65,1,0
2024-03-30,荷甲,NEC,PSV,3,1
2024-03-30,荷甲,Sparta Rotterdam,Fortuna Sittard,4,0
2024-03-30,荷甲,Go Ahead Eagles,SBV Excelsior,3,0
2024-03-30,荷甲,RKC Waalwijk,SC Heerenveen,1,1
2024-03-30,荷甲,AZ,SBV Vitesse,2,0
2024-03-31,荷甲,PEC Zwolle,AFC Ajax,1,3
2024-03-31,荷甲,Feyenoord Rotterdam,FC Utrecht,4,2
2024-03-31,荷甲,FC Twente '65,Heracles Almelo,1,0
2024-03-31,荷甲,Almere City FC,FC Volendam,1,1
2024-04-02,荷甲,SBV Vitesse,Sparta Rotterdam,1,4
2024-04-02,荷甲,SBV Excelsior,PSV,0,2
2024-04-02,荷甲,Fortuna Sittard,NEC,1,1
2024-04-03,荷甲,Heracles Almelo,AZ,5,0
2024-04-03,荷甲,FC Utrecht,PEC Zwolle,5,1
2024-04-03,荷甲,SC Heerenveen,FC Twente '65,3,3
2024-04-04,荷甲,FC Volendam,Feyenoord Rotterdam,0,0
2024-04-04,荷甲,RKC Waalwijk,Almere City FC,0,0
2024-04-04,荷甲,AFC Ajax,Go Ahead Eagles,1,1
2024-04-06,荷甲,Sparta Rotterdam,Heracles Almelo,1,2
2024-04-06,荷甲,PSV,AZ,5,1
2024-04-06,荷甲,PEC Zwolle,SBV Excelsior,2,1
2024-04-06,荷甲,FC Twente '65,Fortuna Sittard,2,0
2024-04-07,荷甲,SBV Vitesse,NEC,0,3
2024-04-07,荷甲,Feyenoord Rotterdam,AFC Ajax,6,0
2024-04-07,荷甲,Go Ahead Eagles,Almere City FC,1,1
2024-04-07,荷甲,FC Volendam,RKC Waalwijk,3,2
2024-04-07,荷甲,SC Heerenveen,FC Utrecht,2,3
2024-04-12,荷甲,SBV Excelsior,FC Volendam,4,0
2024-04-13,荷甲,PSV,SBV Vitesse,6,0
2024-04-13,荷甲,AZ,RKC Waalwijk,3,2
2024-04-13,荷甲,Almere City FC,Sparta Rotterdam,2,3
2024-04-14,荷甲,Heracles Almelo,SC Heerenveen,0,2
2024-04-14,荷甲,Fortuna Sittard,Feyenoord Rotterdam,0,1
2024-04-14,荷甲,FC Utrecht,Go Ahead Eagles,2,1
2024-04-14,荷甲,AFC Ajax,FC Twente '65,2,1
2024-04-14,荷甲,NEC,PEC Zwolle,2,2
2024-04-24,荷甲,FC Twente '65,Almere City FC,3,1
2024-04-24,荷甲,AFC Ajax,SBV Excelsior,2,2
2024-04-25,荷甲,SC Heerenveen,PSV,0,8
2024-04-25,荷甲,Go Ahead Eagles,Feyenoord Rotterdam,1,3
2024-04-28,荷甲,NEC,AZ,0,3
2024-04-28,荷甲,PEC Zwolle,Heracles Almelo,3,1
2024-04-28,荷甲,Sparta Rotterdam,FC Volendam,1,0
2024-04-28,荷甲,RKC Waalwijk,FC Utrecht,2,2
2024-04-28,荷甲,SBV Vitesse,Fortuna Sittard,3,2
2024-05-03,荷甲,Fortuna Sittard,Go Ahead Eagles,0,0
2024-05-03,荷甲,Almere City FC,SC Heerenveen,1,1
2024-05-05,荷甲,PSV,Sparta Rotterdam,4,2
2024-05-05,荷甲,Heracles Almelo,RKC Waalwijk,0,5
2024-05-05,荷甲,FC Utrecht,SBV Vitesse,1,0
2024-05-05,荷甲,FC Volendam,AFC Ajax,1,4
2024-05-05,荷甲,AZ,FC Twente '65,2,1
2024-05-05,荷甲,Feyenoord Rotterdam,PEC Zwolle,5,0
2024-05-06,荷甲,SBV Excelsior,NEC,0,3
2024-05-12,荷甲,AFC Ajax,Almere City FC,3,0
2024-05-12,荷甲,SBV Excelsior,Heracles Almelo,4,0
2024-05-12,荷甲,FC Twente '65,FC Volendam,7,2
2024-05-12,荷甲,FC Utrecht,Sparta Rotterdam,0,1
2024-05-12,荷甲,Fortuna Sittard,PSV,1,1
2024-05-12,荷甲,Go Ahead Eagles,AZ,0,3
2024-05-12,荷甲,NEC,Feyenoord Rotterdam,2,3
2024-05-12,荷甲,RKC Waalwijk,PEC Zwolle,1,1
2024-05-12,荷甲,SC Heerenveen,SBV Vitesse,1,3
2024-05-19,荷甲,Almere City FC,NEC,1,4
2024-05-19,荷甲,AZ,FC Utrecht,3,3
2024-05-19,荷甲,FC Volendam,Go Ahead Eagles,1,2
2024-05-19,荷甲,Feyenoord Rotterdam,SBV Excelsior,4,0
2024-05-19,荷甲,Heracles Almelo,Fortuna Sittard,0,0
2024-05-19,荷甲,PEC Zwolle,FC Twente '65,1,2
2024-05-19,荷甲,PSV,RKC Waalwijk,3,1
2024-05-19,荷甲,Sparta Rotterdam,SC Heerenveen,2,1
2024-05-19,荷甲,SBV Vitesse,AFC Ajax,2,2
2024-08-09,荷甲,FC Groningen,NAC Breda,4,1
2024-08-10,荷甲,Feyenoord Rotterdam,Willem II Tilburg,1,1
2024-08-10,荷甲,NEC,FC Twente '65,1,2
2024-08-10,荷甲,Almere City FC,AZ,0,1
2024-08-10,荷甲,PSV,RKC Waalwijk,5,1
2024-08-11,荷甲,Sparta Rotterdam,Heracles Almelo,0,0
2024-08-11,荷甲,FC Utrecht,PEC Zwolle,1,0
2024-08-11,荷甲,Go Ahead Eagles,Fortuna Sittard,0,2
2024-08-11,荷甲,AFC Ajax,SC Heerenveen,1,0
2024-08-16,荷甲,Fortuna Sittard,Almere City FC,3,0
2024-08-17,荷甲,SC Heerenveen,FC Utrecht,1,1
2024-08-17,荷甲,FC Twente '65,Sparta Rotterdam,1,1
2024-08-17,荷甲,AZ,NEC,1,0
2024-08-17,荷甲,RKC Waalwijk,FC Groningen,1,2
2024-08-18,荷甲,Heracles Almelo,PSV,1,3
2024-08-18,荷甲,PEC Zwolle,Feyenoord Rotterdam,1,5
2024-08-18,荷甲,Willem II Tilburg,Go Ahead Eagles,2,0
2024-08-18,荷甲,NAC Breda,AFC Ajax,2,1
2024-08-24,荷甲,NEC,PEC Zwolle,1,0
2024-08-24,荷甲,Almere City FC,PSV,1,7
2024-08-24,荷甲,NAC Breda,FC Utrecht,1,2
2024-08-25,荷甲,FC Groningen,AZ,0,0
2024-08-25,荷甲,Heracles Almelo,Willem II Tilburg,1,1
2024-08-25,荷甲,Sparta Rotterdam,Feyenoord Rotterdam,1,1
2024-08-25,荷甲,Go Ahead Eagles,RKC Waalwijk,2,0
2024-08-30,荷甲,RKC Waalwijk,AZ,0,3
2024-08-31,荷甲,Almere City FC,FC Groningen,1,1
2024-08-31,荷甲,Fortuna Sittard,NEC,0,3
2024-08-31,荷甲,SC Heerenveen,NAC Breda,4,0
2024-08-31,荷甲,Willem II Tilburg,Sparta Rotterdam,1,2
2024-09-01,荷甲,FC Utrecht,FC Twente '65,2,1
2024-09-01,荷甲,PEC Zwolle,Heracles Almelo,3,0
2024-09-01,荷甲,PSV,Go Ahead Eagles,3,0
2024-09-14,荷甲,FC Twente '65,PEC Zwolle,1,1
2024-09-14,荷甲,PSV,NEC,2,0
2024-09-14,荷甲,FC Groningen,Feyenoord Rotterdam,2,2
2024-09-14,荷甲,NAC Breda,Fortuna Sittard,1,0
2024-09-14,荷甲,AZ,SC Heerenveen,9,1
2024-09-15,荷甲,Sparta Rotterdam,Go Ahead Eagles,1,2
2024-09-15,荷甲,Willem II Tilburg,RKC Waalwijk,3,0
2024-09-15,荷甲,Heracles Almelo,Almere City FC,0,0
2024-09-17,荷甲,FC Twente '65,SC Heerenveen,2,0
2024-09-18,荷甲,AFC Ajax,Fortuna Sittard,5,0
2024-09-20,荷甲,PEC Zwolle,AZ,1,2
2024-09-21,荷甲,FC Utrecht,Willem II Tilburg,3,2
2024-09-21,荷甲,RKC Waalwijk,Sparta Rotterdam,1,2
2024-09-21,荷甲,Go Ahead Eagles,AFC Ajax,1,1
2024-09-21,荷甲,NEC,Heracles Almelo,1,2
2024-09-22,荷甲,SC Heerenveen,FC Groningen,2,1
2024-09-22,荷甲,Almere City FC,FC Twente '65,0,5
2024-09-22,荷甲,Feyenoord Rotterdam,NAC Breda,2,0
2024-09-22,荷甲,Fortuna Sittard,PSV,1,3
2024-09-27,荷甲,Heracles Almelo,SC Heerenveen,2,1
2024-09-28,荷甲,Willem II Tilburg,PSV,0,2
2024-09-28,荷甲,NEC,Feyenoord Rotterdam,1,1
2024-09-28,荷甲,Sparta Rotterdam,Fortuna Sittard,1,1
2024-09-29,荷甲,PEC Zwolle,Almere City FC,1,0
2024-09-29,荷甲,FC Twente '65,NAC Breda,1,0
2024-09-29,荷甲,FC Groningen,Go Ahead Eagles,0,1
2024-09-29,荷甲,RKC Waalwijk,AFC Ajax,0,2
2024-09-29,荷甲,AZ,FC Utrecht,1,2
2024-10-04,荷甲,Almere City FC,Willem II Tilburg,0,1
2024-10-05,荷甲,NAC Breda,NEC,1,0
2024-10-05,荷甲,PSV,Sparta Rotterdam,2,1
2024-10-05,荷甲,FC Utrecht,RKC Waalwijk,3,2
2024-10-06,荷甲,Go Ahead Eagles,Heracles Almelo,4,1
2024-10-06,荷甲,SC Heerenveen,PEC Zwolle,1,1
2024-10-06,荷甲,Feyenoord Rotterdam,FC Twente '65,2,1
2024-10-06,荷甲,AFC Ajax,FC Groningen,3,1
2024-10-06,荷甲,Fortuna Sittard,AZ,1,0
2024-10-19,荷甲,Sparta Rotterdam,Almere City FC,2,2
2024-10-19,荷甲,AZ,PSV,1,2
2024-10-19,荷甲,NEC,SC Heerenveen,3,0
2024-10-19,荷甲,RKC Waalwijk,FC Twente '65,2,2
2024-10-19,荷甲,Go Ahead Eagles,Feyenoord Rotterdam,1,5
2024-10-20,荷甲,Willem II Tilburg,Fortuna Sittard,0,0
2024-10-20,荷甲,FC Groningen,FC Utrecht,0,1
2024-10-20,荷甲,Heracles Almelo,AFC Ajax,3,4
2024-10-20,荷甲,PEC Zwolle,NAC Breda,1,2
2024-10-25,荷甲,Almere City FC,NEC,1,0
2024-10-26,荷甲,Fortuna Sittard,FC Groningen,1,0
2024-10-26,荷甲,PSV,PEC Zwolle,6,0
2024-10-26,荷甲,NAC Breda,RKC Waalwijk,4,1
2024-10-26,荷甲,SC Heerenveen,Sparta Rotterdam,2,0
2024-10-27,荷甲,FC Utrecht,Feyenoord Rotterdam,0,2
2024-10-27,荷甲,FC Twente '65,Heracles Almelo,5,0
2024-10-27,荷甲,AFC Ajax,Willem II Tilburg,1,0
2024-10-27,荷甲,AZ,Go Ahead Eagles,2,2
2024-10-30,荷甲,Feyenoord Rotterdam,AFC Ajax,0,2
2024-11-02,荷甲,Willem II Tilburg,FC Twente '65,0,1
2024-11-02,荷甲,Heracles Almelo,NAC Breda,2,0
2024-11-02,荷甲,AFC Ajax,PSV,3,2
2024-11-02,荷甲,Feyenoord Rotterdam,AZ,3,2
2024-11-02,荷甲,Fortuna Sittard,SC Heerenveen,3,0
2024-11-03,荷甲,Go Ahead Eagles,PEC Zwolle,2,2
2024-11-03,荷甲,NEC,FC Groningen,6,0
2024-11-03,荷甲,Sparta Rotterdam,FC Utrecht,1,4
2024-11-03,荷甲,RKC Waalwijk,Almere City FC,2,0
2024-11-08,荷甲,FC Utrecht,Heracles Almelo,1,0
2024-11-09,荷甲,FC Groningen,Sparta Rotterdam,1,0
2024-11-09,荷甲,PEC Zwolle,Fortuna Sittard,3,1
2024-11-09,荷甲,NAC Breda,PSV,0,3
2024-11-09,荷甲,RKC Waalwijk,NEC,0,3
2024-11-10,荷甲,Almere City FC,Feyenoord Rotterdam,1,4
2024-11-10,荷甲,SC Heerenveen,Go Ahead Eagles,1,0
2024-11-10,荷甲,FC Twente '65,AFC Ajax,2,2
2024-11-10,荷甲,AZ,Willem II Tilburg,1,2
2024-11-23,荷甲,Go Ahead Eagles,Almere City FC,3,0
2024-11-23,荷甲,Feyenoord Rotterdam,SC Heerenveen,3,0
2024-11-23,荷甲,Heracles Almelo,RKC Waalwijk,2,2
2024-11-23,荷甲,PSV,FC Groningen,5,0
2024-11-23,荷甲,Fortuna Sittard,FC Twente '65,1,2
2024-11-24,荷甲,NEC,FC Utrecht,1,2
2024-11-24,荷甲,Sparta Rotterdam,AZ,1,2
2024-11-24,荷甲,Willem II Tilburg,NAC Breda,2,2
2024-11-24,荷甲,AFC Ajax,PEC Zwolle,2,0
2024-11-29,荷甲,SC Heerenveen,RKC Waalwijk,1,1
2024-11-30,荷甲,NAC Breda,Almere City FC,1,0
2024-11-30,荷甲,FC Groningen,Willem II Tilburg,2,0
2024-11-30,荷甲,Feyenoord Rotterdam,Fortuna Sittard,1,1
2024-11-30,荷甲,PEC Zwolle,Sparta Rotterdam,1,0
2024-12-01,荷甲,FC Utrecht,PSV,2,5
2024-12-01,荷甲,AZ,Heracles Almelo,1,0
2024-12-01,荷甲,FC Twente '65,Go Ahead Eagles,3,2
2024-12-01,荷甲,NEC,AFC Ajax,1,2
2024-12-04,荷甲,AFC Ajax,FC Utrecht,2,2
2024-12-06,荷甲,PSV,FC Twente '65,6,1
2024-12-07,荷甲,Go Ahead Eagles,NEC,5,0
2024-12-07,荷甲,Sparta Rotterdam,NAC Breda,0,2
2024-12-07,荷甲,RKC Waalwijk,Feyenoord Rotterdam,2,3
2024-12-07,荷甲,Heracles Almelo,Fortuna Sittard,2,2
2024-12-08,荷甲,FC Groningen,PEC Zwolle,0,0
2024-12-08,荷甲,AZ,AFC Ajax,2,1
2024-12-08,荷甲,Willem II Tilburg,SC Heerenveen,1,2
2024-12-08,荷甲,Almere City FC,FC Utrecht,1,3
2024-12-13,荷甲,PEC Zwolle,Willem II Tilburg,0,1
2024-12-14,荷甲,SC Heerenveen,PSV,1,0
2024-12-14,荷甲,Fortuna Sittard,RKC Waalwijk,3,2
2024-12-14,荷甲,Feyenoord Rotterdam,Heracles Almelo,5,2
2024-12-15,荷甲,FC Utrecht,Go Ahead Eagles,3,3
2024-12-15,荷甲,NEC,Sparta Rotterdam,1,1
2024-12-15,荷甲,FC Twente '65,FC Groningen,2,0
2024-12-15,荷甲,AFC Ajax,Almere City FC,3,0
2024-12-15,荷甲,NAC Breda,AZ,1,2
2024-12-20,荷甲,RKC Waalwijk,PEC Zwolle,1,1
2024-12-21,荷甲,Go Ahead Eagles,NAC Breda,2,1
2024-12-21,荷甲,Almere City FC,SC Heerenveen,3,0
2024-12-21,荷甲,AZ,FC Twente '65,1,0
2024-12-22,荷甲,Sparta Rotterdam,AFC Ajax,0,2
2024-12-22,荷甲,FC Utrecht,Fortuna Sittard,2,5
2024-12-22,荷甲,PSV,Feyenoord Rotterdam,3,0
2024-12-22,荷甲,Willem II Tilburg,NEC,4,1
2025-01-10,荷甲,Fortuna Sittard,Go Ahead Eagles,0,3
2025-01-11,荷甲,Heracles Almelo,Sparta Rotterdam,1,1
2025-01-11,荷甲,AFC Ajax,RKC Waalwijk,2,1
2025-01-11,荷甲,PEC Zwolle,NEC,0,1
2025-01-11,荷甲,PSV,AZ,2,2
2025-01-12,荷甲,FC Twente '65,Willem II Tilburg,6,2
2025-01-12,荷甲,FC Groningen,Almere City FC,0,0
2025-01-12,荷甲,Feyenoord Rotterdam,FC Utrecht,1,2
2025-01-12,荷甲,NAC Breda,SC Heerenveen,2,4
2025-01-18,荷甲,PEC Zwolle,PSV,3,1
2025-01-18,荷甲,FC Utrecht,AZ,0,0
2025-01-18,荷甲,Willem II Tilburg,Feyenoord Rotterdam,1,1
2025-01-18,荷甲,Go Ahead Eagles,FC Groningen,2,1
2025-01-19,荷甲,NAC Breda,FC Twente '65,2,1
2025-01-19,荷甲,Almere City FC,Heracles Almelo,0,2
2025-01-19,荷甲,SC Heerenveen,AFC Ajax,0,2
2025-01-19,荷甲,NEC,Fortuna Sittard,4,1
2025-01-19,荷甲,Sparta Rotterdam,RKC Waalwijk,1,1
2025-01-24,荷甲,Heracles Almelo,FC Utrecht,1,1
2025-01-25,荷甲,PSV,NAC Breda,3,2
2025-01-25,荷甲,FC Groningen,SC Heerenveen,1,0
2025-01-26,荷甲,Fortuna Sittard,PEC Zwolle,1,4
2025-01-26,荷甲,RKC Waalwijk,Willem II Tilburg,2,0
2025-01-26,荷甲,AZ,Sparta Rotterdam,1,2
2025-01-28,荷甲,Heracles Almelo,FC Groningen,1,1
2025-01-31,荷甲,NAC Breda,Heracles Almelo,1,1
2025-02-01,荷甲,PEC Zwolle,FC Utrecht,3,3
2025-02-01,荷甲,SC Heerenveen,Fortuna Sittard,2,2
2025-02-01,荷甲,NEC,PSV,3,3
2025-02-02,荷甲,Almere City FC,RKC Waalwijk,1,4
2025-02-02,荷甲,AFC Ajax,Feyenoord Rotterdam,2,1
2025-02-02,荷甲,Go Ahead Eagles,FC Twente '65,2,2
2025-02-02,荷甲,Sparta Rotterdam,FC Groningen,1,0
2025-02-02,荷甲,Willem II Tilburg,AZ,0,2
2025-02-08,荷甲,Heracles Almelo,Go Ahead Eagles,4,2
2025-02-08,荷甲,PSV,Willem II Tilburg,1,1
2025-02-08,荷甲,FC Groningen,NEC,2,1
2025-02-08,荷甲,Feyenoord Rotterdam,Sparta Rotterdam,3,0
2025-02-09,荷甲,FC Utrecht,Almere City FC,0,1
2025-02-09,荷甲,Fortuna Sittard,AFC Ajax,0,2
2025-02-09,荷甲,RKC Waalwijk,NAC Breda,5,0
2025-02-09,荷甲,AZ,PEC Zwolle,2,0
2025-02-09,荷甲,SC Heerenveen,FC Twente '65,3,3
2025-02-14,荷甲,Go Ahead Eagles,Sparta Rotterdam,1,0
2025-02-15,荷甲,PSV,FC Utrecht,2,2
2025-02-15,荷甲,NAC Breda,Feyenoord Rotterdam,0,0
2025-02-15,荷甲,Willem II Tilburg,FC Groningen,1,3
2025-02-16,荷甲,NEC,Almere City FC,2,2
2025-02-16,荷甲,PEC Zwolle,SC Heerenveen,1,1
2025-02-16,荷甲,FC Twente '65,RKC Waalwijk,2,0
2025-02-16,荷甲,AFC Ajax,Heracles Almelo,4,0
2025-02-22,荷甲,Feyenoord Rotterdam,Almere City FC,2,1
2025-02-23,荷甲,AFC Ajax,Go Ahead Eagles,2,0
2025-02-23,荷甲,FC Twente '65,NEC,2,0
2025-02-23,荷甲,AZ,Fortuna Sittard,1,0
2025-02-28,荷甲,RKC Waalwijk,Fortuna Sittard,1,2
2025-03-01,荷甲,FC Utrecht,NAC Breda,1,0
2025-03-01,荷甲,Go Ahead Eagles,PSV,3,2
2025-03-01,荷甲,FC Groningen,FC Twente '65,1,1
2025-03-01,荷甲,Feyenoord Rotterdam,NEC,0,0
2025-03-02,荷甲,SC Heerenveen,AZ,3,1
2025-03-02,荷甲,Almere City FC,AFC Ajax,0,1
2025-03-02,荷甲,Heracles Almelo,PEC Zwolle,4,2
2025-03-02,荷甲,Sparta Rotterdam,Willem II Tilburg,4,0
2025-03-07,荷甲,NAC Breda,Sparta Rotterdam,1,1
2025-03-08,荷甲,Fortuna Sittard,Heracles Almelo,1,0
2025-03-08,荷甲,PSV,SC Heerenveen,2,1
2025-03-09,荷甲,Willem II Tilburg,FC Utrecht,2,3
2025-03-09,荷甲,NEC,Go Ahead Eagles,2,3
2025-03-09,荷甲,PEC Zwolle,AFC Ajax,0,1
2025-03-09,荷甲,FC Twente '65,Almere City FC,1,0
2025-03-14,荷甲,Almere City FC,NAC Breda,1,1
2025-03-15,荷甲,FC Utrecht,NEC,0,1
2025-03-15,荷甲,Sparta Rotterdam,PEC Zwolle,1,1
2025-03-15,荷甲,RKC Waalwijk,PSV,0,3
2025-03-15,荷甲,SC Heerenveen,Heracles Almelo,1,1
2025-03-16,荷甲,Go Ahead Eagles,Willem II Tilburg,1,0
2025-03-16,荷甲,FC Groningen,Fortuna Sittard,1,0
2025-03-16,荷甲,FC Twente '65,Feyenoord Rotterdam,2,6
2025-03-16,荷甲,AFC Ajax,AZ,2,2
2025-03-29,荷甲,NAC Breda,FC Groningen,1,1
2025-03-29,荷甲,Fortuna Sittard,Sparta Rotterdam,0,3
2025-03-29,荷甲,Willem II Tilburg,Almere City FC,0,2
2025-03-29,荷甲,NEC,AZ,3,3
2025-03-29,荷甲,PEC Zwolle,RKC Waalwijk,2,0
2025-03-30,荷甲,FC Utrecht,SC Heerenveen,2,0
2025-03-30,荷甲,Heracles Almelo,FC Twente '65,2,1
2025-03-30,荷甲,PSV,AFC Ajax,0,2
2025-03-30,荷甲,Feyenoord Rotterdam,Go Ahead Eagles,3,2
2025-04-01,荷甲,AZ,RKC Waalwijk,2,2
2025-04-02,荷甲,Feyenoord Rotterdam,FC Groningen,4,1
2025-04-04,荷甲,SC Heerenveen,Willem II Tilburg,3,1
2025-04-05,荷甲,AZ,Feyenoord Rotterdam,0,1
2025-04-05,荷甲,FC Twente '65,Fortuna Sittard,1,1
2025-04-05,荷甲,FC Groningen,PSV,1,3
2025-04-05,荷甲,Almere City FC,PEC Zwolle,2,2
2025-04-06,荷甲,RKC Waalwijk,Heracles Almelo,0,0
2025-04-06,荷甲,Go Ahead Eagles,FC Utrecht,2,2
2025-04-06,荷甲,Sparta Rotterdam,NEC,2,0
2025-04-06,荷甲,AFC Ajax,NAC Breda,3,1
2025-04-11,荷甲,NEC,RKC Waalwijk,2,1
2025-04-12,荷甲,Fortuna Sittard,Feyenoord Rotterdam,0,2
2025-04-12,荷甲,Sparta Rotterdam,SC Heerenveen,3,1
2025-04-12,荷甲,PSV,Almere City FC,5,0
2025-04-12,荷甲,NAC Breda,Go Ahead Eagles,1,1
2025-04-13,荷甲,FC Utrecht,FC Groningen,3,1
2025-04-13,荷甲,Heracles Almelo,AZ,1,0
2025-04-13,荷甲,PEC Zwolle,FC Twente '65,1,1
2025-04-13,荷甲,Willem II Tilburg,AFC Ajax,1,2
2025-04-19,荷甲,SC Heerenveen,Almere City FC,2,1
2025-04-20,荷甲,FC Utrecht,AFC Ajax,4,0
2025-04-23,荷甲,FC Groningen,Heracles Almelo,4,1
2025-04-24,荷甲,AZ,NAC Breda,1,1
2025-04-24,荷甲,FC Twente '65,PSV,1,3
2025-04-25,荷甲,RKC Waalwijk,FC Utrecht,0,4
2025-04-25,荷甲,Feyenoord Rotterdam,PEC Zwolle,4,0
2025-04-27,荷甲,Fortuna Sittard,Willem II Tilburg,1,0
2025-04-27,荷甲,AFC Ajax,Sparta Rotterdam,1,1
2025-04-27,荷甲,SC Heerenveen,NEC,1,0
2025-04-27,荷甲,Almere City FC,Go Ahead Eagles,0,0
2025-05-03,荷甲,NEC,Willem II Tilburg,1,1
2025-05-03,荷甲,Heracles Almelo,Feyenoord Rotterdam,1,4
2025-05-03,荷甲,FC Groningen,RKC Waalwijk,6,1
2025-05-03,荷甲,PSV,Fortuna Sittard,4,1
2025-05-04,荷甲,NAC Breda,PEC Zwolle,1,3
2025-05-04,荷甲,Go Ahead Eagles,AZ,0,3
2025-05-04,荷甲,Sparta Rotterdam,FC Twente '65,0,2
2025-05-09,荷甲,Willem II Tilburg,Heracles Almelo,1,2
2025-05-10,荷甲,RKC Waalwijk,SC Heerenveen,3,1
2025-05-10,荷甲,Fortuna Sittard,NAC Breda,1,0
2025-05-10,荷甲,Almere City FC,Sparta Rotterdam,0,3
2025-05-11,荷甲,PEC Zwolle,Go Ahead Eagles,1,1
2025-05-11,荷甲,Feyenoord Rotterdam,PSV,2,3
2025-05-11,荷甲,FC Twente '65,FC Utrecht,2,0
2025-05-11,荷甲,AFC Ajax,NEC,0,3
2025-05-11,荷甲,AZ,FC Groningen,3,0
2025-05-14,荷甲,Almere City FC,Fortuna Sittard,1,1
2025-05-14,荷甲,FC Groningen,AFC Ajax,2,2
2025-05-14,荷甲,FC Utrecht,Sparta Rotterdam,1,1
2025-05-14,荷甲,Feyenoord Rotterdam,RKC Waalwijk,2,0
2025-05-14,荷甲,Go Ahead Eagles,SC Heerenveen,1,0
2025-05-14,荷甲,NEC,NAC Breda,3,0
2025-05-14,荷甲,PSV,Heracles Almelo,4,1
2025-05-14,荷甲,FC Twente '65,AZ,2,3
2025-05-14,荷甲,Willem II Tilburg,PEC Zwolle,1,2
2025-05-18,荷甲,AFC Ajax,FC Twente '65,2,0
2025-05-18,荷甲,AZ,Almere City FC,1,1
2025-05-18,荷甲,Fortuna Sittard,FC Utrecht,0,0
2025-05-18,荷甲,Heracles Almelo,NEC,1,2
2025-05-18,荷甲,NAC Breda,Willem II Tilburg,1,1
2025-05-18,荷甲,PEC Zwolle,FC Groningen,2,0
2025-05-18,荷甲,RKC Waalwijk,Go Ahead Eagles,5,3
2025-05-18,荷甲,SC Heerenveen,Feyenoord Rotterdam,2,0
2025-05-18,荷甲,Sparta Rotterdam,PSV,1,3
2025-08-08,荷甲,Fortuna Sittard,Go Ahead Eagles,2,2
2025-08-09,荷甲,NEC,SBV Excelsior,5,0
2025-08-09,荷甲,Feyenoord Rotterdam,NAC Breda,2,0
2025-08-09,荷甲,SC Heerenveen,FC Volendam,1,1
2025-08-09,荷甲,PSV,Sparta Rotterdam,6,1
2025-08-10,荷甲,PEC Zwolle,FC Twente '65,1,0
2025-08-10,荷甲,AFC Ajax,Telstar 1963,2,0
2025-08-10,荷甲,AZ,FC Groningen,4,1
2025-08-10,荷甲,FC Utrecht,Heracles Almelo,4,0
2025-08-15,荷甲,Telstar 1963,PEC Zwolle,0,2
2025-08-16,荷甲,SBV Excelsior,Feyenoord Rotterdam,1,2
2025-08-16,荷甲,Heracles Almelo,NEC,1,4
2025-08-16,荷甲,FC Groningen,SC Heerenveen,2,1
2025-08-17,荷甲,Go Ahead Eagles,AFC Ajax,2,2
2025-08-17,荷甲,Sparta Rotterdam,FC Utrecht,2,1
2025-08-17,荷甲,FC Twente '65,PSV,0,2
2025-08-17,荷甲,FC Volendam,AZ,2,2
2025-08-17,荷甲,NAC Breda,Fortuna Sittard,2,1
2025-08-23,荷甲,Go Ahead Eagles,Sparta Rotterdam,0,3
2025-08-23,荷甲,PSV,FC Groningen,4,2
2025-08-23,荷甲,Telstar 1963,FC Volendam,2,2
2025-08-24,荷甲,SC Heerenveen,FC Twente '65,1,2
2025-08-24,荷甲,FC Utrecht,SBV Excelsior,4,1
2025-08-24,荷甲,NEC,NAC Breda,3,0
2025-08-24,荷甲,AFC Ajax,Heracles Almelo,2,0
2025-08-29,荷甲,FC Groningen,Heracles Almelo,4,0
2025-08-30,荷甲,FC Volendam,AFC Ajax,1,1
2025-08-30,荷甲,SC Heerenveen,Go Ahead Eagles,2,2
2025-08-30,荷甲,PSV,Telstar 1963,0,2
2025-08-30,荷甲,SBV Excelsior,FC Twente '65,1,0
2025-08-31,荷甲,Fortuna Sittard,NEC,3,2
2025-08-31,荷甲,PEC Zwolle,FC Utrecht,0,2
2025-08-31,荷甲,Sparta Rotterdam,Feyenoord Rotterdam,0,4
2025-08-31,荷甲,NAC Breda,AZ,0,1
2025-09-13,荷甲,AFC Ajax,PEC Zwolle,3,1
2025-09-13,荷甲,NEC,PSV,3,5
2025-09-13,荷甲,Go Ahead Eagles,FC Volendam,3,0
2025-09-13,荷甲,Feyenoord Rotterdam,SC Heerenveen,1,0
2025-09-13,荷甲,FC Twente '65,NAC Breda,2,2
2025-09-14,荷甲,SBV Excelsior,Sparta Rotterdam,0,1
2025-09-14,荷甲,FC Utrecht,FC Groningen,0,1
2025-09-14,荷甲,Heracles Almelo,AZ,1,2
2025-09-14,荷甲,Telstar 1963,Fortuna Sittard,1,3
2025-09-17,荷甲,Feyenoord Rotterdam,Fortuna Sittard,2,0
2025-09-19,荷甲,Sparta Rotterdam,FC Twente '65,1,5
2025-09-20,荷甲,FC Volendam,SBV Excelsior,1,2
2025-09-20,荷甲,FC Groningen,Telstar 1963,2,0
2025-09-20,荷甲,Fortuna Sittard,FC Utrecht,1,0
2025-09-20,荷甲,NAC Breda,Heracles Almelo,2,1
2025-09-21,荷甲,PEC Zwolle,Go Ahead Eagles,0,2
2025-09-21,荷甲,PSV,AFC Ajax,2,2
2025-09-21,荷甲,SC Heerenveen,NEC,3,2
2025-09-21,荷甲,AZ,Feyenoord Rotterdam,3,3
2025-09-24,荷甲,AZ,PEC Zwolle,2,2
2025-09-26,荷甲,FC Twente '65,Fortuna Sittard,3,2
2025-09-27,荷甲,AFC Ajax,NAC Breda,2,1
2025-09-27,荷甲,FC Volendam,PEC Zwolle,2,1
2025-09-27,荷甲,SBV Excelsior,PSV,1,2
2025-09-27,荷甲,Heracles Almelo,Sparta Rotterdam,3,0
2025-09-28,荷甲,NEC,AZ,2,1
2025-09-28,荷甲,FC Groningen,Feyenoord Rotterdam,0,1
2025-09-28,荷甲,FC Utrecht,SC Heerenveen,2,2
2025-09-28,荷甲,Telstar 1963,Go Ahead Eagles,4,2
2025-10-03,荷甲,NAC Breda,FC Groningen,1,2
2025-10-04,荷甲,Sparta Rotterdam,AFC Ajax,3,3
2025-10-04,荷甲,Fortuna Sittard,FC Volendam,1,0
2025-10-04,荷甲,PEC Zwolle,PSV,0,4
2025-10-04,荷甲,SC Heerenveen,SBV Excelsior,2,1
2025-10-05,荷甲,FC Twente '65,Heracles Almelo,2,1
2025-10-05,荷甲,Feyenoord Rotterdam,FC Utrecht,3,2
2025-10-05,荷甲,AZ,Telstar 1963,2,1
2025-10-05,荷甲,Go Ahead Eagles,NEC,1,1
2025-10-18,荷甲,NEC,FC Twente '65,3,3
2025-10-18,荷甲,FC Utrecht,FC Volendam,3,1
2025-10-18,荷甲,PSV,Go Ahead Eagles,2,1
2025-10-18,荷甲,AFC Ajax,AZ,0,2
2025-10-18,荷甲,NAC Breda,PEC Zwolle,2,2
2025-10-19,荷甲,Telstar 1963,SC Heerenveen,2,3
2025-10-19,荷甲,FC Groningen,Sparta Rotterdam,0,2
2025-10-19,荷甲,SBV Excelsior,Fortuna Sittard,1,0
2025-10-19,荷甲,Heracles Almelo,Feyenoord Rotterdam,0,7
2025-10-24,荷甲,SC Heerenveen,NAC Breda,3,3
2025-10-25,荷甲,Fortuna Sittard,FC Groningen,1,2
2025-10-25,荷甲,Sparta Rotterdam,Telstar 1963,1,0
2025-10-25,荷甲,FC Volendam,Heracles Almelo,3,0
2025-10-25,荷甲,PEC Zwolle,NEC,2,2
2025-10-26,荷甲,FC Twente '65,AFC Ajax,2,3
2025-10-26,荷甲,Feyenoord Rotterdam,PSV,2,3
2025-10-26,荷甲,AZ,FC Utrecht,4,1
2025-10-26,荷甲,Go Ahead Eagles,SBV Excelsior,2,0
2025-10-31,荷甲,PSV,Fortuna Sittard,5,2
2025-11-01,荷甲,AFC Ajax,SC Heerenveen,1,1
2025-11-01,荷甲,NAC Breda,Go Ahead Eagles,1,0
2025-11-01,荷甲,Feyenoord Rotterdam,FC Volendam,3,1
2025-11-01,荷甲,Telstar 1963,SBV Excelsior,2,2
2025-11-02,荷甲,Heracles Almelo,PEC Zwolle,8,2
2025-11-02,荷甲,FC Groningen,FC Twente '65,1,1
2025-11-02,荷甲,Sparta Rotterdam,AZ,0,1
2025-11-02,荷甲,FC Utrecht,NEC,1,0
2025-11-07,荷甲,FC Twente '65,Telstar 1963,0,0
2025-11-08,荷甲,SBV Excelsior,Heracles Almelo,1,2
2025-11-08,荷甲,FC Volendam,NAC Breda,2,1
2025-11-08,荷甲,Fortuna Sittard,SC Heerenveen,2,0
2025-11-08,荷甲,PEC Zwolle,Sparta Rotterdam,1,0
2025-11-09,荷甲,FC Utrecht,AFC Ajax,2,1
2025-11-09,荷甲,NEC,FC Groningen,2,0
2025-11-09,荷甲,AZ,PSV,1,5
2025-11-09,荷甲,Go Ahead Eagles,Feyenoord Rotterdam,2,1
2025-11-22,荷甲,NAC Breda,PSV,0,1
2025-11-22,荷甲,AFC Ajax,SBV Excelsior,1,2
2025-11-22,荷甲,FC Volendam,FC Twente '65,1,1
2025-11-22,荷甲,Heracles Almelo,Go Ahead Eagles,4,2
2025-11-22,荷甲,Sparta Rotterdam,Fortuna Sittard,1,1
2025-11-23,荷甲,SC Heerenveen,AZ,3,1
2025-11-23,荷甲,Feyenoord Rotterdam,NEC,2,4
2025-11-23,荷甲,Telstar 1963,FC Utrecht,1,1
2025-11-23,荷甲,FC Groningen,PEC Zwolle,2,2
2025-11-28,荷甲,PEC Zwolle,SC Heerenveen,2,1
2025-11-29,荷甲,SBV Excelsior,NAC Breda,1,0
2025-11-29,荷甲,Fortuna Sittard,Heracles Almelo,1,1
2025-11-29,荷甲,NEC,Sparta Rotterdam,3,1
2025-11-30,荷甲,PSV,FC Volendam,3,0
2025-11-30,荷甲,Go Ahead Eagles,FC Utrecht,2,2
2025-11-30,荷甲,Telstar 1963,Feyenoord Rotterdam,1,2
2025-11-30,荷甲,FC Twente '65,AZ,1,0
2025-12-02,荷甲,AFC Ajax,FC Groningen,2,0
2025-12-05,荷甲,SBV Excelsior,FC Groningen,0,2
2025-12-06,荷甲,SC Heerenveen,PSV,0,2
2025-12-06,荷甲,Fortuna Sittard,AFC Ajax,1,3
2025-12-06,荷甲,Heracles Almelo,Telstar 1963,1,1
2025-12-06,荷甲,Feyenoord Rotterdam,PEC Zwolle,6,1
2025-12-07,荷甲,FC Utrecht,FC Twente '65,1,1
2025-12-07,荷甲,AZ,Go Ahead Eagles,2,2
2025-12-07,荷甲,FC Volendam,NEC,2,3
2025-12-07,荷甲,Sparta Rotterdam,NAC Breda,1,0
2025-12-13,荷甲,Telstar 1963,NEC,2,2
2025-12-13,荷甲,FC Groningen,FC Volendam,3,0
2025-12-13,荷甲,PSV,Heracles Almelo,4,3
2025-12-13,荷甲,PEC Zwolle,Fortuna Sittard,1,0
2025-12-14,荷甲,Sparta Rotterdam,SC Heerenveen,0,3
2025-12-14,荷甲,AFC Ajax,Feyenoord Rotterdam,2,0
2025-12-14,荷甲,FC Twente '65,Go Ahead Eagles,2,0
2025-12-14,荷甲,NAC Breda,FC Utrecht,1,1
2025-12-20,荷甲,Heracles Almelo,SC Heerenveen,0,3
2025-12-20,荷甲,SBV Excelsior,PEC Zwolle,2,1
2025-12-20,荷甲,NEC,AFC Ajax,2,2
2025-12-20,荷甲,NAC Breda,Telstar 1963,0,1
2025-12-21,荷甲,FC Utrecht,PSV,1,2
2025-12-21,荷甲,Feyenoord Rotterdam,FC Twente '65,1,1
2025-12-21,荷甲,Go Ahead Eagles,FC Groningen,1,1
2025-12-21,荷甲,FC Volendam,Sparta Rotterdam,0,1
2025-12-21,荷甲,Fortuna Sittard,AZ,4,3
2026-01-10,荷甲,AZ,FC Volendam,1,0
2026-01-10,荷甲,FC Twente '65,PEC Zwolle,1,1
2026-01-10,荷甲,PSV,SBV Excelsior,5,1
2026-01-10,荷甲,FC Groningen,NAC Breda,0,0
2026-01-11,荷甲,SC Heerenveen,Feyenoord Rotterdam,2,2
2026-01-11,荷甲,Telstar 1963,AFC Ajax,2,3
2026-01-11,荷甲,Go Ahead Eagles,Fortuna Sittard,2,2
2026-01-11,荷甲,Sparta Rotterdam,Heracles Almelo,2,0
2026-01-17,荷甲,AFC Ajax,Go Ahead Eagles,2,2
2026-01-17,荷甲,PEC Zwolle,AZ,3,1
2026-01-17,荷甲,SBV Excelsior,Telstar 1963,2,2
2026-01-17,荷甲,Fortuna Sittard,PSV,1,2
2026-01-17,荷甲,NAC Breda,NEC,3,4
2026-01-18,荷甲,SC Heerenveen,FC Groningen,0,2
2026-01-18,荷甲,FC Volendam,FC Utrecht,2,1
2026-01-18,荷甲,Heracles Almelo,FC Twente '65,0,2
2026-01-18,荷甲,Feyenoord Rotterdam,Sparta Rotterdam,3,4
2026-01-21,荷甲,AZ,SBV Excelsior,1,1
2026-01-24,荷甲,AFC Ajax,FC Volendam,2,0
2026-01-24,荷甲,NEC,PEC Zwolle,2,1
2026-01-24,荷甲,PSV,NAC Breda,2,2
2026-01-24,荷甲,FC Twente '65,SBV Excelsior,0,0
2026-01-25,荷甲,Telstar 1963,AZ,0,1
2026-01-25,荷甲,FC Groningen,Fortuna Sittard,1,2
2026-01-25,荷甲,FC Utrecht,Sparta Rotterdam,0,1
2026-01-25,荷甲,Feyenoord Rotterdam,Heracles Almelo,4,2
2026-01-30,荷甲,NAC Breda,FC Twente '65,2,2
2026-01-31,荷甲,AZ,NEC,1,3
2026-01-31,荷甲,PEC Zwolle,Telstar 1963,4,1
2026-01-31,荷甲,Sparta Rotterdam,FC Groningen,2,0
2026-02-01,荷甲,SBV Excelsior,AFC Ajax,2,2
2026-02-01,荷甲,Heracles Almelo,Fortuna Sittard,2,1
2026-02-01,荷甲,PSV,Feyenoord Rotterdam,3,0
2026-02-01,荷甲,SC Heerenveen,FC Utrecht,1,1
2026-02-01,荷甲,FC Volendam,Go Ahead Eagles,1,1
2026-02-06,荷甲,NAC Breda,SBV Excelsior,0,2
2026-02-07,荷甲,NEC,Heracles Almelo,4,1
2026-02-07,荷甲,PEC Zwolle,FC Volendam,1,2
2026-02-07,荷甲,FC Twente '65,SC Heerenveen,5,0
2026-02-07,荷甲,Fortuna Sittard,Sparta Rotterdam,2,2
2026-02-08,荷甲,FC Utrecht,Feyenoord Rotterdam,0,1
2026-02-08,荷甲,AZ,AFC Ajax,1,1
2026-02-08,荷甲,Go Ahead Eagles,Telstar 1963,1,1
2026-02-08,荷甲,FC Groningen,PSV,1,2
2026-02-11,荷甲,Go Ahead Eagles,SC Heerenveen,1,3
2026-02-11,荷甲,NEC,FC Utrecht,1,3
2026-02-13,荷甲,FC Volendam,PSV,2,1
2026-02-14,荷甲,Heracles Almelo,NAC Breda,0,1
2026-02-14,荷甲,SBV Excelsior,AZ,1,2
2026-02-14,荷甲,AFC Ajax,Fortuna Sittard,4,1
2026-02-14,荷甲,FC Groningen,FC Utrecht,1,2
2026-02-15,荷甲,Feyenoord Rotterdam,Go Ahead Eagles,1,0
2026-02-15,荷甲,SC Heerenveen,PEC Zwolle,4,2
2026-02-15,荷甲,Telstar 1963,FC Twente '65,1,1
2026-02-17,荷甲,Sparta Rotterdam,NEC,1,1
2026-02-20,荷甲,Fortuna Sittard,SBV Excelsior,2,1
2026-02-21,荷甲,PSV,SC Heerenveen,3,1
2026-02-21,荷甲,NAC Breda,FC Volendam,1,0
2026-02-21,荷甲,AFC Ajax,NEC,1,1
2026-02-22,荷甲,FC Twente '65,FC Groningen,2,1
2026-02-22,荷甲,FC Utrecht,PEC Zwolle,1,1
2026-02-22,荷甲,Go Ahead Eagles,Heracles Almelo,4,0
2026-02-22,荷甲,AZ,Sparta Rotterdam,3,1
2026-02-22,荷甲,Feyenoord Rotterdam,Telstar 1963,2,1
2026-02-27,荷甲,Telstar 1963,NAC Breda,3,0
2026-02-28,荷甲,SC Heerenveen,Sparta Rotterdam,2,1
2026-02-28,荷甲,Heracles Almelo,PSV,1,3
2026-02-28,荷甲,NEC,Fortuna Sittard,2,3
2026-03-01,荷甲,PEC Zwolle,AFC Ajax,0,0
2026-03-01,荷甲,FC Volendam,FC Groningen,3,2
2026-03-01,荷甲,FC Twente '65,Feyenoord Rotterdam,2,0
2026-03-01,荷甲,FC Utrecht,AZ,2,0
2026-03-01,荷甲,SBV Excelsior,Go Ahead Eagles,0,1
2026-03-06,荷甲,Heracles Almelo,FC Utrecht,0,0
2026-03-07,荷甲,FC Groningen,AFC Ajax,3,1
2026-03-07,荷甲,PSV,AZ,2,1
2026-03-07,荷甲,SBV Excelsior,SC Heerenveen,1,2
2026-03-08,荷甲,Sparta Rotterdam,PEC Zwolle,1,1
2026-03-08,荷甲,Fortuna Sittard,Telstar 1963,1,4
2026-03-08,荷甲,Go Ahead Eagles,FC Twente '65,1,4
2026-03-08,荷甲,NAC Breda,Feyenoord Rotterdam,3,3
2026-03-08,荷甲,NEC,FC Volendam,3,0
2026-03-13,荷甲,PEC Zwolle,FC Groningen,1,1
2026-03-14,荷甲,FC Volendam,Fortuna Sittard,1,2
2026-03-14,荷甲,PSV,NEC,2,3
2026-03-14,荷甲,SC Heerenveen,Telstar 1963,3,0
2026-03-14,荷甲,AFC Ajax,Sparta Rotterdam,4,0
2026-03-15,荷甲,FC Twente '65,FC Utrecht,0,2
2026-03-15,荷甲,AZ,Heracles Almelo,4,0
2026-03-15,荷甲,Feyenoord Rotterdam,SBV Excelsior,2,1
2026-03-15,荷甲,Go Ahead Eagles,NAC Breda,6,0
2026-03-20,荷甲,Heracles Almelo,SBV Excelsior,1,1
2026-03-21,荷甲,Fortuna Sittard,FC Twente '65,1,2
2026-03-21,荷甲,Sparta Rotterdam,FC Volendam,2,0
2026-03-21,荷甲,PEC Zwolle,NAC Breda,2,1
2026-03-22,荷甲,NEC,SC Heerenveen,2,2
2026-03-22,荷甲,FC Utrecht,Go Ahead Eagles,2,0
2026-03-22,荷甲,Feyenoord Rotterdam,AFC Ajax,1,1
2026-03-22,荷甲,FC Groningen,AZ,3,0
2026-03-22,荷甲,Telstar 1963,PSV,3,1
2026-04-04,荷甲,PSV,FC Utrecht,4,3
2026-04-04,荷甲,Telstar 1963,FC Groningen,0,2
2026-04-04,荷甲,AZ,Fortuna Sittard,2,0
2026-04-04,荷甲,AFC Ajax,FC Twente '65,1,2
2026-04-04,荷甲,SBV Excelsior,NEC,0,2
2026-04-05,荷甲,Go Ahead Eagles,PEC Zwolle,5,0
2026-04-05,荷甲,FC Volendam,Feyenoord Rotterdam,0,0
2026-04-05,荷甲,SC Heerenveen,Heracles Almelo,4,1
2026-04-05,荷甲,NAC Breda,Sparta Rotterdam,0,0
2026-04-10,荷甲,FC Twente '65,FC Volendam,2,1
2026-04-11,荷甲,FC Utrecht,Telstar 1963,4,1
2026-04-11,荷甲,Sparta Rotterdam,PSV,0,2
2026-04-11,荷甲,FC Groningen,Go Ahead Eagles,0,0
2026-04-11,荷甲,Heracles Almelo,AFC Ajax,0,3
2026-04-12,荷甲,Fortuna Sittard,NAC Breda,1,1
2026-04-12,荷甲,NEC,Feyenoord Rotterdam,1,1
2026-04-12,荷甲,PEC Zwolle,SBV Excelsior,2,2
2026-04-12,荷甲,AZ,SC Heerenveen,3,0
2026-04-22,荷甲,Telstar 1963,Sparta Rotterdam,4,1
2026-04-23,荷甲,Go Ahead Eagles,AZ,0,0
2026-04-23,荷甲,PSV,PEC Zwolle,6,1
2026-04-25,荷甲,Feyenoord Rotterdam,FC Groningen,3,1
2026-04-25,荷甲,SC Heerenveen,Fortuna Sittard,2,1
2026-04-25,荷甲,NAC Breda,AFC Ajax,0,2
2026-04-25,荷甲,FC Twente '65,NEC,1,1
2026-04-26,荷甲,SBV Excelsior,FC Utrecht,5,0
2026-04-26,荷甲,Heracles Almelo,FC Volendam,0,2
2026-05-02,荷甲,FC Utrecht,NAC Breda,2,0
2026-05-02,荷甲,FC Groningen,SBV Excelsior,2,3
2026-05-02,荷甲,AFC Ajax,PSV,2,2
2026-05-02,荷甲,NEC,Telstar 1963,1,1
2026-05-03,荷甲,FC Volendam,SC Heerenveen,0,2
2026-05-03,荷甲,Fortuna Sittard,Feyenoord Rotterdam,1,2
2026-05-03,荷甲,PEC Zwolle,Heracles Almelo,1,0
2026-05-03,荷甲,AZ,FC Twente '65,2,2
2026-05-03,荷甲,Sparta Rotterdam,Go Ahead Eagles,2,2
2026-05-10,荷甲,AFC Ajax,FC Utrecht,1,2
2026-05-10,荷甲,SBV Excelsior,FC Volendam,1,1
2026-05-10,荷甲,FC Groningen,NEC,2,1
2026-05-10,荷甲,Feyenoord Rotterdam,AZ,1,1
2026-05-10,荷甲,Fortuna Sittard,PEC Zwolle,3,2
2026-05-10,荷甲,Go Ahead Eagles,PSV,1,4
2026-05-10,荷甲,Telstar 1963,Heracles Almelo,3,0
2026-05-10,荷甲,FC Twente '65,Sparta Rotterdam,4,0
2026-05-17,荷甲,AZ,NAC Breda,3,3
2026-05-17,荷甲,FC Utrecht,Fortuna Sittard,2,0
2026-05-17,荷甲,FC Volendam,Telstar 1963,1,2
2026-05-17,荷甲,Heracles Almelo,FC Groningen,1,2
2026-05-17,荷甲,NEC,Go Ahead Eagles,2,1
2026-05-17,荷甲,PEC Zwolle,Feyenoord Rotterdam,0,2
2026-05-17,荷甲,PSV,FC Twente '65,5,1
2026-05-17,荷甲,SC Heerenveen,AFC Ajax,0,0
2026-05-17,荷甲,Sparta Rotterdam,SBV Excelsior,2,3
2023-08-11,葡超,Sporting Clube de Braga,FC Famalicão,1,2
2023-08-12,葡超,Gil Vicente FC,Portimonense SC,5,0
2023-08-12,葡超,SC Farense,Casa Pia AC,0,3
2023-08-12,葡超,Sporting Clube de Portugal,FC Vizela,3,2
2023-08-13,葡超,Rio Ave FC,GD Chaves,2,0
2023-08-13,葡超,CF Estrela da Amadora,Vitória Guimarães,0,1
2023-08-13,葡超,FC Arouca,GD Estoril Praia,4,3
2023-08-14,葡超,Moreirense FC,FC Porto,1,2
2023-08-14,葡超,Boavista FC,Sport Lisboa e Benfica,3,2
2023-08-18,葡超,Casa Pia AC,Sporting Clube de Portugal,1,2
2023-08-19,葡超,Vitória Guimarães,Gil Vicente FC,2,1
2023-08-19,葡超,GD Chaves,Sporting Clube de Braga,2,4
2023-08-19,葡超,Sport Lisboa e Benfica,CF Estrela da Amadora,2,0
2023-08-19,葡超,Portimonense SC,Boavista FC,1,4
2023-08-20,葡超,GD Estoril Praia,Rio Ave FC,2,0
2023-08-20,葡超,FC Porto,SC Farense,2,1
2023-08-20,葡超,FC Vizela,FC Arouca,2,2
2023-08-21,葡超,FC Famalicão,Moreirense FC,0,0
2023-08-25,葡超,CF Estrela da Amadora,GD Estoril Praia,2,1
2023-08-26,葡超,FC Arouca,Portimonense SC,1,1
2023-08-26,葡超,SC Farense,GD Chaves,5,0
2023-08-26,葡超,Gil Vicente FC,Sport Lisboa e Benfica,2,3
2023-08-27,葡超,Boavista FC,Casa Pia AC,1,1
2023-08-27,葡超,Vitória Guimarães,FC Vizela,2,0
2023-08-27,葡超,Sporting Clube de Portugal,FC Famalicão,1,0
2023-08-28,葡超,Rio Ave FC,FC Porto,1,2
2023-09-01,葡超,FC Vizela,Gil Vicente FC,1,0
2023-09-02,葡超,Casa Pia AC,Rio Ave FC,1,1
2023-09-02,葡超,FC Famalicão,SC Farense,1,0
2023-09-02,葡超,Portimonense SC,CF Estrela da Amadora,1,1
2023-09-02,葡超,Sport Lisboa e Benfica,Vitória Guimarães,4,0
2023-09-03,葡超,GD Chaves,Moreirense FC,1,2
2023-09-03,葡超,GD Estoril Praia,Boavista FC,1,2
2023-09-03,葡超,FC Porto,FC Arouca,1,1
2023-09-03,葡超,Sporting Clube de Braga,Sporting Clube de Portugal,1,1
2023-09-09,葡超,Moreirense FC,Sporting Clube de Braga,2,3
2023-09-15,葡超,CF Estrela da Amadora,FC Porto,0,1
2023-09-16,葡超,Rio Ave FC,FC Famalicão,1,1
2023-09-16,葡超,SC Farense,Sporting Clube de Braga,3,1
2023-09-16,葡超,FC Vizela,Sport Lisboa e Benfica,1,2
2023-09-17,葡超,FC Arouca,Casa Pia AC,0,1
2023-09-17,葡超,Gil Vicente FC,GD Estoril Praia,5,3
2023-09-17,葡超,Vitória Guimarães,Portimonense SC,1,2
2023-09-17,葡超,Sporting Clube de Portugal,Moreirense FC,3,0
2023-09-18,葡超,Boavista FC,GD Chaves,4,1
2023-09-22,葡超,FC Famalicão,FC Arouca,1,0
2023-09-23,葡超,Moreirense FC,SC Farense,1,0
2023-09-23,葡超,GD Estoril Praia,FC Vizela,2,2
2023-09-23,葡超,Casa Pia AC,Vitória Guimarães,0,0
2023-09-23,葡超,FC Porto,Gil Vicente FC,2,1
2023-09-24,葡超,GD Chaves,CF Estrela da Amadora,2,2
2023-09-24,葡超,Portimonense SC,Sport Lisboa e Benfica,1,3
2023-09-24,葡超,Sporting Clube de Braga,Boavista FC,4,1
2023-09-25,葡超,Sporting Clube de Portugal,Rio Ave FC,2,0
2023-09-28,葡超,CF Estrela da Amadora,Sporting Clube de Braga,2,4
2023-09-29,葡超,Sport Lisboa e Benfica,FC Porto,1,0
2023-09-30,葡超,FC Vizela,Portimonense SC,2,3
2023-09-30,葡超,Boavista FC,FC Famalicão,2,2
2023-09-30,葡超,SC Farense,Sporting Clube de Portugal,2,3
2023-10-01,葡超,FC Arouca,GD Chaves,0,2
2023-10-01,葡超,Vitória Guimarães,GD Estoril Praia,3,2
2023-10-01,葡超,Rio Ave FC,Moreirense FC,0,4
2023-10-02,葡超,Gil Vicente FC,Casa Pia AC,2,0
2023-10-06,葡超,Moreirense FC,Boavista FC,1,1
2023-10-07,葡超,GD Chaves,Gil Vicente FC,4,2
2023-10-07,葡超,SC Farense,FC Vizela,0,0
2023-10-07,葡超,Sporting Clube de Braga,Rio Ave FC,2,1
2023-10-07,葡超,GD Estoril Praia,Sport Lisboa e Benfica,0,1
2023-10-08,葡超,Casa Pia AC,CF Estrela da Amadora,0,1
2023-10-08,葡超,FC Famalicão,Vitória Guimarães,1,3
2023-10-08,葡超,FC Porto,Portimonense SC,1,0
2023-10-08,葡超,Sporting Clube de Portugal,FC Arouca,2,1
2023-10-27,葡超,FC Arouca,Moreirense FC,0,1
2023-10-28,葡超,Portimonense SC,GD Estoril Praia,1,0
2023-10-28,葡超,Sport Lisboa e Benfica,Casa Pia AC,1,1
2023-10-28,葡超,Vitória Guimarães,GD Chaves,5,0
2023-10-28,葡超,Gil Vicente FC,Sporting Clube de Braga,3,3
2023-10-29,葡超,Rio Ave FC,SC Farense,3,4
2023-10-29,葡超,CF Estrela da Amadora,FC Famalicão,1,0
2023-10-29,葡超,FC Vizela,FC Porto,0,2
2023-10-30,葡超,Boavista FC,Sporting Clube de Portugal,0,2
2023-11-03,葡超,FC Porto,GD Estoril Praia,0,1
2023-11-04,葡超,GD Chaves,Sport Lisboa e Benfica,0,2
2023-11-04,葡超,FC Famalicão,Gil Vicente FC,3,1
2023-11-04,葡超,Sporting Clube de Braga,Portimonense SC,6,1
2023-11-05,葡超,Casa Pia AC,FC Vizela,0,1
2023-11-05,葡超,Moreirense FC,Vitória Guimarães,1,0
2023-11-05,葡超,Rio Ave FC,Boavista FC,2,0
2023-11-05,葡超,Sporting Clube de Portugal,CF Estrela da Amadora,3,2
2023-11-06,葡超,SC Farense,FC Arouca,2,0
2023-11-10,葡超,GD Estoril Praia,Casa Pia AC,4,0
2023-11-11,葡超,Portimonense SC,GD Chaves,2,1
2023-11-11,葡超,CF Estrela da Amadora,Moreirense FC,0,1
2023-11-11,葡超,FC Vizela,FC Famalicão,0,0
2023-11-11,葡超,Vitória Guimarães,FC Porto,1,2
2023-11-12,葡超,Boavista FC,SC Farense,1,3
2023-11-12,葡超,Gil Vicente FC,Rio Ave FC,1,1
2023-11-12,葡超,FC Arouca,Sporting Clube de Braga,0,1
2023-11-12,葡超,Sport Lisboa e Benfica,Sporting Clube de Portugal,2,1
2023-12-01,葡超,GD Chaves,FC Vizela,2,1
2023-12-02,葡超,Rio Ave FC,CF Estrela da Amadora,1,1
2023-12-02,葡超,SC Farense,Vitória Guimarães,1,2
2023-12-02,葡超,FC Famalicão,FC Porto,0,3
2023-12-02,葡超,Casa Pia AC,Portimonense SC,1,0
2023-12-03,葡超,Sporting Clube de Braga,GD Estoril Praia,3,1
2023-12-03,葡超,Moreirense FC,Sport Lisboa e Benfica,0,0
2023-12-03,葡超,Boavista FC,FC Arouca,0,4
2023-12-04,葡超,Sporting Clube de Portugal,Gil Vicente FC,3,1
2023-12-08,葡超,FC Vizela,Sporting Clube de Braga,1,3
2023-12-08,葡超,Sport Lisboa e Benfica,SC Farense,1,1
2023-12-09,葡超,Portimonense SC,FC Famalicão,1,1
2023-12-09,葡超,Vitória Guimarães,Sporting Clube de Portugal,3,2
2023-12-09,葡超,FC Porto,Casa Pia AC,3,1
2023-12-10,葡超,CF Estrela da Amadora,Boavista FC,3,1
2023-12-10,葡超,FC Arouca,Rio Ave FC,2,2
2023-12-10,葡超,GD Estoril Praia,GD Chaves,4,0
2023-12-11,葡超,Gil Vicente FC,Moreirense FC,1,1
2023-12-15,葡超,SC Farense,CF Estrela da Amadora,0,0
2023-12-16,葡超,Rio Ave FC,FC Vizela,1,1
2023-12-16,葡超,FC Arouca,Gil Vicente FC,3,0
2023-12-16,葡超,Boavista FC,Vitória Guimarães,1,1
2023-12-17,葡超,Moreirense FC,Portimonense SC,5,2
2023-12-17,葡超,GD Chaves,Casa Pia AC,1,3
2023-12-17,葡超,FC Famalicão,GD Estoril Praia,1,1
2023-12-17,葡超,Sporting Clube de Braga,Sport Lisboa e Benfica,0,1
2023-12-18,葡超,Sporting Clube de Portugal,FC Porto,2,0
2023-12-23,葡超,FC Vizela,Moreirense FC,0,0
2023-12-23,葡超,Vitória Guimarães,Rio Ave FC,1,0
2023-12-28,葡超,CF Estrela da Amadora,FC Arouca,1,4
2023-12-29,葡超,Sport Lisboa e Benfica,FC Famalicão,3,0
2023-12-29,葡超,FC Porto,GD Chaves,1,0
2023-12-30,葡超,GD Estoril Praia,SC Farense,4,0
2023-12-30,葡超,Gil Vicente FC,Boavista FC,1,0
2023-12-30,葡超,Casa Pia AC,Sporting Clube de Braga,1,3
2023-12-30,葡超,Portimonense SC,Sporting Clube de Portugal,1,2
2024-01-05,葡超,Sporting Clube de Portugal,GD Estoril Praia,5,1
2024-01-05,葡超,Boavista FC,FC Porto,1,1
2024-01-06,葡超,CF Estrela da Amadora,FC Vizela,1,1
2024-01-06,葡超,SC Farense,Gil Vicente FC,1,0
2024-01-06,葡超,FC Arouca,Sport Lisboa e Benfica,0,3
2024-01-06,葡超,Sporting Clube de Braga,Vitória Guimarães,1,1
2024-01-07,葡超,Rio Ave FC,Portimonense SC,2,0
2024-01-07,葡超,FC Famalicão,GD Chaves,2,2
2024-01-08,葡超,Moreirense FC,Casa Pia AC,1,4
2024-01-12,葡超,Portimonense SC,SC Farense,1,0
2024-01-13,葡超,Casa Pia AC,FC Famalicão,0,2
2024-01-13,葡超,GD Chaves,Sporting Clube de Portugal,0,3
2024-01-13,葡超,GD Estoril Praia,Moreirense FC,1,3
2024-01-14,葡超,Gil Vicente FC,CF Estrela da Amadora,1,1
2024-01-14,葡超,Sport Lisboa e Benfica,Rio Ave FC,4,1
2024-01-14,葡超,FC Vizela,Boavista FC,1,4
2024-01-14,葡超,FC Porto,Sporting Clube de Braga,2,0
2024-01-15,葡超,Vitória Guimarães,FC Arouca,2,1
2024-01-18,葡超,FC Famalicão,Sporting Clube de Braga,1,2
2024-01-18,葡超,FC Vizela,Sporting Clube de Portugal,2,5
2024-01-19,葡超,Sport Lisboa e Benfica,Boavista FC,2,0
2024-01-20,葡超,GD Estoril Praia,FC Arouca,1,2
2024-01-20,葡超,Casa Pia AC,SC Farense,1,3
2024-01-20,葡超,FC Porto,Moreirense FC,5,0
2024-01-21,葡超,Portimonense SC,Gil Vicente FC,0,2
2024-01-21,葡超,GD Chaves,Rio Ave FC,0,0
2024-01-21,葡超,Vitória Guimarães,CF Estrela da Amadora,3,0
2024-01-28,葡超,Boavista FC,Portimonense SC,1,4
2024-01-28,葡超,Moreirense FC,FC Famalicão,1,0
2024-01-28,葡超,SC Farense,FC Porto,1,3
2024-01-28,葡超,FC Arouca,FC Vizela,5,0
2024-01-28,葡超,Gil Vicente FC,Vitória Guimarães,1,0
2024-01-29,葡超,CF Estrela da Amadora,Sport Lisboa e Benfica,1,4
2024-01-29,葡超,Sporting Clube de Portugal,Casa Pia AC,8,0
2024-01-31,葡超,Rio Ave FC,GD Estoril Praia,1,1
2024-01-31,葡超,Sporting Clube de Braga,GD Chaves,1,1
2024-02-03,葡超,Portimonense SC,FC Arouca,1,2
2024-02-03,葡超,FC Porto,Rio Ave FC,0,0
2024-02-04,葡超,FC Vizela,Vitória Guimarães,0,1
2024-02-04,葡超,GD Chaves,SC Farense,1,1
2024-02-04,葡超,Sport Lisboa e Benfica,Gil Vicente FC,3,0
2024-02-04,葡超,GD Estoril Praia,CF Estrela da Amadora,1,0
2024-02-04,葡超,Sporting Clube de Braga,Moreirense FC,1,0
2024-02-05,葡超,Casa Pia AC,Boavista FC,0,0
2024-02-09,葡超,CF Estrela da Amadora,Portimonense SC,3,0
2024-02-10,葡超,SC Farense,FC Famalicão,1,1
2024-02-10,葡超,Moreirense FC,GD Chaves,1,0
2024-02-10,葡超,Boavista FC,GD Estoril Praia,2,1
2024-02-11,葡超,Rio Ave FC,Casa Pia AC,1,0
2024-02-11,葡超,Sporting Clube de Portugal,Sporting Clube de Braga,5,0
2024-02-11,葡超,Vitória Guimarães,Sport Lisboa e Benfica,2,2
2024-02-12,葡超,FC Arouca,FC Porto,3,2
2024-02-13,葡超,Gil Vicente FC,FC Vizela,0,1
2024-02-16,葡超,FC Famalicão,Rio Ave FC,2,1
2024-02-17,葡超,GD Chaves,Boavista FC,2,1
2024-02-17,葡超,Portimonense SC,Vitória Guimarães,1,1
2024-02-17,葡超,FC Porto,CF Estrela da Amadora,2,0
2024-02-18,葡超,Casa Pia AC,FC Arouca,1,0
2024-02-18,葡超,Sport Lisboa e Benfica,FC Vizela,6,1
2024-02-18,葡超,GD Estoril Praia,Gil Vicente FC,1,3
2024-02-18,葡超,Sporting Clube de Braga,SC Farense,2,1
2024-02-19,葡超,Moreirense FC,Sporting Clube de Portugal,0,2
2024-02-23,葡超,FC Arouca,FC Famalicão,3,2
2024-02-24,葡超,SC Farense,Moreirense FC,0,1
2024-02-24,葡超,CF Estrela da Amadora,GD Chaves,1,1
2024-02-24,葡超,Vitória Guimarães,Casa Pia AC,0,2
2024-02-25,葡超,FC Vizela,GD Estoril Praia,3,3
2024-02-25,葡超,Sport Lisboa e Benfica,Portimonense SC,4,0
2024-02-25,葡超,Gil Vicente FC,FC Porto,1,1
2024-02-25,葡超,Rio Ave FC,Sporting Clube de Portugal,3,3
2024-02-26,葡超,Boavista FC,Sporting Clube de Braga,0,4
2024-03-01,葡超,GD Chaves,FC Arouca,1,5
2024-03-02,葡超,Moreirense FC,Rio Ave FC,0,0
2024-03-02,葡超,GD Estoril Praia,Vitória Guimarães,1,3
2024-03-02,葡超,Sporting Clube de Braga,CF Estrela da Amadora,3,0
2024-03-03,葡超,Casa Pia AC,Gil Vicente FC,0,0
2024-03-03,葡超,Portimonense SC,FC Vizela,0,0
2024-03-03,葡超,Sporting Clube de Portugal,SC Farense,3,2
2024-03-03,葡超,FC Porto,Sport Lisboa e Benfica,5,0
2024-03-04,葡超,FC Famalicão,Boavista FC,1,1
2024-03-08,葡超,Portimonense SC,FC Porto,0,3
2024-03-08,葡超,CF Estrela da Amadora,Casa Pia AC,3,1
2024-03-09,葡超,FC Vizela,SC Farense,2,1
2024-03-09,葡超,Boavista FC,Moreirense FC,1,0
2024-03-09,葡超,Rio Ave FC,Sporting Clube de Braga,0,0
2024-03-09,葡超,Vitória Guimarães,FC Famalicão,1,0
2024-03-10,葡超,FC Arouca,Sporting Clube de Portugal,0,3
2024-03-10,葡超,Sport Lisboa e Benfica,GD Estoril Praia,3,1
2024-03-11,葡超,Gil Vicente FC,GD Chaves,0,0
2024-03-15,葡超,GD Estoril Praia,Portimonense SC,1,0
2024-03-16,葡超,FC Famalicão,CF Estrela da Amadora,0,0
2024-03-16,葡超,SC Farense,Rio Ave FC,1,1
2024-03-16,葡超,Sporting Clube de Braga,Gil Vicente FC,2,1
2024-03-16,葡超,FC Porto,FC Vizela,4,1
2024-03-17,葡超,Moreirense FC,FC Arouca,1,0
2024-03-17,葡超,GD Chaves,Vitória Guimarães,1,2
2024-03-17,葡超,Casa Pia AC,Sport Lisboa e Benfica,0,1
2024-03-17,葡超,Sporting Clube de Portugal,Boavista FC,6,1
2024-03-29,葡超,Gil Vicente FC,FC Famalicão,1,2
2024-03-29,葡超,Sport Lisboa e Benfica,GD Chaves,1,0
2024-03-29,葡超,CF Estrela da Amadora,Sporting Clube de Portugal,1,2
2024-03-30,葡超,FC Arouca,SC Farense,2,1
2024-03-30,葡超,Vitória Guimarães,Moreirense FC,1,0
2024-03-30,葡超,Boavista FC,Rio Ave FC,0,0
2024-03-30,葡超,GD Estoril Praia,FC Porto,1,0
2024-03-31,葡超,FC Vizela,Casa Pia AC,0,4
2024-04-01,葡超,Portimonense SC,Sporting Clube de Braga,3,5
2024-04-05,葡超,SC Farense,Boavista FC,2,0
2024-04-06,葡超,FC Famalicão,FC Vizela,3,2
2024-04-06,葡超,Rio Ave FC,Gil Vicente FC,3,0
2024-04-06,葡超,Sporting Clube de Braga,FC Arouca,0,3
2024-04-06,葡超,Sporting Clube de Portugal,Sport Lisboa e Benfica,2,1
2024-04-07,葡超,GD Chaves,Portimonense SC,2,3
2024-04-07,葡超,Moreirense FC,CF Estrela da Amadora,2,2
2024-04-07,葡超,FC Porto,Vitória Guimarães,1,2
2024-04-08,葡超,Casa Pia AC,GD Estoril Praia,0,0
2024-04-12,葡超,Gil Vicente FC,Sporting Clube de Portugal,0,4
2024-04-13,葡超,Vitória Guimarães,SC Farense,1,1
2024-04-13,葡超,FC Porto,FC Famalicão,2,2
2024-04-13,葡超,GD Estoril Praia,Sporting Clube de Braga,0,1
2024-04-14,葡超,CF Estrela da Amadora,Rio Ave FC,2,2
2024-04-14,葡超,FC Arouca,Boavista FC,2,1
2024-04-14,葡超,Portimonense SC,Casa Pia AC,2,2
2024-04-14,葡超,Sport Lisboa e Benfica,Moreirense FC,3,0
2024-04-15,葡超,FC Vizela,GD Chaves,0,1
2024-04-16,葡超,FC Famalicão,Sporting Clube de Portugal,0,1
2024-04-19,葡超,Rio Ave FC,FC Arouca,1,1
2024-04-20,葡超,Moreirense FC,Gil Vicente FC,0,1
2024-04-20,葡超,Boavista FC,CF Estrela da Amadora,1,1
2024-04-20,葡超,Sporting Clube de Braga,FC Vizela,2,1
2024-04-21,葡超,FC Famalicão,Portimonense SC,2,2
2024-04-21,葡超,GD Chaves,GD Estoril Praia,2,2
2024-04-21,葡超,Casa Pia AC,FC Porto,1,2
2024-04-21,葡超,Sporting Clube de Portugal,Vitória Guimarães,3,0
2024-04-22,葡超,SC Farense,Sport Lisboa e Benfica,1,3
2024-04-26,葡超,Gil Vicente FC,FC Arouca,2,2
2024-04-27,葡超,Casa Pia AC,GD Chaves,3,1
2024-04-27,葡超,FC Vizela,Rio Ave FC,1,1
2024-04-27,葡超,Sport Lisboa e Benfica,Sporting Clube de Braga,3,1
2024-04-27,葡超,Vitória Guimarães,Boavista FC,1,0
2024-04-28,葡超,Portimonense SC,Moreirense FC,0,2
2024-04-28,葡超,GD Estoril Praia,FC Famalicão,1,0
2024-04-28,葡超,FC Porto,Sporting Clube de Portugal,2,2
2024-04-29,葡超,CF Estrela da Amadora,SC Farense,0,3
2024-05-03,葡超,Moreirense FC,FC Vizela,1,0
2024-05-04,葡超,Boavista FC,Gil Vicente FC,1,1
2024-05-04,葡超,Rio Ave FC,Vitória Guimarães,2,1
2024-05-04,葡超,Sporting Clube de Portugal,Portimonense SC,3,0
2024-05-04,葡超,GD Chaves,FC Porto,0,3
2024-05-05,葡超,SC Farense,GD Estoril Praia,3,2
2024-05-05,葡超,FC Arouca,CF Estrela da Amadora,0,0
2024-05-05,葡超,Sporting Clube de Braga,Casa Pia AC,4,3
2024-05-05,葡超,FC Famalicão,Sport Lisboa e Benfica,2,0
2024-05-10,葡超,GD Chaves,FC Famalicão,0,1
2024-05-11,葡超,Portimonense SC,Rio Ave FC,2,2
2024-05-11,葡超,FC Vizela,CF Estrela da Amadora,4,0
2024-05-11,葡超,GD Estoril Praia,Sporting Clube de Portugal,0,1
2024-05-11,葡超,Vitória Guimarães,Sporting Clube de Braga,2,3
2024-05-12,葡超,Gil Vicente FC,SC Farense,2,0
2024-05-12,葡超,Sport Lisboa e Benfica,FC Arouca,5,0
2024-05-12,葡超,Casa Pia AC,Moreirense FC,0,1
2024-05-12,葡超,FC Porto,Boavista FC,2,1
2024-05-17,葡超,FC Famalicão,Casa Pia AC,1,2
2024-05-17,葡超,Rio Ave FC,Sport Lisboa e Benfica,1,1
2024-05-18,葡超,Boavista FC,FC Vizela,2,2
2024-05-18,葡超,CF Estrela da Amadora,Gil Vicente FC,1,0
2024-05-18,葡超,FC Arouca,Vitória Guimarães,1,3
2024-05-18,葡超,SC Farense,Portimonense SC,1,3
2024-05-18,葡超,Moreirense FC,GD Estoril Praia,2,1
2024-05-18,葡超,Sporting Clube de Portugal,GD Chaves,3,0
2024-05-18,葡超,Sporting Clube de Braga,FC Porto,0,1
2024-08-09,葡超,Sporting Clube de Portugal,Rio Ave FC,3,1
2024-08-10,葡超,AVS,CD Nacional,1,1
2024-08-10,葡超,Casa Pia AC,Boavista FC,0,1
2024-08-10,葡超,FC Porto,Gil Vicente FC,3,0
2024-08-11,葡超,GD Estoril Praia,CD Santa Clara,1,4
2024-08-11,葡超,SC Farense,Moreirense FC,1,2
2024-08-11,葡超,FC Famalicão,Sport Lisboa e Benfica,2,0
2024-08-11,葡超,Sporting Clube de Braga,CF Estrela da Amadora,1,1
2024-08-12,葡超,FC Arouca,Vitória Guimarães,0,1
2024-08-16,葡超,CD Santa Clara,FC Porto,0,2
2024-08-16,葡超,Gil Vicente FC,AVS,4,2
2024-08-17,葡超,Rio Ave FC,SC Farense,1,0
2024-08-17,葡超,CD Nacional,Sporting Clube de Portugal,1,6
2024-08-17,葡超,Sport Lisboa e Benfica,Casa Pia AC,3,0
2024-08-18,葡超,Moreirense FC,FC Arouca,3,1
2024-08-18,葡超,Vitória Guimarães,GD Estoril Praia,1,0
2024-08-18,葡超,Boavista FC,Sporting Clube de Braga,0,1
2024-08-19,葡超,CF Estrela da Amadora,FC Famalicão,0,3
2024-08-23,葡超,SC Farense,Sporting Clube de Portugal,0,5
2024-08-24,葡超,Casa Pia AC,CD Santa Clara,0,2
2024-08-24,葡超,FC Porto,Rio Ave FC,2,0
2024-08-24,葡超,Sport Lisboa e Benfica,CF Estrela da Amadora,1,0
2024-08-24,葡超,FC Famalicão,Boavista FC,1,0
2024-08-25,葡超,FC Arouca,CD Nacional,1,0
2024-08-25,葡超,GD Estoril Praia,Gil Vicente FC,0,0
2024-08-25,葡超,Sporting Clube de Braga,Moreirense FC,3,1
2024-08-25,葡超,AVS,Vitória Guimarães,1,0
2024-08-30,葡超,Moreirense FC,Sport Lisboa e Benfica,1,1
2024-08-31,葡超,CD Santa Clara,AVS,2,1
2024-08-31,葡超,Boavista FC,GD Estoril Praia,0,0
2024-08-31,葡超,CF Estrela da Amadora,Casa Pia AC,0,1
2024-08-31,葡超,Sporting Clube de Portugal,FC Porto,2,0
2024-09-01,葡超,CD Nacional,SC Farense,2,0
2024-09-01,葡超,Rio Ave FC,FC Arouca,1,0
2024-09-01,葡超,Gil Vicente FC,Sporting Clube de Braga,0,0
2024-09-01,葡超,Vitória Guimarães,FC Famalicão,2,1
2024-09-13,葡超,FC Arouca,Sporting Clube de Portugal,0,3
2024-09-14,葡超,Casa Pia AC,Moreirense FC,3,1
2024-09-14,葡超,AVS,Rio Ave FC,1,0
2024-09-14,葡超,Sport Lisboa e Benfica,CD Santa Clara,4,1
2024-09-14,葡超,FC Famalicão,Gil Vicente FC,1,1
2024-09-15,葡超,FC Porto,SC Farense,2,1
2024-09-15,葡超,GD Estoril Praia,CD Nacional,1,0
2024-09-15,葡超,Sporting Clube de Braga,Vitória Guimarães,0,2
2024-09-16,葡超,CF Estrela da Amadora,Boavista FC,2,2
2024-09-20,葡超,CD Nacional,Sporting Clube de Braga,0,3
2024-09-21,葡超,CD Santa Clara,CF Estrela da Amadora,1,0
2024-09-21,葡超,Rio Ave FC,GD Estoril Praia,2,2
2024-09-21,葡超,Vitória Guimarães,FC Porto,0,3
2024-09-21,葡超,Moreirense FC,FC Famalicão,0,0
2024-09-22,葡超,Gil Vicente FC,Casa Pia AC,1,1
2024-09-22,葡超,SC Farense,FC Arouca,0,1
2024-09-22,葡超,Sporting Clube de Portugal,AVS,3,0
2024-09-23,葡超,Boavista FC,Sport Lisboa e Benfica,0,3
2024-09-27,葡超,GD Estoril Praia,Sporting Clube de Portugal,0,3
2024-09-28,葡超,CF Estrela da Amadora,Moreirense FC,2,1
2024-09-28,葡超,Casa Pia AC,Vitória Guimarães,1,1
2024-09-28,葡超,Sport Lisboa e Benfica,Gil Vicente FC,5,1
2024-09-29,葡超,FC Famalicão,CD Nacional,0,0
2024-09-29,葡超,FC Porto,FC Arouca,4,0
2024-09-29,葡超,Sporting Clube de Braga,Rio Ave FC,4,0
2024-09-29,葡超,CD Santa Clara,Boavista FC,1,0
2024-09-30,葡超,AVS,SC Farense,0,0
2024-10-04,葡超,Rio Ave FC,FC Famalicão,1,1
2024-10-05,葡超,Moreirense FC,CD Santa Clara,1,0
2024-10-05,葡超,Gil Vicente FC,CF Estrela da Amadora,3,0
2024-10-05,葡超,FC Arouca,AVS,1,1
2024-10-05,葡超,Sporting Clube de Portugal,Casa Pia AC,2,0
2024-10-06,葡超,Vitória Guimarães,Boavista FC,2,2
2024-10-06,葡超,SC Farense,GD Estoril Praia,1,0
2024-10-06,葡超,FC Porto,Sporting Clube de Braga,2,1
2024-10-25,葡超,Casa Pia AC,CD Nacional,1,0
2024-10-25,葡超,CD Santa Clara,Gil Vicente FC,2,1
2024-10-26,葡超,GD Estoril Praia,FC Arouca,4,1
2024-10-26,葡超,Boavista FC,Moreirense FC,0,2
2024-10-26,葡超,FC Famalicão,Sporting Clube de Portugal,0,3
2024-10-27,葡超,Sporting Clube de Braga,SC Farense,2,0
2024-10-27,葡超,Sport Lisboa e Benfica,Rio Ave FC,5,0
2024-10-27,葡超,CF Estrela da Amadora,Vitória Guimarães,2,2
2024-10-28,葡超,AVS,FC Porto,0,5
2024-11-01,葡超,Sporting Clube de Portugal,CF Estrela da Amadora,5,1
2024-11-02,葡超,Rio Ave FC,Casa Pia AC,2,2
2024-11-02,葡超,SC Farense,Sport Lisboa e Benfica,1,2
2024-11-02,葡超,Gil Vicente FC,Boavista FC,1,2
2024-11-03,葡超,AVS,FC Famalicão,2,3
2024-11-03,葡超,FC Arouca,Sporting Clube de Braga,1,2
2024-11-03,葡超,Vitória Guimarães,Moreirense FC,1,0
2024-11-03,葡超,FC Porto,GD Estoril Praia,4,0
2024-11-04,葡超,CD Nacional,CD Santa Clara,2,0
2024-11-08,葡超,Moreirense FC,Gil Vicente FC,3,2
2024-11-09,葡超,Casa Pia AC,SC Farense,1,1
2024-11-09,葡超,GD Estoril Praia,AVS,0,0
2024-11-09,葡超,FC Famalicão,FC Arouca,0,0
2024-11-09,葡超,Boavista FC,Rio Ave FC,0,2
2024-11-10,葡超,CF Estrela da Amadora,CD Nacional,2,0
2024-11-10,葡超,CD Santa Clara,Vitória Guimarães,1,0
2024-11-10,葡超,Sporting Clube de Braga,Sporting Clube de Portugal,2,4
2024-11-10,葡超,Sport Lisboa e Benfica,FC Porto,4,1
2024-11-29,葡超,SC Farense,CF Estrela da Amadora,1,0
2024-11-30,葡超,Rio Ave FC,Moreirense FC,3,2
2024-11-30,葡超,CD Nacional,Boavista FC,0,0
2024-11-30,葡超,Sporting Clube de Portugal,CD Santa Clara,0,1
2024-12-01,葡超,GD Estoril Praia,FC Famalicão,2,1
2024-12-01,葡超,FC Arouca,Sport Lisboa e Benfica,0,2
2024-12-01,葡超,AVS,Sporting Clube de Braga,0,1
2024-12-02,葡超,Vitória Guimarães,Gil Vicente FC,4,0
2024-12-02,葡超,FC Porto,Casa Pia AC,2,0
2024-12-05,葡超,Moreirense FC,Sporting Clube de Portugal,2,1
2024-12-06,葡超,Sporting Clube de Braga,GD Estoril Praia,2,2
2024-12-07,葡超,Gil Vicente FC,CD Nacional,2,1
2024-12-07,葡超,Sport Lisboa e Benfica,Vitória Guimarães,1,0
2024-12-07,葡超,CD Santa Clara,Rio Ave FC,1,0
2024-12-07,葡超,FC Famalicão,FC Porto,1,1
2024-12-08,葡超,Boavista FC,SC Farense,1,1
2024-12-08,葡超,Casa Pia AC,AVS,1,1
2024-12-09,葡超,CF Estrela da Amadora,FC Arouca,2,1
2024-12-14,葡超,SC Farense,Gil Vicente FC,0,1
2024-12-14,葡超,CD Nacional,Moreirense FC,1,0
2024-12-14,葡超,Sporting Clube de Portugal,Boavista FC,3,2
2024-12-15,葡超,FC Arouca,CD Santa Clara,1,0
2024-12-15,葡超,AVS,Sport Lisboa e Benfica,1,1
2024-12-15,葡超,GD Estoril Praia,Casa Pia AC,0,2
2024-12-16,葡超,Sporting Clube de Braga,FC Famalicão,3,3
2024-12-16,葡超,FC Porto,CF Estrela da Amadora,2,0
2024-12-16,葡超,Rio Ave FC,Vitória Guimarães,2,2
2024-12-19,葡超,CD Nacional,Sport Lisboa e Benfica,0,2
2024-12-20,葡超,Casa Pia AC,FC Arouca,3,1
2024-12-21,葡超,FC Famalicão,SC Farense,1,2
2024-12-21,葡超,Boavista FC,AVS,0,0
2024-12-21,葡超,Moreirense FC,FC Porto,0,3
2024-12-22,葡超,CD Santa Clara,Sporting Clube de Braga,0,2
2024-12-22,葡超,Gil Vicente FC,Sporting Clube de Portugal,0,0
2024-12-23,葡超,Sport Lisboa e Benfica,GD Estoril Praia,3,0
2024-12-23,葡超,Vitória Guimarães,CD Nacional,2,2
2024-12-23,葡超,CF Estrela da Amadora,Rio Ave FC,1,0
2024-12-27,葡超,FC Arouca,Gil Vicente FC,1,1
2024-12-28,葡超,AVS,CF Estrela da Amadora,1,1
2024-12-28,葡超,GD Estoril Praia,Moreirense FC,2,2
2024-12-28,葡超,FC Porto,Boavista FC,4,0
2024-12-29,葡超,SC Farense,Vitória Guimarães,2,2
2024-12-29,葡超,Rio Ave FC,CD Nacional,2,1
2024-12-29,葡超,Sporting Clube de Braga,Casa Pia AC,1,2
2024-12-29,葡超,Sporting Clube de Portugal,Sport Lisboa e Benfica,1,0
2024-12-30,葡超,FC Famalicão,CD Santa Clara,1,2
2025-01-03,葡超,Vitória Guimarães,Sporting Clube de Portugal,4,4
2025-01-04,葡超,Moreirense FC,AVS,1,1
2025-01-04,葡超,Sport Lisboa e Benfica,Sporting Clube de Braga,1,2
2025-01-04,葡超,Boavista FC,FC Arouca,1,3
2025-01-05,葡超,CD Santa Clara,SC Farense,0,0
2025-01-05,葡超,Casa Pia AC,FC Famalicão,1,1
2025-01-05,葡超,CF Estrela da Amadora,GD Estoril Praia,2,4
2025-01-06,葡超,Gil Vicente FC,Rio Ave FC,1,1
2025-01-12,葡超,CD Nacional,FC Porto,2,0
2025-01-17,葡超,Sport Lisboa e Benfica,FC Famalicão,4,0
2025-01-18,葡超,CD Santa Clara,GD Estoril Praia,2,3
2025-01-18,葡超,Rio Ave FC,Sporting Clube de Portugal,0,3
2025-01-18,葡超,Vitória Guimarães,FC Arouca,2,2
2025-01-19,葡超,CD Nacional,AVS,3,1
2025-01-19,葡超,Moreirense FC,SC Farense,0,0
2025-01-19,葡超,CF Estrela da Amadora,Sporting Clube de Braga,0,1
2025-01-19,葡超,Gil Vicente FC,FC Porto,3,1
2025-01-20,葡超,Boavista FC,Casa Pia AC,2,3
2025-01-24,葡超,FC Arouca,Moreirense FC,1,0
2025-01-25,葡超,FC Famalicão,CF Estrela da Amadora,0,0
2025-01-25,葡超,SC Farense,Rio Ave FC,1,2
2025-01-25,葡超,Casa Pia AC,Sport Lisboa e Benfica,3,1
2025-01-25,葡超,Sporting Clube de Portugal,CD Nacional,2,0
2025-01-26,葡超,GD Estoril Praia,Vitória Guimarães,1,0
2025-01-26,葡超,FC Porto,CD Santa Clara,1,1
2025-01-26,葡超,Sporting Clube de Braga,Boavista FC,3,0
2025-01-27,葡超,AVS,Gil Vicente FC,1,0
2025-01-31,葡超,Boavista FC,FC Famalicão,0,2
2025-02-01,葡超,CD Nacional,FC Arouca,1,2
2025-02-01,葡超,CD Santa Clara,Casa Pia AC,2,1
2025-02-01,葡超,Gil Vicente FC,GD Estoril Praia,1,2
2025-02-01,葡超,Vitória Guimarães,AVS,2,0
2025-02-02,葡超,Sporting Clube de Portugal,SC Farense,3,1
2025-02-02,葡超,CF Estrela da Amadora,Sport Lisboa e Benfica,2,3
2025-02-03,葡超,Moreirense FC,Sporting Clube de Braga,1,2
2025-02-03,葡超,Rio Ave FC,FC Porto,2,2
2025-02-07,葡超,FC Porto,Sporting Clube de Portugal,1,1
2025-02-08,葡超,AVS,CD Santa Clara,1,2
2025-02-08,葡超,Sport Lisboa e Benfica,Moreirense FC,3,2
2025-02-08,葡超,FC Famalicão,Vitória Guimarães,0,0
2025-02-09,葡超,GD Estoril Praia,Boavista FC,2,1
2025-02-09,葡超,SC Farense,CD Nacional,0,2
2025-02-09,葡超,Sporting Clube de Braga,Gil Vicente FC,2,0
2025-02-09,葡超,Casa Pia AC,CF Estrela da Amadora,1,0
2025-02-10,葡超,FC Arouca,Rio Ave FC,1,1
2025-02-14,葡超,Boavista FC,CF Estrela da Amadora,0,1
2025-02-15,葡超,Moreirense FC,Casa Pia AC,3,2
2025-02-15,葡超,CD Nacional,GD Estoril Praia,2,2
2025-02-15,葡超,CD Santa Clara,Sport Lisboa e Benfica,0,1
2025-02-15,葡超,Sporting Clube de Portugal,FC Arouca,2,2
2025-02-16,葡超,Rio Ave FC,AVS,1,1
2025-02-16,葡超,SC Farense,FC Porto,0,1
2025-02-16,葡超,Vitória Guimarães,Sporting Clube de Braga,0,0
2025-02-17,葡超,Gil Vicente FC,FC Famalicão,0,2
2025-02-21,葡超,Sporting Clube de Braga,CD Nacional,1,0
2025-02-22,葡超,Casa Pia AC,Gil Vicente FC,1,0
2025-02-22,葡超,Sport Lisboa e Benfica,Boavista FC,3,0
2025-02-22,葡超,GD Estoril Praia,Rio Ave FC,2,1
2025-02-23,葡超,CF Estrela da Amadora,CD Santa Clara,0,0
2025-02-23,葡超,FC Arouca,SC Farense,2,2
2025-02-23,葡超,AVS,Sporting Clube de Portugal,2,2
2025-02-23,葡超,FC Famalicão,Moreirense FC,2,0
2025-02-24,葡超,FC Porto,Vitória Guimarães,1,1
2025-03-01,葡超,CD Nacional,FC Famalicão,2,1
2025-03-01,葡超,FC Arouca,FC Porto,0,2
2025-03-01,葡超,Vitória Guimarães,Casa Pia AC,1,0
2025-03-02,葡超,Boavista FC,CD Santa Clara,1,0
2025-03-02,葡超,Moreirense FC,CF Estrela da Amadora,1,1
2025-03-02,葡超,SC Farense,AVS,0,1
2025-03-02,葡超,Rio Ave FC,Sporting Clube de Braga,2,1
2025-03-03,葡超,Sporting Clube de Portugal,GD Estoril Praia,3,1
2025-03-07,葡超,CF Estrela da Amadora,Gil Vicente FC,1,1
2025-03-08,葡超,AVS,FC Arouca,0,1
2025-03-08,葡超,GD Estoril Praia,SC Farense,2,2
2025-03-08,葡超,Sport Lisboa e Benfica,CD Nacional,3,0
2025-03-08,葡超,Sporting Clube de Braga,FC Porto,1,0
2025-03-09,葡超,CD Santa Clara,Moreirense FC,1,1
2025-03-09,葡超,Casa Pia AC,Sporting Clube de Portugal,1,3
2025-03-09,葡超,Boavista FC,Vitória Guimarães,1,2
2025-03-10,葡超,FC Famalicão,Rio Ave FC,1,0
2025-03-15,葡超,SC Farense,Sporting Clube de Braga,0,1
2025-03-15,葡超,Gil Vicente FC,CD Santa Clara,0,1
2025-03-15,葡超,FC Porto,AVS,2,0
2025-03-15,葡超,Sporting Clube de Portugal,FC Famalicão,3,1
2025-03-16,葡超,CD Nacional,Casa Pia AC,3,1
2025-03-16,葡超,FC Arouca,GD Estoril Praia,1,1
2025-03-16,葡超,Rio Ave FC,Sport Lisboa e Benfica,2,3
2025-03-16,葡超,Vitória Guimarães,CF Estrela da Amadora,2,0
2025-03-16,葡超,Moreirense FC,Boavista FC,1,0
2025-03-28,葡超,Gil Vicente FC,Sport Lisboa e Benfica,0,3
2025-03-29,葡超,Casa Pia AC,Rio Ave FC,2,1
2025-03-29,葡超,CF Estrela da Amadora,Sporting Clube de Portugal,0,3
2025-03-29,葡超,Sporting Clube de Braga,FC Arouca,2,1
2025-03-30,葡超,FC Famalicão,AVS,4,1
2025-03-30,葡超,CD Santa Clara,CD Nacional,1,0
2025-03-30,葡超,GD Estoril Praia,FC Porto,1,2
2025-03-30,葡超,Moreirense FC,Vitória Guimarães,2,2
2025-04-01,葡超,Boavista FC,Gil Vicente FC,1,3
2025-04-02,葡超,Sport Lisboa e Benfica,SC Farense,3,2
2025-04-04,葡超,AVS,GD Estoril Praia,0,3
2025-04-05,葡超,FC Arouca,FC Famalicão,1,2
2025-04-05,葡超,Vitória Guimarães,CD Santa Clara,2,0
2025-04-06,葡超,Gil Vicente FC,Moreirense FC,0,1
2025-04-06,葡超,CD Nacional,CF Estrela da Amadora,0,1
2025-04-06,葡超,FC Porto,Sport Lisboa e Benfica,1,4
2025-04-07,葡超,SC Farense,Casa Pia AC,0,0
2025-04-07,葡超,Rio Ave FC,Boavista FC,0,2
2025-04-07,葡超,Sporting Clube de Portugal,Sporting Clube de Braga,1,1
2025-04-11,葡超,Gil Vicente FC,Vitória Guimarães,0,1
2025-04-12,葡超,FC Famalicão,GD Estoril Praia,3,0
2025-04-12,葡超,Boavista FC,CD Nacional,0,1
2025-04-12,葡超,CD Santa Clara,Sporting Clube de Portugal,0,1
2025-04-12,葡超,Casa Pia AC,FC Porto,0,1
2025-04-13,葡超,CF Estrela da Amadora,SC Farense,0,1
2025-04-13,葡超,Sporting Clube de Braga,AVS,4,1
2025-04-13,葡超,Sport Lisboa e Benfica,FC Arouca,2,2
2025-04-13,葡超,Moreirense FC,Rio Ave FC,0,2
2025-04-18,葡超,SC Farense,Boavista FC,0,1
2025-04-18,葡超,Rio Ave FC,CD Santa Clara,1,1
2025-04-18,葡超,FC Porto,FC Famalicão,2,1
2025-04-18,葡超,Sporting Clube de Portugal,Moreirense FC,3,1
2025-04-19,葡超,CD Nacional,Gil Vicente FC,0,3
2025-04-19,葡超,AVS,Casa Pia AC,1,1
2025-04-19,葡超,GD Estoril Praia,Sporting Clube de Braga,0,2
2025-04-19,葡超,FC Arouca,CF Estrela da Amadora,1,0
2025-04-19,葡超,Vitória Guimarães,Sport Lisboa e Benfica,0,3
2025-04-25,葡超,FC Famalicão,Sporting Clube de Braga,1,1
2025-04-26,葡超,CD Santa Clara,FC Arouca,2,0
2025-04-26,葡超,Gil Vicente FC,SC Farense,1,0
2025-04-26,葡超,CF Estrela da Amadora,FC Porto,2,0
2025-04-27,葡超,Moreirense FC,CD Nacional,1,1
2025-04-27,葡超,Sport Lisboa e Benfica,AVS,6,0
2025-04-27,葡超,Vitória Guimarães,Rio Ave FC,3,0
2025-04-27,葡超,Boavista FC,Sporting Clube de Portugal,0,5
2025-04-29,葡超,Casa Pia AC,GD Estoril Praia,1,3
2025-05-02,葡超,FC Porto,Moreirense FC,3,1
2025-05-03,葡超,CD Nacional,Vitória Guimarães,1,2
2025-05-03,葡超,SC Farense,FC Famalicão,2,1
2025-05-03,葡超,Sporting Clube de Braga,CD Santa Clara,1,1
2025-05-03,葡超,GD Estoril Praia,Sport Lisboa e Benfica,1,2
2025-05-04,葡超,FC Arouca,Casa Pia AC,0,0
2025-05-04,葡超,Sporting Clube de Portugal,Gil Vicente FC,2,1
2025-05-05,葡超,Rio Ave FC,CF Estrela da Amadora,2,0
2025-05-05,葡超,AVS,Boavista FC,1,2
2025-05-10,葡超,CD Santa Clara,FC Famalicão,2,1
2025-05-10,葡超,CD Nacional,Rio Ave FC,3,3
2025-05-10,葡超,Sport Lisboa e Benfica,Sporting Clube de Portugal,1,1
2025-05-10,葡超,Casa Pia AC,Sporting Clube de Braga,2,1
2025-05-10,葡超,Gil Vicente FC,FC Arouca,1,1
2025-05-11,葡超,CF Estrela da Amadora,AVS,0,1
2025-05-11,葡超,Moreirense FC,GD Estoril Praia,2,2
2025-05-11,葡超,Vitória Guimarães,SC Farense,1,2
2025-05-11,葡超,Boavista FC,FC Porto,1,2
2025-05-16,葡超,Rio Ave FC,Gil Vicente FC,1,1
2025-05-16,葡超,FC Famalicão,Casa Pia AC,2,1
2025-05-17,葡超,GD Estoril Praia,CF Estrela da Amadora,4,0
2025-05-17,葡超,Sporting Clube de Portugal,Vitória Guimarães,2,0
2025-05-17,葡超,Sporting Clube de Braga,Sport Lisboa e Benfica,1,1
2025-05-17,葡超,FC Porto,CD Nacional,3,0
2025-05-17,葡超,AVS,Moreirense FC,0,3
2025-05-17,葡超,FC Arouca,Boavista FC,4,1
2025-05-17,葡超,SC Farense,CD Santa Clara,1,2
2025-08-08,葡超,Casa Pia AC,Sporting Clube de Portugal,0,2
2025-08-09,葡超,CD Nacional,Gil Vicente FC,0,2
2025-08-09,葡超,FC Arouca,AVS,3,1
2025-08-10,葡超,FC Famalicão,CD Santa Clara,3,0
2025-08-10,葡超,Sporting Clube de Braga,CD Tondela,3,0
2025-08-10,葡超,Moreirense FC,FC Alverca,2,1
2025-08-11,葡超,GD Estoril Praia,CF Estrela da Amadora,1,1
2025-08-11,葡超,FC Porto,Vitória Guimarães,3,0
2025-08-15,葡超,AVS,Casa Pia AC,0,2
2025-08-16,葡超,CD Tondela,FC Famalicão,0,1
2025-08-16,葡超,Vitória Guimarães,GD Estoril Praia,3,2
2025-08-16,葡超,CF Estrela da Amadora,Sport Lisboa e Benfica,0,1
2025-08-17,葡超,Rio Ave FC,CD Nacional,1,1
2025-08-17,葡超,FC Alverca,Sporting Clube de Braga,0,3
2025-08-17,葡超,CD Santa Clara,Moreirense FC,0,1
2025-08-17,葡超,Sporting Clube de Portugal,FC Arouca,6,0
2025-08-18,葡超,Gil Vicente FC,FC Porto,0,2
2025-08-23,葡超,Moreirense FC,Vitória Guimarães,2,0
2025-08-23,葡超,CD Nacional,Sporting Clube de Portugal,1,4
2025-08-23,葡超,FC Arouca,Rio Ave FC,3,3
2025-08-23,葡超,Sport Lisboa e Benfica,CD Tondela,3,0
2025-08-24,葡超,FC Famalicão,Gil Vicente FC,0,0
2025-08-24,葡超,FC Porto,Casa Pia AC,4,0
2025-08-24,葡超,Sporting Clube de Braga,AVS,2,2
2025-08-25,葡超,CF Estrela da Amadora,FC Alverca,2,2
2025-08-29,葡超,Gil Vicente FC,Moreirense FC,2,0
2025-08-30,葡超,Casa Pia AC,CD Nacional,0,2
2025-08-30,葡超,AVS,FC Famalicão,0,1
2025-08-30,葡超,Vitória Guimarães,FC Arouca,1,1
2025-08-30,葡超,Sporting Clube de Portugal,FC Porto,1,2
2025-08-31,葡超,CD Tondela,GD Estoril Praia,2,2
2025-08-31,葡超,FC Alverca,Sport Lisboa e Benfica,1,2
2025-08-31,葡超,CD Santa Clara,CF Estrela da Amadora,0,0
2025-08-31,葡超,Rio Ave FC,Sporting Clube de Braga,2,2
2025-09-06,葡超,GD Estoril Praia,CD Santa Clara,0,1
2025-09-12,葡超,FC Alverca,CD Tondela,1,0
2025-09-12,葡超,Sport Lisboa e Benfica,CD Santa Clara,1,1
2025-09-13,葡超,Moreirense FC,Rio Ave FC,3,1
2025-09-13,葡超,GD Estoril Praia,AVS,3,1
2025-09-13,葡超,FC Porto,CD Nacional,1,0
2025-09-13,葡超,FC Famalicão,Sporting Clube de Portugal,1,2
2025-09-14,葡超,CF Estrela da Amadora,Vitória Guimarães,0,2
2025-09-14,葡超,FC Arouca,Casa Pia AC,0,2
2025-09-14,葡超,Sporting Clube de Braga,Gil Vicente FC,0,1
2025-09-19,葡超,Rio Ave FC,FC Porto,0,3
2025-09-20,葡超,CD Santa Clara,FC Alverca,2,1
2025-09-20,葡超,CD Nacional,FC Arouca,1,2
2025-09-20,葡超,AVS,Sport Lisboa e Benfica,0,3
2025-09-20,葡超,Vitória Guimarães,Sporting Clube de Braga,1,1
2025-09-21,葡超,CD Tondela,CF Estrela da Amadora,0,0
2025-09-21,葡超,Gil Vicente FC,GD Estoril Praia,2,0
2025-09-21,葡超,Casa Pia AC,FC Famalicão,1,1
2025-09-22,葡超,Sporting Clube de Portugal,Moreirense FC,3,0
2025-09-23,葡超,Sport Lisboa e Benfica,Rio Ave FC,1,1
2025-09-26,葡超,Sport Lisboa e Benfica,Gil Vicente FC,2,1
2025-09-27,葡超,Moreirense FC,Casa Pia AC,2,1
2025-09-27,葡超,CD Santa Clara,CD Tondela,1,2
2025-09-27,葡超,CF Estrela da Amadora,AVS,3,0
2025-09-27,葡超,GD Estoril Praia,Sporting Clube de Portugal,0,1
2025-09-28,葡超,FC Alverca,Vitória Guimarães,2,0
2025-09-28,葡超,Sporting Clube de Braga,CD Nacional,0,1
2025-09-28,葡超,FC Famalicão,Rio Ave FC,0,0
2025-09-29,葡超,FC Arouca,FC Porto,0,4
2025-10-03,葡超,Casa Pia AC,GD Estoril Praia,2,2
2025-10-04,葡超,Gil Vicente FC,CF Estrela da Amadora,2,0
2025-10-04,葡超,CD Nacional,Moreirense FC,3,2
2025-10-04,葡超,AVS,FC Alverca,1,3
2025-10-04,葡超,Vitória Guimarães,CD Santa Clara,2,1
2025-10-05,葡超,FC Arouca,FC Famalicão,1,1
2025-10-05,葡超,Rio Ave FC,CD Tondela,3,0
2025-10-05,葡超,Sporting Clube de Portugal,Sporting Clube de Braga,1,1
2025-10-05,葡超,FC Porto,Sport Lisboa e Benfica,0,0
2025-10-24,葡超,FC Alverca,Gil Vicente FC,0,4
2025-10-25,葡超,CD Santa Clara,AVS,2,0
2025-10-25,葡超,CF Estrela da Amadora,Rio Ave FC,1,2
2025-10-25,葡超,Sport Lisboa e Benfica,FC Arouca,5,0
2025-10-26,葡超,GD Estoril Praia,CD Nacional,1,1
2025-10-26,葡超,FC Famalicão,Vitória Guimarães,2,0
2025-10-26,葡超,CD Tondela,Sporting Clube de Portugal,0,3
2025-10-26,葡超,Sporting Clube de Braga,Casa Pia AC,4,0
2025-10-27,葡超,Moreirense FC,FC Porto,1,2
2025-10-31,葡超,Sporting Clube de Portugal,FC Alverca,2,0
2025-11-01,葡超,CD Nacional,FC Famalicão,0,1
2025-11-01,葡超,Casa Pia AC,CF Estrela da Amadora,3,5
2025-11-01,葡超,Rio Ave FC,GD Estoril Praia,0,4
2025-11-01,葡超,Vitória Guimarães,Sport Lisboa e Benfica,0,3
2025-11-02,葡超,AVS,CD Tondela,2,2
2025-11-02,葡超,FC Arouca,Moreirense FC,0,2
2025-11-02,葡超,FC Porto,Sporting Clube de Braga,2,1
2025-11-03,葡超,Gil Vicente FC,CD Santa Clara,1,0
2025-11-07,葡超,GD Estoril Praia,FC Arouca,4,3
2025-11-08,葡超,FC Alverca,Rio Ave FC,1,1
2025-11-08,葡超,CD Tondela,Vitória Guimarães,0,1
2025-11-08,葡超,CD Santa Clara,Sporting Clube de Portugal,1,2
2025-11-09,葡超,AVS,Gil Vicente FC,1,1
2025-11-09,葡超,CF Estrela da Amadora,CD Nacional,1,1
2025-11-09,葡超,FC Famalicão,FC Porto,0,1
2025-11-09,葡超,Sporting Clube de Braga,Moreirense FC,2,1
2025-11-09,葡超,Sport Lisboa e Benfica,Casa Pia AC,2,2
2025-11-28,葡超,Vitória Guimarães,AVS,4,0
2025-11-29,葡超,Casa Pia AC,FC Alverca,0,2
2025-11-29,葡超,Moreirense FC,FC Famalicão,2,2
2025-11-29,葡超,CD Nacional,Sport Lisboa e Benfica,1,2
2025-11-29,葡超,Gil Vicente FC,CD Tondela,0,1
2025-11-30,葡超,Rio Ave FC,CD Santa Clara,1,1
2025-11-30,葡超,Sporting Clube de Portugal,CF Estrela da Amadora,4,0
2025-11-30,葡超,FC Porto,GD Estoril Praia,1,0
2025-12-01,葡超,FC Arouca,Sporting Clube de Braga,0,4
2025-12-05,葡超,Sport Lisboa e Benfica,Sporting Clube de Portugal,1,1
2025-12-06,葡超,CD Santa Clara,Casa Pia AC,1,0
2025-12-06,葡超,AVS,Rio Ave FC,1,2
2025-12-06,葡超,FC Famalicão,Sporting Clube de Braga,1,2
2025-12-07,葡超,GD Estoril Praia,Moreirense FC,3,3
2025-12-07,葡超,FC Alverca,CD Nacional,1,0
2025-12-07,葡超,CF Estrela da Amadora,FC Arouca,3,1
2025-12-07,葡超,CD Tondela,FC Porto,0,2
2025-12-08,葡超,Vitória Guimarães,Gil Vicente FC,0,0
2025-12-13,葡超,Casa Pia AC,Gil Vicente FC,1,1
2025-12-13,葡超,Rio Ave FC,Vitória Guimarães,0,1
2025-12-13,葡超,Sporting Clube de Portugal,AVS,6,0
2025-12-14,葡超,FC Famalicão,GD Estoril Praia,4,0
2025-12-14,葡超,Moreirense FC,Sport Lisboa e Benfica,0,4
2025-12-14,葡超,FC Arouca,FC Alverca,1,0
2025-12-15,葡超,CD Nacional,CD Tondela,3,1
2025-12-15,葡超,Sporting Clube de Braga,CD Santa Clara,1,0
2025-12-15,葡超,FC Porto,CF Estrela da Amadora,3,1
2025-12-19,葡超,GD Estoril Praia,Sporting Clube de Braga,1,0
2025-12-20,葡超,Gil Vicente FC,Rio Ave FC,2,2
2025-12-20,葡超,CF Estrela da Amadora,Moreirense FC,0,0
2025-12-21,葡超,AVS,CD Nacional,2,2
2025-12-21,葡超,CD Tondela,Casa Pia AC,1,2
2025-12-21,葡超,CD Santa Clara,FC Arouca,0,0
2025-12-22,葡超,FC Alverca,FC Porto,0,3
2025-12-22,葡超,Sport Lisboa e Benfica,FC Famalicão,1,0
2025-12-23,葡超,Vitória Guimarães,Sporting Clube de Portugal,1,4
2025-12-27,葡超,FC Famalicão,CF Estrela da Amadora,2,3
2025-12-27,葡超,GD Estoril Praia,FC Alverca,4,1
2025-12-28,葡超,Casa Pia AC,Vitória Guimarães,0,0
2025-12-28,葡超,FC Arouca,Gil Vicente FC,2,2
2025-12-28,葡超,Sporting Clube de Braga,Sport Lisboa e Benfica,2,2
2025-12-28,葡超,Sporting Clube de Portugal,Rio Ave FC,4,0
2025-12-29,葡超,FC Porto,AVS,2,0
2026-01-02,葡超,Gil Vicente FC,Sporting Clube de Portugal,1,1
2026-01-02,葡超,Vitória Guimarães,CD Nacional,2,1
2026-01-03,葡超,CD Tondela,FC Arouca,3,1
2026-01-03,葡超,Sport Lisboa e Benfica,GD Estoril Praia,3,1
2026-01-03,葡超,CF Estrela da Amadora,Sporting Clube de Braga,3,3
2026-01-03,葡超,AVS,Moreirense FC,0,2
2026-01-04,葡超,Rio Ave FC,Casa Pia AC,3,1
2026-01-04,葡超,CD Santa Clara,FC Porto,0,1
2026-01-04,葡超,FC Alverca,FC Famalicão,1,0
2026-01-11,葡超,CD Nacional,CD Santa Clara,3,3
2026-01-11,葡超,Moreirense FC,CD Tondela,1,0
2026-01-16,葡超,Sporting Clube de Portugal,Casa Pia AC,3,0
2026-01-17,葡超,Gil Vicente FC,CD Nacional,2,1
2026-01-17,葡超,AVS,FC Arouca,0,1
2026-01-17,葡超,FC Alverca,Moreirense FC,2,1
2026-01-17,葡超,Rio Ave FC,Sport Lisboa e Benfica,0,2
2026-01-18,葡超,CD Santa Clara,FC Famalicão,0,1
2026-01-18,葡超,CD Tondela,Sporting Clube de Braga,0,1
2026-01-18,葡超,Vitória Guimarães,FC Porto,0,1
2026-01-19,葡超,CF Estrela da Amadora,GD Estoril Praia,0,5
2026-01-23,葡超,Casa Pia AC,AVS,3,3
2026-01-24,葡超,Moreirense FC,CD Santa Clara,1,0
2026-01-24,葡超,FC Arouca,Sporting Clube de Portugal,1,2
2026-01-24,葡超,GD Estoril Praia,Vitória Guimarães,4,2
2026-01-25,葡超,CD Nacional,Rio Ave FC,4,0
2026-01-25,葡超,FC Famalicão,CD Tondela,3,0
2026-01-25,葡超,Sport Lisboa e Benfica,CF Estrela da Amadora,4,0
2026-01-25,葡超,Sporting Clube de Braga,FC Alverca,5,0
2026-01-26,葡超,FC Porto,Gil Vicente FC,3,0
2026-01-30,葡超,Vitória Guimarães,Moreirense FC,1,0
2026-01-31,葡超,CD Santa Clara,GD Estoril Praia,2,4
2026-01-31,葡超,Rio Ave FC,FC Arouca,0,3
2026-01-31,葡超,FC Alverca,CF Estrela da Amadora,1,1
2026-02-01,葡超,Gil Vicente FC,FC Famalicão,5,0
2026-02-01,葡超,Sporting Clube de Portugal,CD Nacional,2,1
2026-02-01,葡超,CD Tondela,Sport Lisboa e Benfica,0,0
2026-02-02,葡超,AVS,Sporting Clube de Braga,0,4
2026-02-02,葡超,Casa Pia AC,FC Porto,2,1
2026-02-07,葡超,Moreirense FC,Gil Vicente FC,1,2
2026-02-07,葡超,CF Estrela da Amadora,CD Santa Clara,1,0
2026-02-07,葡超,GD Estoril Praia,CD Tondela,2,2
2026-02-07,葡超,FC Arouca,Vitória Guimarães,3,2
2026-02-08,葡超,CD Nacional,Casa Pia AC,0,0
2026-02-08,葡超,Sporting Clube de Braga,Rio Ave FC,3,0
2026-02-08,葡超,Sport Lisboa e Benfica,FC Alverca,2,1
2026-02-09,葡超,FC Famalicão,AVS,3,1
2026-02-09,葡超,FC Porto,Sporting Clube de Portugal,1,1
2026-02-13,葡超,CD Santa Clara,Sport Lisboa e Benfica,1,2
2026-02-13,葡超,CD Tondela,FC Alverca,1,1
2026-02-14,葡超,Casa Pia AC,FC Arouca,3,2
2026-02-14,葡超,Vitória Guimarães,CF Estrela da Amadora,2,1
2026-02-14,葡超,Gil Vicente FC,Sporting Clube de Braga,2,1
2026-02-15,葡超,CD Nacional,FC Porto,0,1
2026-02-15,葡超,AVS,GD Estoril Praia,3,0
2026-02-15,葡超,Sporting Clube de Portugal,FC Famalicão,1,0
2026-02-16,葡超,Rio Ave FC,Moreirense FC,1,2
2026-02-20,葡超,CF Estrela da Amadora,CD Tondela,0,2
2026-02-21,葡超,FC Alverca,CD Santa Clara,1,1
2026-02-21,葡超,FC Arouca,CD Nacional,3,0
2026-02-21,葡超,Sport Lisboa e Benfica,AVS,3,0
2026-02-21,葡超,Moreirense FC,Sporting Clube de Portugal,0,3
2026-02-21,葡超,Sporting Clube de Braga,Vitória Guimarães,3,2
2026-02-22,葡超,GD Estoril Praia,Gil Vicente FC,3,1
2026-02-22,葡超,FC Porto,Rio Ave FC,1,0
2026-02-23,葡超,FC Famalicão,Casa Pia AC,2,0
2026-02-27,葡超,FC Porto,FC Arouca,3,1
2026-02-27,葡超,Sporting Clube de Portugal,GD Estoril Praia,3,0
2026-02-28,葡超,AVS,CF Estrela da Amadora,0,0
2026-02-28,葡超,CD Nacional,Sporting Clube de Braga,1,2
2026-02-28,葡超,Vitória Guimarães,FC Alverca,1,1
2026-03-01,葡超,CD Tondela,CD Santa Clara,2,2
2026-03-01,葡超,Casa Pia AC,Moreirense FC,1,1
2026-03-01,葡超,Rio Ave FC,FC Famalicão,0,0
2026-03-02,葡超,Gil Vicente FC,Sport Lisboa e Benfica,1,2
2026-03-06,葡超,FC Famalicão,FC Arouca,1,0
2026-03-07,葡超,FC Alverca,AVS,0,0
2026-03-07,葡超,Moreirense FC,CD Nacional,1,1
2026-03-07,葡超,Sporting Clube de Braga,Sporting Clube de Portugal,2,2
2026-03-07,葡超,GD Estoril Praia,Casa Pia AC,0,0
2026-03-08,葡超,CF Estrela da Amadora,Gil Vicente FC,2,2
2026-03-08,葡超,Sport Lisboa e Benfica,FC Porto,2,2
2026-03-08,葡超,CD Santa Clara,Vitória Guimarães,2,0
2026-03-09,葡超,CD Tondela,Rio Ave FC,0,1
2026-03-14,葡超,Vitória Guimarães,FC Famalicão,1,2
2026-03-14,葡超,Gil Vicente FC,FC Alverca,2,2
2026-03-14,葡超,FC Arouca,Sport Lisboa e Benfica,1,2
2026-03-15,葡超,CD Nacional,GD Estoril Praia,0,1
2026-03-15,葡超,AVS,CD Santa Clara,0,1
2026-03-15,葡超,Rio Ave FC,CF Estrela da Amadora,2,1
2026-03-15,葡超,FC Porto,Moreirense FC,3,0
2026-03-20,葡超,CF Estrela da Amadora,Casa Pia AC,4,0
2026-03-21,葡超,Moreirense FC,FC Arouca,0,1
2026-03-21,葡超,FC Famalicão,CD Nacional,1,0
2026-03-21,葡超,CD Santa Clara,Gil Vicente FC,1,0
2026-03-21,葡超,Sport Lisboa e Benfica,Vitória Guimarães,3,0
2026-03-21,葡超,CD Tondela,AVS,0,0
2026-03-22,葡超,GD Estoril Praia,Rio Ave FC,1,2
2026-03-22,葡超,FC Alverca,Sporting Clube de Portugal,1,4
2026-03-22,葡超,Sporting Clube de Braga,FC Porto,1,2
2026-04-03,葡超,Gil Vicente FC,AVS,3,0
2026-04-03,葡超,Vitória Guimarães,CD Tondela,5,0
2026-04-03,葡超,Sporting Clube de Portugal,CD Santa Clara,4,2
2026-04-04,葡超,CD Nacional,CF Estrela da Amadora,2,0
2026-04-04,葡超,Rio Ave FC,FC Alverca,1,2
2026-04-04,葡超,Moreirense FC,Sporting Clube de Braga,0,1
2026-04-04,葡超,FC Porto,FC Famalicão,2,2
2026-04-06,葡超,FC Arouca,GD Estoril Praia,3,2
2026-04-06,葡超,Casa Pia AC,Sport Lisboa e Benfica,1,1
2026-04-10,葡超,FC Famalicão,Moreirense FC,1,1
2026-04-11,葡超,AVS,Vitória Guimarães,1,1
2026-04-11,葡超,CD Santa Clara,Rio Ave FC,0,2
2026-04-11,葡超,CF Estrela da Amadora,Sporting Clube de Portugal,0,1
2026-04-12,葡超,FC Alverca,Casa Pia AC,3,1
2026-04-12,葡超,Sporting Clube de Braga,FC Arouca,1,0
2026-04-12,葡超,Sport Lisboa e Benfica,CD Nacional,2,0
2026-04-12,葡超,GD Estoril Praia,FC Porto,1,3
2026-04-13,葡超,CD Tondela,Gil Vicente FC,2,2
2026-04-17,葡超,Rio Ave FC,AVS,2,2
2026-04-18,葡超,CD Nacional,FC Alverca,1,0
2026-04-18,葡超,Casa Pia AC,CD Santa Clara,0,0
2026-04-18,葡超,Gil Vicente FC,Vitória Guimarães,0,1
2026-04-19,葡超,FC Arouca,CF Estrela da Amadora,1,0
2026-04-19,葡超,Sporting Clube de Portugal,Sport Lisboa e Benfica,1,2
2026-04-19,葡超,FC Porto,CD Tondela,2,0
2026-04-19,葡超,Sporting Clube de Braga,FC Famalicão,2,2
2026-04-20,葡超,Moreirense FC,GD Estoril Praia,1,0
2026-04-23,葡超,Casa Pia AC,Sporting Clube de Braga,0,1
2026-04-24,葡超,FC Alverca,FC Arouca,2,1
2026-04-25,葡超,CD Tondela,CD Nacional,0,2
2026-04-25,葡超,Sport Lisboa e Benfica,Moreirense FC,4,1
2026-04-25,葡超,Vitória Guimarães,Rio Ave FC,2,0
2026-04-26,葡超,GD Estoril Praia,FC Famalicão,0,1
2026-04-26,葡超,CD Santa Clara,Sporting Clube de Braga,2,1
2026-04-26,葡超,CF Estrela da Amadora,FC Porto,1,2
2026-04-26,葡超,AVS,Sporting Clube de Portugal,1,1
2026-04-27,葡超,Gil Vicente FC,Casa Pia AC,2,1
2026-04-29,葡超,Sporting Clube de Portugal,CD Tondela,2,2
2026-05-02,葡超,CD Nacional,AVS,1,2
2026-05-02,葡超,Moreirense FC,CF Estrela da Amadora,3,2
2026-05-02,葡超,FC Arouca,CD Santa Clara,2,2
2026-05-02,葡超,FC Famalicão,Sport Lisboa e Benfica,2,2
2026-05-02,葡超,FC Porto,FC Alverca,1,0
2026-05-03,葡超,Casa Pia AC,CD Tondela,0,1
2026-05-03,葡超,Sporting Clube de Braga,GD Estoril Praia,1,1
2026-05-03,葡超,Rio Ave FC,Gil Vicente FC,0,0
2026-05-04,葡超,Sporting Clube de Portugal,Vitória Guimarães,5,1
2026-05-10,葡超,AVS,FC Porto,3,1
2026-05-10,葡超,FC Alverca,GD Estoril Praia,1,1
2026-05-11,葡超,Vitória Guimarães,Casa Pia AC,0,1
2026-05-11,葡超,Gil Vicente FC,FC Arouca,1,3
2026-05-11,葡超,CD Tondela,Moreirense FC,2,0
2026-05-11,葡超,CF Estrela da Amadora,FC Famalicão,0,0
2026-05-11,葡超,Rio Ave FC,Sporting Clube de Portugal,1,4
2026-05-11,葡超,CD Santa Clara,CD Nacional,2,0
2026-05-11,葡超,Sport Lisboa e Benfica,Sporting Clube de Braga,2,2
2026-05-16,葡超,Moreirense FC,AVS,0,1
2026-05-16,葡超,FC Porto,CD Santa Clara,1,0
2026-05-16,葡超,CD Nacional,Vitória Guimarães,2,0
2026-05-16,葡超,Casa Pia AC,Rio Ave FC,2,1
2026-05-16,葡超,FC Arouca,CD Tondela,3,1
2026-05-16,葡超,Sporting Clube de Braga,CF Estrela da Amadora,2,2
2026-05-16,葡超,FC Famalicão,FC Alverca,1,0
2026-05-16,葡超,Sporting Clube de Portugal,Gil Vicente FC,3,0
2026-05-16,葡超,GD Estoril Praia,Sport Lisboa e Benfica,1,3
2023-08-11,西甲,UD Almería,Rayo Vallecano de Madrid,0,2
2023-08-11,西甲,Sevilla FC,Valencia CF,1,2
2023-08-12,西甲,Real Sociedad de Fútbol,Girona FC,1,1
2023-08-12,西甲,UD Las Palmas,RCD Mallorca,1,1
2023-08-12,西甲,Athletic Club,Real Madrid CF,0,2
2023-08-13,西甲,RC Celta de Vigo,CA Osasuna,0,2
2023-08-13,西甲,Villarreal CF,Real Betis Balompié,1,2
2023-08-13,西甲,Getafe CF,FC Barcelona,0,0
2023-08-14,西甲,Cádiz CF,Deportivo Alavés,1,0
2023-08-14,西甲,Club Atlético de Madrid,Granada CF,3,1
2023-08-18,西甲,RCD Mallorca,Villarreal CF,0,1
2023-08-18,西甲,Valencia CF,UD Las Palmas,1,0
2023-08-19,西甲,Real Sociedad de Fútbol,RC Celta de Vigo,1,1
2023-08-19,西甲,UD Almería,Real Madrid CF,1,3
2023-08-19,西甲,CA Osasuna,Athletic Club,0,2
2023-08-20,西甲,Girona FC,Getafe CF,3,0
2023-08-20,西甲,FC Barcelona,Cádiz CF,2,0
2023-08-20,西甲,Real Betis Balompié,Club Atlético de Madrid,0,0
2023-08-21,西甲,Deportivo Alavés,Sevilla FC,4,3
2023-08-21,西甲,Granada CF,Rayo Vallecano de Madrid,0,2
2023-08-25,西甲,UD Las Palmas,Real Sociedad de Fútbol,0,0
2023-08-25,西甲,RC Celta de Vigo,Real Madrid CF,0,1
2023-08-26,西甲,Cádiz CF,UD Almería,1,1
2023-08-26,西甲,Granada CF,RCD Mallorca,3,2
2023-08-26,西甲,Sevilla FC,Girona FC,1,2
2023-08-27,西甲,Villarreal CF,FC Barcelona,3,4
2023-08-27,西甲,Valencia CF,CA Osasuna,1,2
2023-08-27,西甲,Athletic Club,Real Betis Balompié,4,2
2023-08-28,西甲,Getafe CF,Deportivo Alavés,1,0
2023-08-28,西甲,Rayo Vallecano de Madrid,Club Atlético de Madrid,0,7
2023-09-01,西甲,Cádiz CF,Villarreal CF,3,1
2023-09-01,西甲,UD Almería,RC Celta de Vigo,2,3
2023-09-02,西甲,Real Sociedad de Fútbol,Granada CF,5,3
2023-09-02,西甲,Real Madrid CF,Getafe CF,2,1
2023-09-02,西甲,Deportivo Alavés,Valencia CF,1,0
2023-09-02,西甲,Real Betis Balompié,Rayo Vallecano de Madrid,1,0
2023-09-03,西甲,Girona FC,UD Las Palmas,1,0
2023-09-03,西甲,RCD Mallorca,Athletic Club,0,0
2023-09-03,西甲,CA Osasuna,FC Barcelona,1,2
2023-09-15,西甲,Rayo Vallecano de Madrid,Deportivo Alavés,2,0
2023-09-16,西甲,Athletic Club,Cádiz CF,3,0
2023-09-16,西甲,Valencia CF,Club Atlético de Madrid,3,0
2023-09-16,西甲,RC Celta de Vigo,RCD Mallorca,0,1
2023-09-16,西甲,FC Barcelona,Real Betis Balompié,5,0
2023-09-17,西甲,Getafe CF,CA Osasuna,3,2
2023-09-17,西甲,Villarreal CF,UD Almería,2,1
2023-09-17,西甲,Sevilla FC,UD Las Palmas,1,0
2023-09-17,西甲,Real Madrid CF,Real Sociedad de Fútbol,2,1
2023-09-18,西甲,Granada CF,Girona FC,2,4
2023-09-22,西甲,Deportivo Alavés,Athletic Club,0,2
2023-09-23,西甲,Girona FC,RCD Mallorca,5,3
2023-09-23,西甲,CA Osasuna,Sevilla FC,0,0
2023-09-23,西甲,FC Barcelona,RC Celta de Vigo,3,2
2023-09-23,西甲,UD Almería,Valencia CF,2,2
2023-09-24,西甲,Real Sociedad de Fútbol,Getafe CF,4,3
2023-09-24,西甲,Rayo Vallecano de Madrid,Villarreal CF,1,1
2023-09-24,西甲,UD Las Palmas,Granada CF,1,0
2023-09-24,西甲,Real Betis Balompié,Cádiz CF,1,1
2023-09-24,西甲,Club Atlético de Madrid,Real Madrid CF,3,1
2023-09-26,西甲,Sevilla FC,UD Almería,5,1
2023-09-26,西甲,RCD Mallorca,FC Barcelona,2,2
2023-09-27,西甲,Athletic Club,Getafe CF,2,2
2023-09-27,西甲,Villarreal CF,Girona FC,1,2
2023-09-27,西甲,Real Madrid CF,UD Las Palmas,2,0
2023-09-27,西甲,Cádiz CF,Rayo Vallecano de Madrid,0,0
2023-09-27,西甲,Valencia CF,Real Sociedad de Fútbol,0,1
2023-09-28,西甲,RC Celta de Vigo,Deportivo Alavés,1,1
2023-09-28,西甲,Granada CF,Real Betis Balompié,1,1
2023-09-28,西甲,CA Osasuna,Club Atlético de Madrid,0,2
2023-09-29,西甲,FC Barcelona,Sevilla FC,1,0
2023-09-30,西甲,Getafe CF,Villarreal CF,0,0
2023-09-30,西甲,Rayo Vallecano de Madrid,RCD Mallorca,2,2
2023-09-30,西甲,Girona FC,Real Madrid CF,0,3
2023-09-30,西甲,Real Sociedad de Fútbol,Athletic Club,3,0
2023-10-01,西甲,UD Almería,Granada CF,3,3
2023-10-01,西甲,Deportivo Alavés,CA Osasuna,0,2
2023-10-01,西甲,Club Atlético de Madrid,Cádiz CF,3,2
2023-10-01,西甲,Real Betis Balompié,Valencia CF,3,0
2023-10-02,西甲,UD Las Palmas,RC Celta de Vigo,2,1
2023-10-06,西甲,Athletic Club,UD Almería,3,0
2023-10-07,西甲,Cádiz CF,Girona FC,0,1
2023-10-07,西甲,Real Madrid CF,CA Osasuna,4,0
2023-10-07,西甲,RCD Mallorca,Valencia CF,1,1
2023-10-07,西甲,Sevilla FC,Rayo Vallecano de Madrid,2,2
2023-10-08,西甲,Villarreal CF,UD Las Palmas,1,2
2023-10-08,西甲,Club Atlético de Madrid,Real Sociedad de Fútbol,2,1
2023-10-08,西甲,RC Celta de Vigo,Getafe CF,2,2
2023-10-08,西甲,Deportivo Alavés,Real Betis Balompié,1,1
2023-10-08,西甲,Granada CF,FC Barcelona,2,2
2023-10-20,西甲,CA Osasuna,Granada CF,2,0
2023-10-21,西甲,Real Sociedad de Fútbol,RCD Mallorca,1,0
2023-10-21,西甲,Getafe CF,Real Betis Balompié,1,1
2023-10-21,西甲,Sevilla FC,Real Madrid CF,1,1
2023-10-21,西甲,RC Celta de Vigo,Club Atlético de Madrid,0,3
2023-10-22,西甲,UD Las Palmas,Rayo Vallecano de Madrid,0,1
2023-10-22,西甲,Girona FC,UD Almería,5,2
2023-10-22,西甲,Villarreal CF,Deportivo Alavés,1,1
2023-10-22,西甲,FC Barcelona,Athletic Club,1,0
2023-10-23,西甲,Valencia CF,Cádiz CF,2,0
2023-10-27,西甲,Girona FC,RC Celta de Vigo,1,0
2023-10-28,西甲,UD Almería,UD Las Palmas,1,2
2023-10-28,西甲,FC Barcelona,Real Madrid CF,1,2
2023-10-28,西甲,RCD Mallorca,Getafe CF,0,0
2023-10-28,西甲,Cádiz CF,Sevilla FC,2,2
2023-10-29,西甲,Real Betis Balompié,CA Osasuna,2,1
2023-10-29,西甲,Rayo Vallecano de Madrid,Real Sociedad de Fútbol,2,2
2023-10-29,西甲,Athletic Club,Valencia CF,2,2
2023-10-29,西甲,Club Atlético de Madrid,Deportivo Alavés,2,1
2023-10-30,西甲,Granada CF,Villarreal CF,2,3
2023-11-03,西甲,UD Las Palmas,Club Atlético de Madrid,2,1
2023-11-04,西甲,CA Osasuna,Girona FC,2,4
2023-11-04,西甲,Real Betis Balompié,RCD Mallorca,2,0
2023-11-04,西甲,RC Celta de Vigo,Sevilla FC,1,1
2023-11-04,西甲,Real Sociedad de Fútbol,FC Barcelona,0,1
2023-11-05,西甲,Deportivo Alavés,UD Almería,1,0
2023-11-05,西甲,Valencia CF,Granada CF,1,0
2023-11-05,西甲,Villarreal CF,Athletic Club,2,3
2023-11-05,西甲,Real Madrid CF,Rayo Vallecano de Madrid,0,0
2023-11-06,西甲,Getafe CF,Cádiz CF,1,0
2023-11-10,西甲,Athletic Club,RC Celta de Vigo,4,3
2023-11-11,西甲,Rayo Vallecano de Madrid,Girona FC,1,2
2023-11-11,西甲,UD Almería,Real Sociedad de Fútbol,1,3
2023-11-11,西甲,CA Osasuna,UD Las Palmas,1,1
2023-11-11,西甲,Granada CF,Getafe CF,1,1
2023-11-11,西甲,Real Madrid CF,Valencia CF,5,1
2023-11-12,西甲,FC Barcelona,Deportivo Alavés,2,1
2023-11-12,西甲,Sevilla FC,Real Betis Balompié,1,1
2023-11-12,西甲,Club Atlético de Madrid,Villarreal CF,3,1
2023-11-24,西甲,Deportivo Alavés,Granada CF,3,1
2023-11-25,西甲,Rayo Vallecano de Madrid,FC Barcelona,1,1
2023-11-25,西甲,Valencia CF,RC Celta de Vigo,0,0
2023-11-25,西甲,Getafe CF,UD Almería,2,1
2023-11-25,西甲,Club Atlético de Madrid,RCD Mallorca,1,0
2023-11-26,西甲,Villarreal CF,CA Osasuna,3,1
2023-11-26,西甲,Real Sociedad de Fútbol,Sevilla FC,2,1
2023-11-26,西甲,Cádiz CF,Real Madrid CF,0,3
2023-11-26,西甲,Real Betis Balompié,UD Las Palmas,1,0
2023-11-27,西甲,Girona FC,Athletic Club,1,1
2023-11-29,西甲,RCD Mallorca,Cádiz CF,1,1
2023-12-01,西甲,UD Las Palmas,Getafe CF,2,0
2023-12-02,西甲,Girona FC,Valencia CF,2,1
2023-12-02,西甲,Athletic Club,Rayo Vallecano de Madrid,4,0
2023-12-02,西甲,Real Madrid CF,Granada CF,2,0
2023-12-02,西甲,CA Osasuna,Real Sociedad de Fútbol,1,1
2023-12-03,西甲,RCD Mallorca,Deportivo Alavés,0,0
2023-12-03,西甲,UD Almería,Real Betis Balompié,0,0
2023-12-03,西甲,Sevilla FC,Villarreal CF,1,1
2023-12-03,西甲,FC Barcelona,Club Atlético de Madrid,1,0
2023-12-04,西甲,RC Celta de Vigo,Cádiz CF,1,1
2023-12-08,西甲,Getafe CF,Valencia CF,1,0
2023-12-09,西甲,Deportivo Alavés,UD Las Palmas,0,1
2023-12-09,西甲,Real Betis Balompié,Real Madrid CF,1,1
2023-12-09,西甲,Villarreal CF,Real Sociedad de Fútbol,0,3
2023-12-09,西甲,RCD Mallorca,Sevilla FC,1,0
2023-12-10,西甲,Club Atlético de Madrid,UD Almería,2,1
2023-12-10,西甲,Cádiz CF,CA Osasuna,1,1
2023-12-10,西甲,FC Barcelona,Girona FC,2,4
2023-12-11,西甲,Granada CF,Athletic Club,1,1
2023-12-11,西甲,Rayo Vallecano de Madrid,RC Celta de Vigo,0,0
2023-12-15,西甲,CA Osasuna,Rayo Vallecano de Madrid,1,0
2023-12-16,西甲,RC Celta de Vigo,Granada CF,1,0
2023-12-16,西甲,Athletic Club,Club Atlético de Madrid,2,0
2023-12-16,西甲,Sevilla FC,Getafe CF,0,3
2023-12-16,西甲,Valencia CF,FC Barcelona,1,1
2023-12-17,西甲,UD Almería,RCD Mallorca,0,0
2023-12-17,西甲,Real Sociedad de Fútbol,Real Betis Balompié,0,0
2023-12-17,西甲,UD Las Palmas,Cádiz CF,1,1
2023-12-17,西甲,Real Madrid CF,Villarreal CF,4,1
2023-12-18,西甲,Girona FC,Deportivo Alavés,3,0
2023-12-19,西甲,Rayo Vallecano de Madrid,Valencia CF,0,1
2023-12-19,西甲,Club Atlético de Madrid,Getafe CF,3,3
2023-12-19,西甲,Granada CF,Sevilla FC,0,3
2023-12-20,西甲,FC Barcelona,UD Almería,3,2
2023-12-20,西甲,Athletic Club,UD Las Palmas,1,0
2023-12-20,西甲,Villarreal CF,RC Celta de Vigo,3,2
2023-12-21,西甲,Real Betis Balompié,Girona FC,1,1
2023-12-21,西甲,Cádiz CF,Real Sociedad de Fútbol,0,0
2023-12-21,西甲,Deportivo Alavés,Real Madrid CF,0,1
2023-12-21,西甲,RCD Mallorca,CA Osasuna,3,2
2023-12-23,西甲,Club Atlético de Madrid,Sevilla FC,1,0
2024-01-02,西甲,Getafe CF,Rayo Vallecano de Madrid,0,2
2024-01-02,西甲,Real Sociedad de Fútbol,Deportivo Alavés,1,1
2024-01-02,西甲,Valencia CF,Villarreal CF,3,1
2024-01-03,西甲,Granada CF,Cádiz CF,2,0
2024-01-03,西甲,RC Celta de Vigo,Real Betis Balompié,2,1
2024-01-03,西甲,Real Madrid CF,RCD Mallorca,1,0
2024-01-03,西甲,Girona FC,Club Atlético de Madrid,4,3
2024-01-04,西甲,CA Osasuna,UD Almería,1,0
2024-01-04,西甲,Sevilla FC,Athletic Club,0,2
2024-01-04,西甲,UD Las Palmas,FC Barcelona,1,2
2024-01-12,西甲,Sevilla FC,Deportivo Alavés,2,3
2024-01-13,西甲,UD Las Palmas,Villarreal CF,3,0
2024-01-13,西甲,RCD Mallorca,RC Celta de Vigo,1,1
2024-01-13,西甲,Athletic Club,Real Sociedad de Fútbol,2,1
2024-01-13,西甲,Real Betis Balompié,Granada CF,1,0
2024-01-14,西甲,UD Almería,Girona FC,0,0
2024-01-14,西甲,Cádiz CF,Valencia CF,1,4
2024-01-19,西甲,Deportivo Alavés,Cádiz CF,1,0
2024-01-20,西甲,Rayo Vallecano de Madrid,UD Las Palmas,0,2
2024-01-20,西甲,Villarreal CF,RCD Mallorca,1,1
2024-01-20,西甲,Valencia CF,Athletic Club,1,0
2024-01-20,西甲,RC Celta de Vigo,Real Sociedad de Fútbol,0,1
2024-01-21,西甲,CA Osasuna,Getafe CF,3,2
2024-01-21,西甲,Real Madrid CF,UD Almería,3,2
2024-01-21,西甲,Real Betis Balompié,FC Barcelona,2,4
2024-01-21,西甲,Girona FC,Sevilla FC,5,1
2024-01-22,西甲,Granada CF,Club Atlético de Madrid,0,1
2024-01-26,西甲,UD Almería,Deportivo Alavés,0,3
2024-01-27,西甲,Real Sociedad de Fútbol,Rayo Vallecano de Madrid,0,0
2024-01-27,西甲,UD Las Palmas,Real Madrid CF,1,2
2024-01-27,西甲,FC Barcelona,Villarreal CF,3,5
2024-01-27,西甲,RCD Mallorca,Real Betis Balompié,0,1
2024-01-28,西甲,RC Celta de Vigo,Girona FC,0,1
2024-01-28,西甲,Cádiz CF,Athletic Club,0,0
2024-01-28,西甲,Sevilla FC,CA Osasuna,1,1
2024-01-28,西甲,Club Atlético de Madrid,Valencia CF,2,0
2024-01-29,西甲,Getafe CF,Granada CF,2,0
2024-01-31,西甲,FC Barcelona,CA Osasuna,1,0
2024-01-31,西甲,Club Atlético de Madrid,Rayo Vallecano de Madrid,2,1
2024-02-01,西甲,Getafe CF,Real Madrid CF,0,2
2024-02-02,西甲,Athletic Club,RCD Mallorca,4,0
2024-02-03,西甲,Valencia CF,UD Almería,2,1
2024-02-03,西甲,Granada CF,UD Las Palmas,1,1
2024-02-03,西甲,Deportivo Alavés,FC Barcelona,1,3
2024-02-03,西甲,Girona FC,Real Sociedad de Fútbol,0,0
2024-02-04,西甲,Villarreal CF,Cádiz CF,0,0
2024-02-04,西甲,CA Osasuna,RC Celta de Vigo,0,3
2024-02-04,西甲,Real Betis Balompié,Getafe CF,1,1
2024-02-04,西甲,Real Madrid CF,Club Atlético de Madrid,1,1
2024-02-05,西甲,Rayo Vallecano de Madrid,Sevilla FC,1,2
2024-02-09,西甲,Cádiz CF,Real Betis Balompié,0,2
2024-02-10,西甲,Deportivo Alavés,Villarreal CF,1,1
2024-02-10,西甲,Real Sociedad de Fútbol,CA Osasuna,0,1
2024-02-10,西甲,Real Madrid CF,Girona FC,4,0
2024-02-10,西甲,UD Las Palmas,Valencia CF,2,0
2024-02-11,西甲,Getafe CF,RC Celta de Vigo,3,2
2024-02-11,西甲,RCD Mallorca,Rayo Vallecano de Madrid,2,1
2024-02-11,西甲,Sevilla FC,Club Atlético de Madrid,1,0
2024-02-11,西甲,FC Barcelona,Granada CF,3,3
2024-02-12,西甲,UD Almería,Athletic Club,0,0
2024-02-16,西甲,Villarreal CF,Getafe CF,1,1
2024-02-17,西甲,Club Atlético de Madrid,UD Las Palmas,5,0
2024-02-17,西甲,CA Osasuna,Cádiz CF,2,0
2024-02-17,西甲,RC Celta de Vigo,FC Barcelona,1,2
2024-02-17,西甲,Valencia CF,Sevilla FC,0,0
2024-02-18,西甲,Rayo Vallecano de Madrid,Real Madrid CF,1,1
2024-02-18,西甲,Granada CF,UD Almería,1,1
2024-02-18,西甲,RCD Mallorca,Real Sociedad de Fútbol,1,2
2024-02-18,西甲,Real Betis Balompié,Deportivo Alavés,0,0
2024-02-19,西甲,Athletic Club,Girona FC,3,2
2024-02-23,西甲,Real Sociedad de Fútbol,Villarreal CF,1,3
2024-02-24,西甲,FC Barcelona,Getafe CF,4,0
2024-02-24,西甲,Deportivo Alavés,RCD Mallorca,1,1
2024-02-24,西甲,UD Almería,Club Atlético de Madrid,2,2
2024-02-25,西甲,Cádiz CF,RC Celta de Vigo,2,2
2024-02-25,西甲,Real Betis Balompié,Athletic Club,3,1
2024-02-25,西甲,UD Las Palmas,CA Osasuna,1,1
2024-02-25,西甲,Real Madrid CF,Sevilla FC,1,0
2024-02-26,西甲,Girona FC,Rayo Vallecano de Madrid,3,0
2024-03-01,西甲,RC Celta de Vigo,UD Almería,1,0
2024-03-02,西甲,Sevilla FC,Real Sociedad de Fútbol,3,2
2024-03-02,西甲,Rayo Vallecano de Madrid,Cádiz CF,1,1
2024-03-02,西甲,Getafe CF,UD Las Palmas,3,3
2024-03-02,西甲,Valencia CF,Real Madrid CF,2,2
2024-03-03,西甲,Villarreal CF,Granada CF,5,1
2024-03-03,西甲,Club Atlético de Madrid,Real Betis Balompié,2,1
2024-03-03,西甲,RCD Mallorca,Girona FC,1,0
2024-03-03,西甲,Athletic Club,FC Barcelona,0,0
2024-03-04,西甲,CA Osasuna,Deportivo Alavés,1,0
2024-03-08,西甲,FC Barcelona,RCD Mallorca,1,0
2024-03-09,西甲,Valencia CF,Getafe CF,1,0
2024-03-09,西甲,Cádiz CF,Club Atlético de Madrid,2,0
2024-03-09,西甲,Granada CF,Real Sociedad de Fútbol,2,3
2024-03-09,西甲,Girona FC,CA Osasuna,2,0
2024-03-10,西甲,Deportivo Alavés,Rayo Vallecano de Madrid,1,0
2024-03-10,西甲,UD Las Palmas,Athletic Club,0,2
2024-03-10,西甲,Real Madrid CF,RC Celta de Vigo,4,0
2024-03-10,西甲,Real Betis Balompié,Villarreal CF,2,3
2024-03-11,西甲,UD Almería,Sevilla FC,2,2
2024-03-15,西甲,Real Sociedad de Fútbol,Cádiz CF,2,0
2024-03-16,西甲,RCD Mallorca,Granada CF,1,0
2024-03-16,西甲,CA Osasuna,Real Madrid CF,2,4
2024-03-16,西甲,Getafe CF,Girona FC,1,0
2024-03-16,西甲,Athletic Club,Deportivo Alavés,2,0
2024-03-17,西甲,Sevilla FC,RC Celta de Vigo,1,2
2024-03-17,西甲,Villarreal CF,Valencia CF,1,0
2024-03-17,西甲,UD Las Palmas,UD Almería,0,1
2024-03-17,西甲,Rayo Vallecano de Madrid,Real Betis Balompié,2,0
2024-03-17,西甲,Club Atlético de Madrid,FC Barcelona,0,3
2024-03-29,西甲,Cádiz CF,Granada CF,1,0
2024-03-30,西甲,Getafe CF,Sevilla FC,0,1
2024-03-30,西甲,UD Almería,CA Osasuna,0,3
2024-03-30,西甲,Valencia CF,RCD Mallorca,0,0
2024-03-30,西甲,FC Barcelona,UD Las Palmas,1,0
2024-03-31,西甲,RC Celta de Vigo,Rayo Vallecano de Madrid,0,0
2024-03-31,西甲,Girona FC,Real Betis Balompié,3,2
2024-03-31,西甲,Deportivo Alavés,Real Sociedad de Fútbol,0,1
2024-03-31,西甲,Real Madrid CF,Athletic Club,2,0
2024-04-01,西甲,Villarreal CF,Club Atlético de Madrid,1,2
2024-04-04,西甲,Granada CF,Valencia CF,0,1
2024-04-12,西甲,Real Betis Balompié,RC Celta de Vigo,2,1
2024-04-13,西甲,Club Atlético de Madrid,Girona FC,3,1
2024-04-13,西甲,Rayo Vallecano de Madrid,Getafe CF,0,0
2024-04-13,西甲,RCD Mallorca,Real Madrid CF,0,1
2024-04-13,西甲,Cádiz CF,FC Barcelona,0,1
2024-04-14,西甲,UD Las Palmas,Sevilla FC,0,2
2024-04-14,西甲,Granada CF,Deportivo Alavés,2,0
2024-04-14,西甲,Athletic Club,Villarreal CF,1,1
2024-04-14,西甲,Real Sociedad de Fútbol,UD Almería,2,2
2024-04-15,西甲,CA Osasuna,Valencia CF,0,1
2024-04-19,西甲,Athletic Club,Granada CF,1,1
2024-04-20,西甲,RC Celta de Vigo,UD Las Palmas,4,1
2024-04-20,西甲,Rayo Vallecano de Madrid,CA Osasuna,2,1
2024-04-20,西甲,Valencia CF,Real Betis Balompié,1,2
2024-04-20,西甲,Girona FC,Cádiz CF,4,1
2024-04-21,西甲,Getafe CF,Real Sociedad de Fútbol,1,1
2024-04-21,西甲,UD Almería,Villarreal CF,1,2
2024-04-21,西甲,Deportivo Alavés,Club Atlético de Madrid,2,0
2024-04-21,西甲,Real Madrid CF,FC Barcelona,3,2
2024-04-22,西甲,Sevilla FC,RCD Mallorca,2,1
2024-04-26,西甲,Real Sociedad de Fútbol,Real Madrid CF,0,1
2024-04-27,西甲,UD Las Palmas,Girona FC,0,2
2024-04-27,西甲,UD Almería,Getafe CF,1,3
2024-04-27,西甲,Deportivo Alavés,RC Celta de Vigo,3,0
2024-04-27,西甲,Club Atlético de Madrid,Athletic Club,3,1
2024-04-28,西甲,Cádiz CF,RCD Mallorca,1,1
2024-04-28,西甲,Granada CF,CA Osasuna,3,0
2024-04-28,西甲,Villarreal CF,Rayo Vallecano de Madrid,3,0
2024-04-28,西甲,Real Betis Balompié,Sevilla FC,1,1
2024-04-29,西甲,FC Barcelona,Valencia CF,4,2
2024-05-03,西甲,Getafe CF,Athletic Club,0,2
2024-05-04,西甲,Real Sociedad de Fútbol,UD Las Palmas,2,0
2024-05-04,西甲,Real Madrid CF,Cádiz CF,3,0
2024-05-04,西甲,Girona FC,FC Barcelona,4,2
2024-05-04,西甲,RCD Mallorca,Club Atlético de Madrid,0,1
2024-05-05,西甲,CA Osasuna,Real Betis Balompié,0,2
2024-05-05,西甲,RC Celta de Vigo,Villarreal CF,3,2
2024-05-05,西甲,Valencia CF,Deportivo Alavés,0,1
2024-05-05,西甲,Sevilla FC,Granada CF,3,0
2024-05-05,西甲,Rayo Vallecano de Madrid,UD Almería,0,1
2024-05-10,西甲,Deportivo Alavés,Girona FC,2,2
2024-05-11,西甲,RCD Mallorca,UD Las Palmas,1,0
2024-05-11,西甲,Villarreal CF,Sevilla FC,3,2
2024-05-11,西甲,Granada CF,Real Madrid CF,0,4
2024-05-11,西甲,Athletic Club,CA Osasuna,2,2
2024-05-12,西甲,Cádiz CF,Getafe CF,1,0
2024-05-12,西甲,Club Atlético de Madrid,RC Celta de Vigo,1,0
2024-05-12,西甲,Valencia CF,Rayo Vallecano de Madrid,0,0
2024-05-12,西甲,Real Betis Balompié,UD Almería,3,2
2024-05-13,西甲,FC Barcelona,Real Sociedad de Fútbol,2,0
2024-05-14,西甲,CA Osasuna,RCD Mallorca,1,1
2024-05-14,西甲,Real Madrid CF,Deportivo Alavés,5,0
2024-05-14,西甲,Girona FC,Villarreal CF,0,1
2024-05-15,西甲,Sevilla FC,Cádiz CF,0,1
2024-05-15,西甲,Rayo Vallecano de Madrid,Granada CF,2,1
2024-05-15,西甲,RC Celta de Vigo,Athletic Club,2,1
2024-05-15,西甲,Getafe CF,Club Atlético de Madrid,0,3
2024-05-16,西甲,UD Las Palmas,Real Betis Balompié,2,2
2024-05-16,西甲,UD Almería,FC Barcelona,0,2
2024-05-16,西甲,Real Sociedad de Fútbol,Valencia CF,1,0
2024-05-18,西甲,Deportivo Alavés,Getafe CF,1,0
2024-05-19,西甲,Athletic Club,Sevilla FC,2,0
2024-05-19,西甲,Club Atlético de Madrid,CA Osasuna,1,4
2024-05-19,西甲,Real Betis Balompié,Real Sociedad de Fútbol,0,2
2024-05-19,西甲,FC Barcelona,Rayo Vallecano de Madrid,3,0
2024-05-19,西甲,Cádiz CF,UD Las Palmas,0,0
2024-05-19,西甲,Granada CF,RC Celta de Vigo,1,2
2024-05-19,西甲,Valencia CF,Girona FC,1,3
2024-05-19,西甲,Villarreal CF,Real Madrid CF,4,4
2024-05-19,西甲,RCD Mallorca,UD Almería,2,2
2024-05-24,西甲,Girona FC,Granada CF,7,0
2024-05-25,西甲,CA Osasuna,Villarreal CF,1,1
2024-05-25,西甲,Real Sociedad de Fútbol,Club Atlético de Madrid,0,2
2024-05-25,西甲,Rayo Vallecano de Madrid,Athletic Club,0,1
2024-05-25,西甲,UD Almería,Cádiz CF,6,1
2024-05-25,西甲,Real Madrid CF,Real Betis Balompié,0,0
2024-05-26,西甲,Getafe CF,RCD Mallorca,1,2
2024-05-26,西甲,RC Celta de Vigo,Valencia CF,2,2
2024-05-26,西甲,UD Las Palmas,Deportivo Alavés,1,1
2024-05-26,西甲,Sevilla FC,FC Barcelona,1,2
2024-08-15,西甲,Athletic Club,Getafe CF,1,1
2024-08-15,西甲,Real Betis Balompié,Girona FC,1,1
2024-08-16,西甲,RC Celta de Vigo,Deportivo Alavés,2,1
2024-08-16,西甲,UD Las Palmas,Sevilla FC,2,2
2024-08-17,西甲,CA Osasuna,CD Leganés,1,1
2024-08-17,西甲,Valencia CF,FC Barcelona,1,2
2024-08-18,西甲,Real Sociedad de Fútbol,Rayo Vallecano de Madrid,1,2
2024-08-18,西甲,RCD Mallorca,Real Madrid CF,1,1
2024-08-19,西甲,Real Valladolid CF,RCD Espanyol de Barcelona,1,0
2024-08-19,西甲,Villarreal CF,Club Atlético de Madrid,2,2
2024-08-23,西甲,RC Celta de Vigo,Valencia CF,3,1
2024-08-23,西甲,Sevilla FC,Villarreal CF,1,2
2024-08-24,西甲,CA Osasuna,RCD Mallorca,1,0
2024-08-24,西甲,FC Barcelona,Athletic Club,2,1
2024-08-24,西甲,Getafe CF,Rayo Vallecano de Madrid,0,0
2024-08-24,西甲,RCD Espanyol de Barcelona,Real Sociedad de Fútbol,0,1
2024-08-25,西甲,Real Madrid CF,Real Valladolid CF,3,0
2024-08-25,西甲,CD Leganés,UD Las Palmas,2,1
2024-08-25,西甲,Deportivo Alavés,Real Betis Balompié,0,0
2024-08-25,西甲,Club Atlético de Madrid,Girona FC,3,0
2024-08-26,西甲,Villarreal CF,RC Celta de Vigo,4,3
2024-08-27,西甲,RCD Mallorca,Sevilla FC,0,0
2024-08-27,西甲,Rayo Vallecano de Madrid,FC Barcelona,1,2
2024-08-28,西甲,Athletic Club,Valencia CF,1,0
2024-08-28,西甲,Real Valladolid CF,CD Leganés,0,0
2024-08-28,西甲,Real Sociedad de Fútbol,Deportivo Alavés,1,2
2024-08-28,西甲,Club Atlético de Madrid,RCD Espanyol de Barcelona,0,0
2024-08-29,西甲,Girona FC,CA Osasuna,4,0
2024-08-29,西甲,UD Las Palmas,Real Madrid CF,1,1
2024-08-31,西甲,FC Barcelona,Real Valladolid CF,7,0
2024-08-31,西甲,Athletic Club,Club Atlético de Madrid,0,1
2024-08-31,西甲,RCD Espanyol de Barcelona,Rayo Vallecano de Madrid,2,1
2024-08-31,西甲,CD Leganés,RCD Mallorca,0,1
2024-08-31,西甲,Valencia CF,Villarreal CF,1,1
2024-09-01,西甲,CA Osasuna,RC Celta de Vigo,3,2
2024-09-01,西甲,Deportivo Alavés,UD Las Palmas,2,0
2024-09-01,西甲,Sevilla FC,Girona FC,0,2
2024-09-01,西甲,Getafe CF,Real Sociedad de Fútbol,0,0
2024-09-01,西甲,Real Madrid CF,Real Betis Balompié,2,0
2024-09-13,西甲,Real Betis Balompié,CD Leganés,2,0
2024-09-14,西甲,RCD Mallorca,Villarreal CF,1,2
2024-09-14,西甲,RCD Espanyol de Barcelona,Deportivo Alavés,3,2
2024-09-14,西甲,Sevilla FC,Getafe CF,1,0
2024-09-14,西甲,Real Sociedad de Fútbol,Real Madrid CF,0,2
2024-09-15,西甲,RC Celta de Vigo,Real Valladolid CF,3,1
2024-09-15,西甲,Girona FC,FC Barcelona,1,4
2024-09-15,西甲,UD Las Palmas,Athletic Club,2,3
2024-09-15,西甲,Club Atlético de Madrid,Valencia CF,3,0
2024-09-16,西甲,Rayo Vallecano de Madrid,CA Osasuna,3,1
2024-09-17,西甲,RCD Mallorca,Real Sociedad de Fútbol,1,0
2024-09-18,西甲,Real Betis Balompié,Getafe CF,2,1
2024-09-19,西甲,CD Leganés,Athletic Club,0,2
2024-09-20,西甲,Deportivo Alavés,Sevilla FC,2,1
2024-09-21,西甲,Real Valladolid CF,Real Sociedad de Fútbol,0,0
2024-09-21,西甲,CA Osasuna,UD Las Palmas,2,1
2024-09-21,西甲,Valencia CF,Girona FC,2,0
2024-09-21,西甲,Real Madrid CF,RCD Espanyol de Barcelona,4,1
2024-09-22,西甲,Getafe CF,CD Leganés,1,1
2024-09-22,西甲,Athletic Club,RC Celta de Vigo,3,1
2024-09-22,西甲,Villarreal CF,FC Barcelona,1,5
2024-09-22,西甲,Rayo Vallecano de Madrid,Club Atlético de Madrid,1,1
2024-09-23,西甲,Real Betis Balompié,RCD Mallorca,1,2
2024-09-24,西甲,Sevilla FC,Real Valladolid CF,2,1
2024-09-24,西甲,Valencia CF,CA Osasuna,0,0
2024-09-24,西甲,Real Madrid CF,Deportivo Alavés,3,2
2024-09-25,西甲,Girona FC,Rayo Vallecano de Madrid,0,0
2024-09-25,西甲,FC Barcelona,Getafe CF,1,0
2024-09-26,西甲,UD Las Palmas,Real Betis Balompié,1,1
2024-09-26,西甲,RCD Espanyol de Barcelona,Villarreal CF,1,2
2024-09-26,西甲,RC Celta de Vigo,Club Atlético de Madrid,0,1
2024-09-27,西甲,Real Valladolid CF,RCD Mallorca,1,2
2024-09-28,西甲,Getafe CF,Deportivo Alavés,2,0
2024-09-28,西甲,Rayo Vallecano de Madrid,CD Leganés,1,1
2024-09-28,西甲,Real Sociedad de Fútbol,Valencia CF,3,0
2024-09-28,西甲,CA Osasuna,FC Barcelona,4,2
2024-09-29,西甲,RC Celta de Vigo,Girona FC,1,1
2024-09-29,西甲,Athletic Club,Sevilla FC,1,1
2024-09-29,西甲,Real Betis Balompié,RCD Espanyol de Barcelona,1,0
2024-09-29,西甲,Club Atlético de Madrid,Real Madrid CF,1,1
2024-09-30,西甲,Villarreal CF,UD Las Palmas,3,1
2024-10-04,西甲,CD Leganés,Valencia CF,0,0
2024-10-05,西甲,RCD Espanyol de Barcelona,RCD Mallorca,2,1
2024-10-05,西甲,Getafe CF,CA Osasuna,1,1
2024-10-05,西甲,Real Valladolid CF,Rayo Vallecano de Madrid,1,2
2024-10-05,西甲,UD Las Palmas,RC Celta de Vigo,0,1
2024-10-05,西甲,Real Madrid CF,Villarreal CF,2,0
2024-10-06,西甲,Girona FC,Athletic Club,2,1
2024-10-06,西甲,Deportivo Alavés,FC Barcelona,0,3
2024-10-06,西甲,Sevilla FC,Real Betis Balompié,1,0
2024-10-06,西甲,Real Sociedad de Fútbol,Club Atlético de Madrid,1,1
2024-10-18,西甲,Deportivo Alavés,Real Valladolid CF,2,3
2024-10-19,西甲,Athletic Club,RCD Espanyol de Barcelona,4,1
2024-10-19,西甲,CA Osasuna,Real Betis Balompié,1,2
2024-10-19,西甲,Girona FC,Real Sociedad de Fútbol,0,1
2024-10-19,西甲,RC Celta de Vigo,Real Madrid CF,1,2
2024-10-20,西甲,RCD Mallorca,Rayo Vallecano de Madrid,1,0
2024-10-20,西甲,Club Atlético de Madrid,CD Leganés,3,1
2024-10-20,西甲,Villarreal CF,Getafe CF,1,1
2024-10-20,西甲,FC Barcelona,Sevilla FC,5,1
2024-10-21,西甲,Valencia CF,UD Las Palmas,2,3
2024-10-25,西甲,RCD Espanyol de Barcelona,Sevilla FC,0,2
2024-10-26,西甲,Real Valladolid CF,Villarreal CF,1,2
2024-10-26,西甲,Rayo Vallecano de Madrid,Deportivo Alavés,1,0
2024-10-26,西甲,UD Las Palmas,Girona FC,1,0
2024-10-26,西甲,Real Madrid CF,FC Barcelona,0,4
2024-10-27,西甲,CD Leganés,RC Celta de Vigo,3,0
2024-10-27,西甲,Getafe CF,Valencia CF,1,1
2024-10-27,西甲,Real Betis Balompié,Club Atlético de Madrid,1,0
2024-10-27,西甲,Real Sociedad de Fútbol,CA Osasuna,0,2
2024-10-28,西甲,RCD Mallorca,Athletic Club,0,0
2024-11-01,西甲,Deportivo Alavés,RCD Mallorca,1,0
2024-11-02,西甲,CA Osasuna,Real Valladolid CF,1,0
2024-11-02,西甲,Girona FC,CD Leganés,4,3
2024-11-03,西甲,Club Atlético de Madrid,UD Las Palmas,2,0
2024-11-03,西甲,FC Barcelona,RCD Espanyol de Barcelona,3,1
2024-11-03,西甲,Sevilla FC,Real Sociedad de Fútbol,0,2
2024-11-03,西甲,Athletic Club,Real Betis Balompié,1,1
2024-11-04,西甲,RC Celta de Vigo,Getafe CF,1,0
2024-11-08,西甲,Rayo Vallecano de Madrid,UD Las Palmas,1,3
2024-11-09,西甲,Real Madrid CF,CA Osasuna,4,0
2024-11-09,西甲,Villarreal CF,Deportivo Alavés,3,0
2024-11-09,西甲,CD Leganés,Sevilla FC,1,0
2024-11-10,西甲,Real Betis Balompié,RC Celta de Vigo,2,2
2024-11-10,西甲,RCD Mallorca,Club Atlético de Madrid,0,1
2024-11-10,西甲,Getafe CF,Girona FC,0,1
2024-11-10,西甲,Real Valladolid CF,Athletic Club,1,1
2024-11-10,西甲,Real Sociedad de Fútbol,FC Barcelona,1,0
2024-11-22,西甲,Getafe CF,Real Valladolid CF,2,0
2024-11-23,西甲,Valencia CF,Real Betis Balompié,4,2
2024-11-23,西甲,Club Atlético de Madrid,Deportivo Alavés,2,1
2024-11-23,西甲,UD Las Palmas,RCD Mallorca,2,3
2024-11-23,西甲,Girona FC,RCD Espanyol de Barcelona,4,1
2024-11-23,西甲,RC Celta de Vigo,FC Barcelona,2,2
2024-11-24,西甲,CA Osasuna,Villarreal CF,2,2
2024-11-24,西甲,Sevilla FC,Rayo Vallecano de Madrid,1,0
2024-11-24,西甲,CD Leganés,Real Madrid CF,0,3
2024-11-24,西甲,Athletic Club,Real Sociedad de Fútbol,1,0
2024-11-29,西甲,RCD Mallorca,Valencia CF,2,1
2024-11-30,西甲,FC Barcelona,UD Las Palmas,1,2
2024-11-30,西甲,Deportivo Alavés,CD Leganés,1,1
2024-11-30,西甲,RCD Espanyol de Barcelona,RC Celta de Vigo,3,1
2024-11-30,西甲,Real Valladolid CF,Club Atlético de Madrid,0,5
2024-12-01,西甲,Villarreal CF,Girona FC,2,2
2024-12-01,西甲,Real Madrid CF,Getafe CF,2,0
2024-12-01,西甲,Rayo Vallecano de Madrid,Athletic Club,1,2
2024-12-01,西甲,Real Sociedad de Fútbol,Real Betis Balompié,2,0
2024-12-02,西甲,Sevilla FC,CA Osasuna,1,1
2024-12-03,西甲,RCD Mallorca,FC Barcelona,1,5
2024-12-04,西甲,Athletic Club,Real Madrid CF,2,1
2024-12-06,西甲,RC Celta de Vigo,RCD Mallorca,2,0
2024-12-07,西甲,UD Las Palmas,Real Valladolid CF,2,1
2024-12-07,西甲,Real Betis Balompié,FC Barcelona,2,2
2024-12-07,西甲,Valencia CF,Rayo Vallecano de Madrid,0,1
2024-12-07,西甲,Girona FC,Real Madrid CF,0,3
2024-12-08,西甲,CD Leganés,Real Sociedad de Fútbol,0,3
2024-12-08,西甲,Athletic Club,Villarreal CF,2,0
2024-12-08,西甲,CA Osasuna,Deportivo Alavés,2,2
2024-12-08,西甲,Club Atlético de Madrid,Sevilla FC,4,3
2024-12-09,西甲,Getafe CF,RCD Espanyol de Barcelona,1,0
2024-12-13,西甲,Real Valladolid CF,Valencia CF,1,0
2024-12-14,西甲,RCD Espanyol de Barcelona,CA Osasuna,0,0
2024-12-14,西甲,RCD Mallorca,Girona FC,2,1
2024-12-14,西甲,Sevilla FC,RC Celta de Vigo,1,0
2024-12-14,西甲,Rayo Vallecano de Madrid,Real Madrid CF,3,3
2024-12-15,西甲,Club Atlético de Madrid,Getafe CF,1,0
2024-12-15,西甲,Deportivo Alavés,Athletic Club,1,1
2024-12-15,西甲,Villarreal CF,Real Betis Balompié,1,2
2024-12-15,西甲,Real Sociedad de Fútbol,UD Las Palmas,0,0
2024-12-15,西甲,FC Barcelona,CD Leganés,0,1
2024-12-18,西甲,Villarreal CF,Rayo Vallecano de Madrid,1,1
2024-12-18,西甲,RCD Espanyol de Barcelona,Valencia CF,1,1
2024-12-20,西甲,Girona FC,Real Valladolid CF,3,0
2024-12-21,西甲,Getafe CF,RCD Mallorca,0,1
2024-12-21,西甲,RC Celta de Vigo,Real Sociedad de Fútbol,2,0
2024-12-21,西甲,CA Osasuna,Athletic Club,1,2
2024-12-21,西甲,FC Barcelona,Club Atlético de Madrid,1,2
2024-12-22,西甲,Valencia CF,Deportivo Alavés,2,2
2024-12-22,西甲,Real Madrid CF,Sevilla FC,4,2
2024-12-22,西甲,CD Leganés,Villarreal CF,2,5
2024-12-22,西甲,UD Las Palmas,RCD Espanyol de Barcelona,1,0
2024-12-22,西甲,Real Betis Balompié,Rayo Vallecano de Madrid,1,1
2025-01-03,西甲,Valencia CF,Real Madrid CF,1,2
2025-01-10,西甲,Rayo Vallecano de Madrid,RC Celta de Vigo,2,1
2025-01-11,西甲,Deportivo Alavés,Girona FC,0,1
2025-01-11,西甲,Real Valladolid CF,Real Betis Balompié,1,0
2025-01-11,西甲,RCD Espanyol de Barcelona,CD Leganés,1,1
2025-01-11,西甲,Sevilla FC,Valencia CF,1,1
2025-01-12,西甲,UD Las Palmas,Getafe CF,1,2
2025-01-12,西甲,Club Atlético de Madrid,CA Osasuna,1,0
2025-01-13,西甲,Real Sociedad de Fútbol,Villarreal CF,1,0
2025-01-17,西甲,RCD Espanyol de Barcelona,Real Valladolid CF,2,1
2025-01-18,西甲,Girona FC,Sevilla FC,1,2
2025-01-18,西甲,CD Leganés,Club Atlético de Madrid,1,0
2025-01-18,西甲,Real Betis Balompié,Deportivo Alavés,1,3
2025-01-18,西甲,Getafe CF,FC Barcelona,1,1
2025-01-19,西甲,RC Celta de Vigo,Athletic Club,1,2
2025-01-19,西甲,Real Madrid CF,UD Las Palmas,4,1
2025-01-19,西甲,CA Osasuna,Rayo Vallecano de Madrid,1,1
2025-01-19,西甲,Valencia CF,Real Sociedad de Fútbol,1,0
2025-01-20,西甲,Villarreal CF,RCD Mallorca,4,0
2025-01-24,西甲,UD Las Palmas,CA Osasuna,1,1
2025-01-25,西甲,RCD Mallorca,Real Betis Balompié,0,1
2025-01-25,西甲,Club Atlético de Madrid,Villarreal CF,1,1
2025-01-25,西甲,Sevilla FC,RCD Espanyol de Barcelona,1,1
2025-01-25,西甲,Real Valladolid CF,Real Madrid CF,0,3
2025-01-26,西甲,Rayo Vallecano de Madrid,Girona FC,2,1
2025-01-26,西甲,Real Sociedad de Fútbol,Getafe CF,0,3
2025-01-26,西甲,Athletic Club,CD Leganés,0,0
2025-01-26,西甲,FC Barcelona,Valencia CF,7,1
2025-01-27,西甲,Deportivo Alavés,RC Celta de Vigo,1,1
2025-01-31,西甲,CD Leganés,Rayo Vallecano de Madrid,0,1
2025-02-01,西甲,Getafe CF,Sevilla FC,0,0
2025-02-01,西甲,Villarreal CF,Real Valladolid CF,5,1
2025-02-01,西甲,Club Atlético de Madrid,RCD Mallorca,2,0
2025-02-01,西甲,RCD Espanyol de Barcelona,Real Madrid CF,1,0
2025-02-02,西甲,FC Barcelona,Deportivo Alavés,1,0
2025-02-02,西甲,Valencia CF,RC Celta de Vigo,2,1
2025-02-02,西甲,CA Osasuna,Real Sociedad de Fútbol,2,1
2025-02-02,西甲,Real Betis Balompié,Athletic Club,2,2
2025-02-03,西甲,Girona FC,UD Las Palmas,2,1
2025-02-07,西甲,Rayo Vallecano de Madrid,Real Valladolid CF,1,0
2025-02-08,西甲,RC Celta de Vigo,Real Betis Balompié,3,2
2025-02-08,西甲,Athletic Club,Girona FC,3,0
2025-02-08,西甲,UD Las Palmas,Villarreal CF,1,2
2025-02-08,西甲,Real Madrid CF,Club Atlético de Madrid,1,1
2025-02-09,西甲,Deportivo Alavés,Getafe CF,0,1
2025-02-09,西甲,Valencia CF,CD Leganés,2,0
2025-02-09,西甲,Real Sociedad de Fútbol,RCD Espanyol de Barcelona,2,1
2025-02-09,西甲,Sevilla FC,FC Barcelona,1,4
2025-02-10,西甲,RCD Mallorca,CA Osasuna,1,1
2025-02-14,西甲,Girona FC,Getafe CF,1,2
2025-02-15,西甲,CD Leganés,Deportivo Alavés,3,3
2025-02-15,西甲,CA Osasuna,Real Madrid CF,1,1
2025-02-15,西甲,Club Atlético de Madrid,RC Celta de Vigo,1,1
2025-02-15,西甲,Villarreal CF,Valencia CF,1,1
2025-02-16,西甲,RCD Espanyol de Barcelona,Athletic Club,1,1
2025-02-16,西甲,Real Valladolid CF,Sevilla FC,0,4
2025-02-16,西甲,RCD Mallorca,UD Las Palmas,3,1
2025-02-16,西甲,Real Betis Balompié,Real Sociedad de Fútbol,3,0
2025-02-17,西甲,FC Barcelona,Rayo Vallecano de Madrid,1,0
2025-02-21,西甲,RC Celta de Vigo,CA Osasuna,1,0
2025-02-22,西甲,Deportivo Alavés,RCD Espanyol de Barcelona,0,1
2025-02-22,西甲,Rayo Vallecano de Madrid,Villarreal CF,0,1
2025-02-22,西甲,Valencia CF,Club Atlético de Madrid,0,3
2025-02-22,西甲,UD Las Palmas,FC Barcelona,0,2
2025-02-23,西甲,Athletic Club,Real Valladolid CF,7,1
2025-02-23,西甲,Real Madrid CF,Girona FC,2,0
2025-02-23,西甲,Getafe CF,Real Betis Balompié,1,2
2025-02-23,西甲,Real Sociedad de Fútbol,CD Leganés,3,0
2025-02-24,西甲,Sevilla FC,RCD Mallorca,1,1
2025-02-28,西甲,Real Valladolid CF,UD Las Palmas,1,1
2025-03-01,西甲,Girona FC,RC Celta de Vigo,2,2
2025-03-01,西甲,Rayo Vallecano de Madrid,Sevilla FC,1,1
2025-03-01,西甲,Real Betis Balompié,Real Madrid CF,2,1
2025-03-01,西甲,Club Atlético de Madrid,Athletic Club,1,0
2025-03-02,西甲,CD Leganés,Getafe CF,1,0
2025-03-02,西甲,FC Barcelona,Real Sociedad de Fútbol,4,0
2025-03-02,西甲,RCD Mallorca,Deportivo Alavés,1,1
2025-03-02,西甲,CA Osasuna,Valencia CF,3,3
2025-03-08,西甲,RC Celta de Vigo,CD Leganés,2,1
2025-03-08,西甲,Deportivo Alavés,Villarreal CF,1,0
2025-03-08,西甲,Valencia CF,Real Valladolid CF,2,1
2025-03-09,西甲,Getafe CF,Club Atlético de Madrid,2,1
2025-03-09,西甲,Real Madrid CF,Rayo Vallecano de Madrid,2,1
2025-03-09,西甲,Athletic Club,RCD Mallorca,1,1
2025-03-09,西甲,Real Betis Balompié,UD Las Palmas,1,0
2025-03-09,西甲,Real Sociedad de Fútbol,Sevilla FC,0,1
2025-03-10,西甲,RCD Espanyol de Barcelona,Girona FC,1,1
2025-03-14,西甲,UD Las Palmas,Deportivo Alavés,2,2
2025-03-15,西甲,Real Valladolid CF,RC Celta de Vigo,0,1
2025-03-15,西甲,RCD Mallorca,RCD Espanyol de Barcelona,2,1
2025-03-15,西甲,Villarreal CF,Real Madrid CF,1,2
2025-03-15,西甲,Girona FC,Valencia CF,1,1
2025-03-16,西甲,CD Leganés,Real Betis Balompié,2,3
2025-03-16,西甲,Sevilla FC,Athletic Club,0,1
2025-03-16,西甲,CA Osasuna,Getafe CF,1,2
2025-03-16,西甲,Rayo Vallecano de Madrid,Real Sociedad de Fútbol,2,2
2025-03-16,西甲,Club Atlético de Madrid,FC Barcelona,2,4
2025-03-27,西甲,FC Barcelona,CA Osasuna,3,0
2025-03-29,西甲,Real Sociedad de Fútbol,Real Valladolid CF,2,1
2025-03-29,西甲,RCD Espanyol de Barcelona,Club Atlético de Madrid,1,1
2025-03-29,西甲,Deportivo Alavés,Rayo Vallecano de Madrid,0,2
2025-03-29,西甲,Real Madrid CF,CD Leganés,3,2
2025-03-30,西甲,Getafe CF,Villarreal CF,1,2
2025-03-30,西甲,FC Barcelona,Girona FC,4,1
2025-03-30,西甲,Athletic Club,CA Osasuna,0,0
2025-03-30,西甲,Valencia CF,RCD Mallorca,1,0
2025-03-30,西甲,Real Betis Balompié,Sevilla FC,2,1
2025-03-31,西甲,RC Celta de Vigo,UD Las Palmas,1,1
2025-04-04,西甲,Rayo Vallecano de Madrid,RCD Espanyol de Barcelona,0,4
2025-04-05,西甲,Girona FC,Deportivo Alavés,0,1
2025-04-05,西甲,Real Madrid CF,Valencia CF,1,2
2025-04-05,西甲,RCD Mallorca,RC Celta de Vigo,1,2
2025-04-05,西甲,FC Barcelona,Real Betis Balompié,1,1
2025-04-06,西甲,UD Las Palmas,Real Sociedad de Fútbol,1,3
2025-04-06,西甲,Sevilla FC,Club Atlético de Madrid,1,2
2025-04-06,西甲,Real Valladolid CF,Getafe CF,0,4
2025-04-06,西甲,Villarreal CF,Athletic Club,0,0
2025-04-07,西甲,CD Leganés,CA Osasuna,1,1
2025-04-11,西甲,Valencia CF,Sevilla FC,1,0
2025-04-12,西甲,Real Sociedad de Fútbol,RCD Mallorca,0,2
2025-04-12,西甲,Getafe CF,UD Las Palmas,1,3
2025-04-12,西甲,RC Celta de Vigo,RCD Espanyol de Barcelona,0,2
2025-04-12,西甲,CD Leganés,FC Barcelona,0,1
2025-04-13,西甲,CA Osasuna,Girona FC,2,1
2025-04-13,西甲,Deportivo Alavés,Real Madrid CF,0,1
2025-04-13,西甲,Real Betis Balompié,Villarreal CF,1,2
2025-04-13,西甲,Athletic Club,Rayo Vallecano de Madrid,3,1
2025-04-14,西甲,Club Atlético de Madrid,Real Valladolid CF,4,2
2025-04-18,西甲,RCD Espanyol de Barcelona,Getafe CF,1,0
2025-04-19,西甲,Rayo Vallecano de Madrid,Valencia CF,1,1
2025-04-19,西甲,FC Barcelona,RC Celta de Vigo,4,3
2025-04-19,西甲,RCD Mallorca,CD Leganés,0,0
2025-04-19,西甲,UD Las Palmas,Club Atlético de Madrid,1,0
2025-04-20,西甲,Real Valladolid CF,CA Osasuna,2,3
2025-04-20,西甲,Villarreal CF,Real Sociedad de Fútbol,2,2
2025-04-20,西甲,Sevilla FC,Deportivo Alavés,1,1
2025-04-20,西甲,Real Madrid CF,Athletic Club,1,0
2025-04-21,西甲,Girona FC,Real Betis Balompié,1,3
2025-04-22,西甲,Valencia CF,RCD Espanyol de Barcelona,1,1
2025-04-22,西甲,FC Barcelona,RCD Mallorca,1,0
2025-04-23,西甲,Athletic Club,UD Las Palmas,1,0
2025-04-23,西甲,RC Celta de Vigo,Villarreal CF,3,0
2025-04-23,西甲,Deportivo Alavés,Real Sociedad de Fútbol,1,0
2025-04-23,西甲,Getafe CF,Real Madrid CF,0,1
2025-04-24,西甲,CA Osasuna,Sevilla FC,1,0
2025-04-24,西甲,CD Leganés,Girona FC,1,1
2025-04-24,西甲,Club Atlético de Madrid,Rayo Vallecano de Madrid,3,0
2025-04-24,西甲,Real Betis Balompié,Real Valladolid CF,5,1
2025-04-27,西甲,Villarreal CF,RCD Espanyol de Barcelona,1,0
2025-05-02,西甲,Rayo Vallecano de Madrid,Getafe CF,1,0
2025-05-03,西甲,Deportivo Alavés,Club Atlético de Madrid,0,0
2025-05-03,西甲,Villarreal CF,CA Osasuna,4,2
2025-05-03,西甲,UD Las Palmas,Valencia CF,2,3
2025-05-03,西甲,Real Valladolid CF,FC Barcelona,1,2
2025-05-04,西甲,Real Madrid CF,RC Celta de Vigo,3,2
2025-05-04,西甲,Sevilla FC,CD Leganés,2,2
2025-05-04,西甲,RCD Espanyol de Barcelona,Real Betis Balompié,1,2
2025-05-04,西甲,Real Sociedad de Fútbol,Athletic Club,0,0
2025-05-05,西甲,Girona FC,RCD Mallorca,1,0
2025-05-09,西甲,UD Las Palmas,Rayo Vallecano de Madrid,0,1
2025-05-10,西甲,Valencia CF,Getafe CF,3,0
2025-05-10,西甲,RC Celta de Vigo,Sevilla FC,3,2
2025-05-10,西甲,Girona FC,Villarreal CF,0,1
2025-05-10,西甲,RCD Mallorca,Real Valladolid CF,2,1
2025-05-10,西甲,Club Atlético de Madrid,Real Sociedad de Fútbol,4,0
2025-05-11,西甲,CD Leganés,RCD Espanyol de Barcelona,3,2
2025-05-11,西甲,FC Barcelona,Real Madrid CF,4,3
2025-05-11,西甲,Athletic Club,Deportivo Alavés,1,0
2025-05-11,西甲,Real Betis Balompié,CA Osasuna,1,1
2025-05-13,西甲,Real Valladolid CF,Girona FC,0,1
2025-05-13,西甲,Real Sociedad de Fútbol,RC Celta de Vigo,0,1
2025-05-13,西甲,Sevilla FC,UD Las Palmas,1,0
2025-05-14,西甲,Deportivo Alavés,Valencia CF,1,0
2025-05-14,西甲,Villarreal CF,CD Leganés,3,0
2025-05-14,西甲,Real Madrid CF,RCD Mallorca,2,1
2025-05-15,西甲,CA Osasuna,Club Atlético de Madrid,2,0
2025-05-15,西甲,Rayo Vallecano de Madrid,Real Betis Balompié,2,2
2025-05-15,西甲,Getafe CF,Athletic Club,0,2
2025-05-15,西甲,RCD Espanyol de Barcelona,FC Barcelona,0,2
2025-05-18,西甲,Club Atlético de Madrid,Real Betis Balompié,4,1
2025-05-18,西甲,RC Celta de Vigo,Rayo Vallecano de Madrid,1,2
2025-05-18,西甲,FC Barcelona,Villarreal CF,2,3
2025-05-18,西甲,Sevilla FC,Real Madrid CF,0,2
2025-05-18,西甲,Valencia CF,Athletic Club,0,1
2025-05-18,西甲,RCD Mallorca,Getafe CF,1,2
2025-05-18,西甲,Real Sociedad de Fútbol,Girona FC,3,2
2025-05-18,西甲,Real Valladolid CF,Deportivo Alavés,0,1
2025-05-18,西甲,UD Las Palmas,CD Leganés,0,1
2025-05-18,西甲,CA Osasuna,RCD Espanyol de Barcelona,2,0
2025-08-15,西甲,Girona FC,Rayo Vallecano de Madrid,1,3
2025-08-15,西甲,Villarreal CF,Real Oviedo,2,0
2025-08-16,西甲,RCD Mallorca,FC Barcelona,0,3
2025-08-16,西甲,Deportivo Alavés,Levante UD,2,1
2025-08-16,西甲,Valencia CF,Real Sociedad de Fútbol,1,1
2025-08-17,西甲,RC Celta de Vigo,Getafe CF,0,2
2025-08-17,西甲,Athletic Club,Sevilla FC,3,2
2025-08-17,西甲,RCD Espanyol de Barcelona,Club Atlético de Madrid,2,1
2025-08-18,西甲,Elche CF,Real Betis Balompié,1,1
2025-08-19,西甲,Real Madrid CF,CA Osasuna,1,0
2025-08-22,西甲,Real Betis Balompié,Deportivo Alavés,1,0
2025-08-23,西甲,RCD Mallorca,RC Celta de Vigo,1,1
2025-08-23,西甲,Club Atlético de Madrid,Elche CF,1,1
2025-08-23,西甲,Levante UD,FC Barcelona,2,3
2025-08-24,西甲,CA Osasuna,Valencia CF,1,0
2025-08-24,西甲,Real Sociedad de Fútbol,RCD Espanyol de Barcelona,2,2
2025-08-24,西甲,Villarreal CF,Girona FC,5,0
2025-08-24,西甲,Real Oviedo,Real Madrid CF,0,3
2025-08-25,西甲,Athletic Club,Rayo Vallecano de Madrid,1,0
2025-08-25,西甲,Sevilla FC,Getafe CF,1,2
2025-08-27,西甲,RC Celta de Vigo,Real Betis Balompié,1,1
2025-08-29,西甲,Elche CF,Levante UD,2,0
2025-08-29,西甲,Valencia CF,Getafe CF,3,0
2025-08-30,西甲,Deportivo Alavés,Club Atlético de Madrid,1,1
2025-08-30,西甲,Real Oviedo,Real Sociedad de Fútbol,1,0
2025-08-30,西甲,Girona FC,Sevilla FC,0,2
2025-08-30,西甲,Real Madrid CF,RCD Mallorca,2,1
2025-08-31,西甲,RC Celta de Vigo,Villarreal CF,1,1
2025-08-31,西甲,Real Betis Balompié,Athletic Club,1,2
2025-08-31,西甲,RCD Espanyol de Barcelona,CA Osasuna,1,0
2025-08-31,西甲,Rayo Vallecano de Madrid,FC Barcelona,1,1
2025-09-12,西甲,Sevilla FC,Elche CF,2,2
2025-09-13,西甲,Getafe CF,Real Oviedo,2,0
2025-09-13,西甲,Real Sociedad de Fútbol,Real Madrid CF,1,2
2025-09-13,西甲,Athletic Club,Deportivo Alavés,0,1
2025-09-13,西甲,Club Atlético de Madrid,Villarreal CF,2,0
2025-09-14,西甲,RC Celta de Vigo,Girona FC,1,1
2025-09-14,西甲,Levante UD,Real Betis Balompié,2,2
2025-09-14,西甲,CA Osasuna,Rayo Vallecano de Madrid,2,0
2025-09-14,西甲,FC Barcelona,Valencia CF,6,0
2025-09-15,西甲,RCD Espanyol de Barcelona,RCD Mallorca,3,2
2025-09-19,西甲,Real Betis Balompié,Real Sociedad de Fútbol,3,1
2025-09-20,西甲,Girona FC,Levante UD,0,4
2025-09-20,西甲,Real Madrid CF,RCD Espanyol de Barcelona,2,0
2025-09-20,西甲,Villarreal CF,CA Osasuna,2,1
2025-09-20,西甲,Deportivo Alavés,Sevilla FC,1,2
2025-09-20,西甲,Valencia CF,Athletic Club,2,0
2025-09-21,西甲,Rayo Vallecano de Madrid,RC Celta de Vigo,1,1
2025-09-21,西甲,RCD Mallorca,Club Atlético de Madrid,1,1
2025-09-21,西甲,Elche CF,Real Oviedo,1,0
2025-09-21,西甲,FC Barcelona,Getafe CF,3,0
2025-09-23,西甲,Athletic Club,Girona FC,1,1
2025-09-23,西甲,RCD Espanyol de Barcelona,Valencia CF,2,2
2025-09-23,西甲,Levante UD,Real Madrid CF,1,4
2025-09-23,西甲,Sevilla FC,Villarreal CF,1,2
2025-09-24,西甲,Getafe CF,Deportivo Alavés,1,1
2025-09-24,西甲,Club Atlético de Madrid,Rayo Vallecano de Madrid,3,2
2025-09-24,西甲,Real Sociedad de Fútbol,RCD Mallorca,1,0
2025-09-25,西甲,CA Osasuna,Elche CF,1,1
2025-09-25,西甲,Real Oviedo,FC Barcelona,1,3
2025-09-26,西甲,Girona FC,RCD Espanyol de Barcelona,0,0
2025-09-27,西甲,Getafe CF,Levante UD,1,1
2025-09-27,西甲,Club Atlético de Madrid,Real Madrid CF,5,2
2025-09-27,西甲,RCD Mallorca,Deportivo Alavés,1,0
2025-09-27,西甲,Villarreal CF,Athletic Club,1,0
2025-09-28,西甲,Rayo Vallecano de Madrid,Sevilla FC,0,1
2025-09-28,西甲,Elche CF,RC Celta de Vigo,2,1
2025-09-28,西甲,FC Barcelona,Real Sociedad de Fútbol,2,1
2025-09-28,西甲,Real Betis Balompié,CA Osasuna,2,0
2025-09-30,西甲,Valencia CF,Real Oviedo,1,2
2025-10-03,西甲,CA Osasuna,Getafe CF,2,1
2025-10-04,西甲,Real Oviedo,Levante UD,0,2
2025-10-04,西甲,Girona FC,Valencia CF,2,1
2025-10-04,西甲,Athletic Club,RCD Mallorca,2,1
2025-10-04,西甲,Real Madrid CF,Villarreal CF,3,1
2025-10-05,西甲,Deportivo Alavés,Elche CF,3,1
2025-10-05,西甲,Sevilla FC,FC Barcelona,4,1
2025-10-05,西甲,RCD Espanyol de Barcelona,Real Betis Balompié,1,2
2025-10-05,西甲,Real Sociedad de Fútbol,Rayo Vallecano de Madrid,0,1
2025-10-05,西甲,RC Celta de Vigo,Club Atlético de Madrid,1,1
2025-10-17,西甲,Real Oviedo,RCD Espanyol de Barcelona,0,2
2025-10-18,西甲,Sevilla FC,RCD Mallorca,1,3
2025-10-18,西甲,FC Barcelona,Girona FC,2,1
2025-10-18,西甲,Villarreal CF,Real Betis Balompié,2,2
2025-10-18,西甲,Club Atlético de Madrid,CA Osasuna,1,0
2025-10-19,西甲,Elche CF,Athletic Club,0,0
2025-10-19,西甲,RC Celta de Vigo,Real Sociedad de Fútbol,1,1
2025-10-19,西甲,Levante UD,Rayo Vallecano de Madrid,0,3
2025-10-19,西甲,Getafe CF,Real Madrid CF,0,1
2025-10-20,西甲,Deportivo Alavés,Valencia CF,0,0
2025-10-24,西甲,Real Sociedad de Fútbol,Sevilla FC,2,1
2025-10-25,西甲,Girona FC,Real Oviedo,3,3
2025-10-25,西甲,RCD Espanyol de Barcelona,Elche CF,1,0
2025-10-25,西甲,Athletic Club,Getafe CF,0,1
2025-10-25,西甲,Valencia CF,Villarreal CF,0,2
2025-10-26,西甲,RCD Mallorca,Levante UD,1,1
2025-10-26,西甲,Real Madrid CF,FC Barcelona,2,1
2025-10-26,西甲,CA Osasuna,RC Celta de Vigo,2,3
2025-10-26,西甲,Rayo Vallecano de Madrid,Deportivo Alavés,1,0
2025-10-27,西甲,Real Betis Balompié,Club Atlético de Madrid,0,2
2025-10-31,西甲,Getafe CF,Girona FC,2,1
2025-11-01,西甲,Villarreal CF,Rayo Vallecano de Madrid,4,0
2025-11-01,西甲,Club Atlético de Madrid,Sevilla FC,3,0
2025-11-01,西甲,Real Sociedad de Fútbol,Athletic Club,3,2
2025-11-01,西甲,Real Madrid CF,Valencia CF,4,0
2025-11-02,西甲,Levante UD,RC Celta de Vigo,1,2
2025-11-02,西甲,Deportivo Alavés,RCD Espanyol de Barcelona,2,1
2025-11-02,西甲,FC Barcelona,Elche CF,3,1
2025-11-02,西甲,Real Betis Balompié,RCD Mallorca,3,0
2025-11-03,西甲,Real Oviedo,CA Osasuna,0,0
2025-11-07,西甲,Elche CF,Real Sociedad de Fútbol,1,1
2025-11-08,西甲,Girona FC,Deportivo Alavés,1,0
2025-11-08,西甲,Sevilla FC,CA Osasuna,1,0
2025-11-08,西甲,Club Atlético de Madrid,Levante UD,3,1
2025-11-08,西甲,RCD Espanyol de Barcelona,Villarreal CF,0,2
2025-11-09,西甲,Athletic Club,Real Oviedo,1,0
2025-11-09,西甲,Rayo Vallecano de Madrid,Real Madrid CF,0,0
2025-11-09,西甲,Valencia CF,Real Betis Balompié,1,1
2025-11-09,西甲,RCD Mallorca,Getafe CF,1,0
2025-11-09,西甲,RC Celta de Vigo,FC Barcelona,2,4
2025-11-21,西甲,Valencia CF,Levante UD,1,0
2025-11-22,西甲,Deportivo Alavés,RC Celta de Vigo,0,1
2025-11-22,西甲,FC Barcelona,Athletic Club,4,0
2025-11-22,西甲,CA Osasuna,Real Sociedad de Fútbol,1,3
2025-11-22,西甲,Villarreal CF,RCD Mallorca,2,1
2025-11-23,西甲,Real Oviedo,Rayo Vallecano de Madrid,0,0
2025-11-23,西甲,Real Betis Balompié,Girona FC,1,1
2025-11-23,西甲,Getafe CF,Club Atlético de Madrid,0,1
2025-11-23,西甲,Elche CF,Real Madrid CF,2,2
2025-11-24,西甲,RCD Espanyol de Barcelona,Sevilla FC,2,1
2025-11-28,西甲,Getafe CF,Elche CF,1,0
2025-11-29,西甲,RCD Mallorca,CA Osasuna,2,2
2025-11-29,西甲,FC Barcelona,Deportivo Alavés,3,1
2025-11-29,西甲,Levante UD,Athletic Club,0,2
2025-11-29,西甲,Club Atlético de Madrid,Real Oviedo,2,0
2025-11-30,西甲,Real Sociedad de Fútbol,Villarreal CF,2,3
2025-11-30,西甲,Sevilla FC,Real Betis Balompié,0,2
2025-11-30,西甲,RC Celta de Vigo,RCD Espanyol de Barcelona,0,1
2025-11-30,西甲,Girona FC,Real Madrid CF,1,1
2025-12-01,西甲,Rayo Vallecano de Madrid,Valencia CF,1,1
2025-12-02,西甲,FC Barcelona,Club Atlético de Madrid,3,1
2025-12-03,西甲,Athletic Club,Real Madrid CF,0,3
2025-12-05,西甲,Real Oviedo,RCD Mallorca,0,0
2025-12-06,西甲,Villarreal CF,Getafe CF,2,0
2025-12-06,西甲,Deportivo Alavés,Real Sociedad de Fútbol,1,0
2025-12-06,西甲,Real Betis Balompié,FC Barcelona,3,5
2025-12-06,西甲,Athletic Club,Club Atlético de Madrid,1,0
2025-12-07,西甲,Elche CF,Girona FC,3,0
2025-12-07,西甲,Valencia CF,Sevilla FC,1,1
2025-12-07,西甲,RCD Espanyol de Barcelona,Rayo Vallecano de Madrid,1,0
2025-12-07,西甲,Real Madrid CF,RC Celta de Vigo,0,2
2025-12-08,西甲,CA Osasuna,Levante UD,2,0
2025-12-12,西甲,Real Sociedad de Fútbol,Girona FC,1,2
2025-12-13,西甲,Club Atlético de Madrid,Valencia CF,2,1
2025-12-13,西甲,RCD Mallorca,Elche CF,3,1
2025-12-13,西甲,FC Barcelona,CA Osasuna,2,0
2025-12-13,西甲,Getafe CF,RCD Espanyol de Barcelona,0,1
2025-12-14,西甲,Sevilla FC,Real Oviedo,4,0
2025-12-14,西甲,RC Celta de Vigo,Athletic Club,2,0
2025-12-14,西甲,Deportivo Alavés,Real Madrid CF,1,2
2025-12-15,西甲,Rayo Vallecano de Madrid,Real Betis Balompié,0,0
2025-12-19,西甲,Valencia CF,RCD Mallorca,1,1
2025-12-20,西甲,Real Oviedo,RC Celta de Vigo,0,0
2025-12-20,西甲,Levante UD,Real Sociedad de Fútbol,1,1
2025-12-20,西甲,CA Osasuna,Deportivo Alavés,3,0
2025-12-20,西甲,Real Madrid CF,Sevilla FC,2,0
2025-12-21,西甲,Girona FC,Club Atlético de Madrid,0,3
2025-12-21,西甲,Villarreal CF,FC Barcelona,0,2
2025-12-21,西甲,Elche CF,Rayo Vallecano de Madrid,4,0
2025-12-21,西甲,Real Betis Balompié,Getafe CF,4,0
2025-12-22,西甲,Athletic Club,RCD Espanyol de Barcelona,1,2
2026-01-02,西甲,Rayo Vallecano de Madrid,Getafe CF,1,1
2026-01-03,西甲,RC Celta de Vigo,Valencia CF,4,1
2026-01-03,西甲,CA Osasuna,Athletic Club,1,1
2026-01-03,西甲,Elche CF,Villarreal CF,1,3
2026-01-03,西甲,RCD Espanyol de Barcelona,FC Barcelona,0,2
2026-01-04,西甲,Sevilla FC,Levante UD,0,3
2026-01-04,西甲,Real Madrid CF,Real Betis Balompié,5,1
2026-01-04,西甲,Deportivo Alavés,Real Oviedo,1,1
2026-01-04,西甲,RCD Mallorca,Girona FC,1,2
2026-01-04,西甲,Real Sociedad de Fútbol,Club Atlético de Madrid,1,1
2026-01-09,西甲,Getafe CF,Real Sociedad de Fútbol,1,2
2026-01-10,西甲,Real Oviedo,Real Betis Balompié,1,1
2026-01-10,西甲,Villarreal CF,Deportivo Alavés,3,1
2026-01-10,西甲,Girona FC,CA Osasuna,1,0
2026-01-10,西甲,Valencia CF,Elche CF,1,1
2026-01-11,西甲,Rayo Vallecano de Madrid,RCD Mallorca,2,1
2026-01-11,西甲,Levante UD,RCD Espanyol de Barcelona,1,1
2026-01-12,西甲,Sevilla FC,RC Celta de Vigo,0,1
2026-01-16,西甲,RCD Espanyol de Barcelona,Girona FC,0,2
2026-01-17,西甲,Real Madrid CF,Levante UD,2,0
2026-01-17,西甲,RCD Mallorca,Athletic Club,3,2
2026-01-17,西甲,CA Osasuna,Real Oviedo,3,2
2026-01-17,西甲,Real Betis Balompié,Villarreal CF,2,0
2026-01-18,西甲,Getafe CF,Valencia CF,0,1
2026-01-18,西甲,Club Atlético de Madrid,Deportivo Alavés,1,0
2026-01-18,西甲,RC Celta de Vigo,Rayo Vallecano de Madrid,3,0
2026-01-18,西甲,Real Sociedad de Fútbol,FC Barcelona,2,1
2026-01-19,西甲,Elche CF,Sevilla FC,2,2
2026-01-23,西甲,Levante UD,Elche CF,3,2
2026-01-24,西甲,Rayo Vallecano de Madrid,CA Osasuna,1,3
2026-01-24,西甲,Valencia CF,RCD Espanyol de Barcelona,3,2
2026-01-24,西甲,Sevilla FC,Athletic Club,2,1
2026-01-24,西甲,Villarreal CF,Real Madrid CF,0,2
2026-01-25,西甲,Club Atlético de Madrid,RCD Mallorca,3,0
2026-01-25,西甲,FC Barcelona,Real Oviedo,3,0
2026-01-25,西甲,Real Sociedad de Fútbol,RC Celta de Vigo,3,1
2026-01-25,西甲,Deportivo Alavés,Real Betis Balompié,2,1
2026-01-26,西甲,Girona FC,Getafe CF,1,1
2026-01-30,西甲,RCD Espanyol de Barcelona,Deportivo Alavés,1,2
2026-01-31,西甲,Real Oviedo,Girona FC,1,0
2026-01-31,西甲,CA Osasuna,Villarreal CF,2,2
2026-01-31,西甲,Levante UD,Club Atlético de Madrid,0,0
2026-01-31,西甲,Elche CF,FC Barcelona,1,3
2026-02-01,西甲,Real Madrid CF,Rayo Vallecano de Madrid,2,1
2026-02-01,西甲,Real Betis Balompié,Valencia CF,2,1
2026-02-01,西甲,Getafe CF,RC Celta de Vigo,0,0
2026-02-01,西甲,Athletic Club,Real Sociedad de Fútbol,1,1
2026-02-02,西甲,RCD Mallorca,Sevilla FC,4,1
2026-02-06,西甲,RC Celta de Vigo,CA Osasuna,1,2
2026-02-07,西甲,FC Barcelona,RCD Mallorca,3,0
2026-02-07,西甲,Real Sociedad de Fútbol,Elche CF,3,1
2026-02-08,西甲,Deportivo Alavés,Getafe CF,0,2
2026-02-08,西甲,Athletic Club,Levante UD,4,2
2026-02-08,西甲,Sevilla FC,Girona FC,1,1
2026-02-08,西甲,Club Atlético de Madrid,Real Betis Balompié,0,1
2026-02-08,西甲,Valencia CF,Real Madrid CF,0,2
2026-02-09,西甲,Villarreal CF,RCD Espanyol de Barcelona,4,1
2026-02-13,西甲,Elche CF,CA Osasuna,0,0
2026-02-14,西甲,RCD Espanyol de Barcelona,RC Celta de Vigo,2,2
2026-02-14,西甲,Getafe CF,Villarreal CF,2,1
2026-02-14,西甲,Sevilla FC,Deportivo Alavés,1,1
2026-02-14,西甲,Real Madrid CF,Real Sociedad de Fútbol,4,1
2026-02-15,西甲,Real Oviedo,Athletic Club,1,2
2026-02-15,西甲,Rayo Vallecano de Madrid,Club Atlético de Madrid,3,0
2026-02-15,西甲,Levante UD,Valencia CF,0,2
2026-02-15,西甲,RCD Mallorca,Real Betis Balompié,1,2
2026-02-16,西甲,Girona FC,FC Barcelona,2,1
2026-02-18,西甲,Levante UD,Villarreal CF,0,1
2026-02-20,西甲,Athletic Club,Elche CF,2,1
2026-02-21,西甲,Real Sociedad de Fútbol,Real Oviedo,3,3
2026-02-21,西甲,Real Betis Balompié,Rayo Vallecano de Madrid,1,1
2026-02-21,西甲,CA Osasuna,Real Madrid CF,2,1
2026-02-21,西甲,Club Atlético de Madrid,RCD Espanyol de Barcelona,4,2
2026-02-22,西甲,Getafe CF,Sevilla FC,0,1
2026-02-22,西甲,FC Barcelona,Levante UD,3,0
2026-02-22,西甲,RC Celta de Vigo,RCD Mallorca,2,0
2026-02-22,西甲,Villarreal CF,Valencia CF,2,1
2026-02-23,西甲,Deportivo Alavés,Girona FC,2,2
2026-02-27,西甲,Levante UD,Deportivo Alavés,2,0
2026-02-28,西甲,Rayo Vallecano de Madrid,Athletic Club,1,1
2026-02-28,西甲,FC Barcelona,Villarreal CF,4,1
2026-02-28,西甲,RCD Mallorca,Real Sociedad de Fútbol,0,1
2026-02-28,西甲,Real Oviedo,Club Atlético de Madrid,0,1
2026-03-01,西甲,Elche CF,RCD Espanyol de Barcelona,2,2
2026-03-01,西甲,Valencia CF,CA Osasuna,1,0
2026-03-01,西甲,Real Betis Balompié,Sevilla FC,2,2
2026-03-01,西甲,Girona FC,RC Celta de Vigo,1,2
2026-03-02,西甲,Real Madrid CF,Getafe CF,0,1
2026-03-04,西甲,Rayo Vallecano de Madrid,Real Oviedo,3,0
2026-03-06,西甲,RC Celta de Vigo,Real Madrid CF,1,2
2026-03-07,西甲,CA Osasuna,RCD Mallorca,2,2
2026-03-07,西甲,Levante UD,Girona FC,1,1
2026-03-07,西甲,Club Atlético de Madrid,Real Sociedad de Fútbol,3,2
2026-03-07,西甲,Athletic Club,FC Barcelona,0,1
2026-03-08,西甲,Villarreal CF,Elche CF,2,1
2026-03-08,西甲,Getafe CF,Real Betis Balompié,2,0
2026-03-08,西甲,Sevilla FC,Rayo Vallecano de Madrid,1,1
2026-03-08,西甲,Valencia CF,Deportivo Alavés,3,2
2026-03-09,西甲,RCD Espanyol de Barcelona,Real Oviedo,1,1
2026-03-13,西甲,Deportivo Alavés,Villarreal CF,1,1
2026-03-14,西甲,Girona FC,Athletic Club,3,0
2026-03-14,西甲,Club Atlético de Madrid,Getafe CF,1,0
2026-03-14,西甲,Real Oviedo,Valencia CF,1,0
2026-03-14,西甲,Real Madrid CF,Elche CF,4,1
2026-03-15,西甲,RCD Mallorca,RCD Espanyol de Barcelona,2,1
2026-03-15,西甲,FC Barcelona,Sevilla FC,5,2
2026-03-15,西甲,Real Betis Balompié,RC Celta de Vigo,1,1
2026-03-15,西甲,Real Sociedad de Fútbol,CA Osasuna,3,1
2026-03-16,西甲,Rayo Vallecano de Madrid,Levante UD,1,1
2026-03-20,西甲,Villarreal CF,Real Sociedad de Fútbol,3,1
2026-03-21,西甲,Elche CF,RCD Mallorca,2,1
2026-03-21,西甲,RCD Espanyol de Barcelona,Getafe CF,1,2
2026-03-21,西甲,Levante UD,Real Oviedo,4,2
2026-03-21,西甲,CA Osasuna,Girona FC,1,0
2026-03-21,西甲,Sevilla FC,Valencia CF,0,2
2026-03-22,西甲,FC Barcelona,Rayo Vallecano de Madrid,1,0
2026-03-22,西甲,RC Celta de Vigo,Deportivo Alavés,3,4
2026-03-22,西甲,Athletic Club,Real Betis Balompié,2,1
2026-03-22,西甲,Real Madrid CF,Club Atlético de Madrid,3,2
2026-04-03,西甲,Rayo Vallecano de Madrid,Elche CF,1,0
2026-04-04,西甲,Real Sociedad de Fútbol,Levante UD,2,0
2026-04-04,西甲,RCD Mallorca,Real Madrid CF,2,1
2026-04-04,西甲,Real Betis Balompié,RCD Espanyol de Barcelona,0,0
2026-04-04,西甲,Club Atlético de Madrid,FC Barcelona,1,2
2026-04-05,西甲,Getafe CF,Athletic Club,2,0
2026-04-05,西甲,Valencia CF,RC Celta de Vigo,2,3
2026-04-05,西甲,Real Oviedo,Sevilla FC,1,0
2026-04-05,西甲,Deportivo Alavés,CA Osasuna,2,2
2026-04-06,西甲,Girona FC,Villarreal CF,1,0
2026-04-10,西甲,Real Madrid CF,Girona FC,1,1
2026-04-11,西甲,Real Sociedad de Fútbol,Deportivo Alavés,3,3
2026-04-11,西甲,Elche CF,Valencia CF,1,0
2026-04-11,西甲,FC Barcelona,RCD Espanyol de Barcelona,4,1
2026-04-11,西甲,Sevilla FC,Club Atlético de Madrid,2,1
2026-04-12,西甲,CA Osasuna,Real Betis Balompié,1,1
2026-04-12,西甲,RCD Mallorca,Rayo Vallecano de Madrid,3,0
2026-04-12,西甲,RC Celta de Vigo,Real Oviedo,0,3
2026-04-12,西甲,Athletic Club,Villarreal CF,1,2
2026-04-13,西甲,Levante UD,Getafe CF,1,0
2026-04-21,西甲,Athletic Club,CA Osasuna,1,0
2026-04-21,西甲,RCD Mallorca,Valencia CF,1,1
2026-04-21,西甲,Real Madrid CF,Deportivo Alavés,2,1
2026-04-21,西甲,Girona FC,Real Betis Balompié,2,3
2026-04-22,西甲,Elche CF,Club Atlético de Madrid,3,2
2026-04-22,西甲,Real Sociedad de Fútbol,Getafe CF,0,1
2026-04-22,西甲,FC Barcelona,RC Celta de Vigo,1,0
2026-04-23,西甲,Levante UD,Sevilla FC,2,0
2026-04-23,西甲,Rayo Vallecano de Madrid,RCD Espanyol de Barcelona,1,0
2026-04-23,西甲,Real Oviedo,Villarreal CF,1,1
2026-04-24,西甲,Real Betis Balompié,Real Madrid CF,1,1
2026-04-25,西甲,Deportivo Alavés,RCD Mallorca,2,1
2026-04-25,西甲,Getafe CF,FC Barcelona,0,2
2026-04-25,西甲,Valencia CF,Girona FC,2,1
2026-04-25,西甲,Club Atlético de Madrid,Athletic Club,3,2
2026-04-26,西甲,Rayo Vallecano de Madrid,Real Sociedad de Fútbol,3,3
2026-04-26,西甲,Real Oviedo,Elche CF,1,2
2026-04-26,西甲,CA Osasuna,Sevilla FC,2,1
2026-04-26,西甲,Villarreal CF,RC Celta de Vigo,2,1
2026-04-27,西甲,RCD Espanyol de Barcelona,Levante UD,0,0
2026-05-01,西甲,Girona FC,RCD Mallorca,0,1
2026-05-02,西甲,Villarreal CF,Levante UD,5,1
2026-05-02,西甲,Valencia CF,Club Atlético de Madrid,0,2
2026-05-02,西甲,Deportivo Alavés,Athletic Club,2,4
2026-05-02,西甲,CA Osasuna,FC Barcelona,1,2
2026-05-03,西甲,RC Celta de Vigo,Elche CF,3,1
2026-05-03,西甲,Getafe CF,Rayo Vallecano de Madrid,0,2
2026-05-03,西甲,Real Betis Balompié,Real Oviedo,3,0
2026-05-03,西甲,RCD Espanyol de Barcelona,Real Madrid CF,0,2
2026-05-04,西甲,Sevilla FC,Real Sociedad de Fútbol,1,0
2026-05-08,西甲,Levante UD,CA Osasuna,3,2
2026-05-09,西甲,Elche CF,Deportivo Alavés,1,1
2026-05-09,西甲,Sevilla FC,RCD Espanyol de Barcelona,2,1
2026-05-09,西甲,Club Atlético de Madrid,RC Celta de Vigo,0,1
2026-05-09,西甲,Real Sociedad de Fútbol,Real Betis Balompié,2,2
2026-05-10,西甲,RCD Mallorca,Villarreal CF,1,1
2026-05-10,西甲,Athletic Club,Valencia CF,0,1
2026-05-10,西甲,Real Oviedo,Getafe CF,0,0
2026-05-10,西甲,FC Barcelona,Real Madrid CF,2,0
2026-05-11,西甲,Rayo Vallecano de Madrid,Girona FC,1,1
2026-05-12,西甲,RC Celta de Vigo,Levante UD,2,3
2026-05-12,西甲,Real Betis Balompié,Elche CF,2,1
2026-05-12,西甲,CA Osasuna,Club Atlético de Madrid,1,2
2026-05-13,西甲,RCD Espanyol de Barcelona,Athletic Club,2,0
2026-05-13,西甲,Villarreal CF,Sevilla FC,2,3
2026-05-13,西甲,Deportivo Alavés,FC Barcelona,1,0
2026-05-13,西甲,Getafe CF,RCD Mallorca,3,1
2026-05-14,西甲,Valencia CF,Rayo Vallecano de Madrid,1,1
2026-05-14,西甲,Girona FC,Real Sociedad de Fútbol,1,1
2026-05-14,西甲,Real Madrid CF,Real Oviedo,2,0
2026-05-17,西甲,Athletic Club,RC Celta de Vigo,1,1
2026-05-17,西甲,Club Atlético de Madrid,Girona FC,1,0
2026-05-17,西甲,Elche CF,Getafe CF,1,0
2026-05-17,西甲,Levante UD,RCD Mallorca,2,0
2026-05-17,西甲,Rayo Vallecano de Madrid,Villarreal CF,2,0
2026-05-17,西甲,Real Sociedad de Fútbol,Valencia CF,3,4
2026-05-17,西甲,Real Oviedo,Deportivo Alavés,0,1
2026-05-17,西甲,CA Osasuna,RCD Espanyol de Barcelona,1,2
2026-05-17,西甲,Sevilla FC,Real Madrid CF,0,1
2026-05-17,西甲,FC Barcelona,Real Betis Balompié,3,1
2026-05-23,西甲,Deportivo Alavés,Rayo Vallecano de Madrid,1,2
2026-05-23,西甲,Real Betis Balompié,Levante UD,2,1
2026-05-23,西甲,RC Celta de Vigo,Sevilla FC,1,0
2026-05-23,西甲,RCD Espanyol de Barcelona,Real Sociedad de Fútbol,1,1
2026-05-23,西甲,Getafe CF,CA Osasuna,1,0
2026-05-23,西甲,RCD Mallorca,Real Oviedo,3,0
2026-05-23,西甲,Real Madrid CF,Athletic Club,4,2
2026-05-23,西甲,Valencia CF,FC Barcelona,3,1
2026-05-23,西甲,Girona FC,Elche CF,1,1
2026-05-24,西甲,Villarreal CF,Club Atlético de Madrid,5,1
