date,league,home,away
2026-08-23,意甲,Atalanta BC,US Sassuolo Calcio
2026-08-23,意甲,Frosinone Calcio,Juventus FC
2026-08-23,意甲,Torino FC,AC Milan
2026-08-23,意甲,Venezia FC,US Lecce
2026-08-23,日职,Nagoya Grampus,Kawasaki Frontale
2026-08-23,日职,Sagan Tosu,Avispa Fukuoka
2026-08-23,日职,Cerezo Osaka,Gamba Osaka
2026-08-23,日职,FC Tokyo,Vissel Kobe
2026-08-23,日职,Shonan Bellmare,Kyoto Sanga
2026-08-23,日职,Kyoto Sanga,FC Tokyo
2026-08-23,日职,Urawa Red Diamonds,Kashima Antlers
2026-08-23,欧冠,Inter Milan,Chelsea FC
2026-08-23,欧冠,Inter Milan,Liverpool FC
2026-08-23,欧冠,Celtic FC,Chelsea FC
2026-08-23,欧冠,RB Leipzig,Juventus FC
2026-08-23,欧冠,PSV Eindhoven,Arsenal FC
2026-08-23,欧冠,Chelsea FC,Inter Milan
2026-08-23,欧冠,Inter Milan,Feyenoord
2026-08-23,法甲,Angers SCO,Lille OSC
2026-08-23,法甲,Le Havre AC,AS Monaco FC
2026-08-23,法甲,Paris Saint-Germain FC,Stade Rennais FC 1901
2026-08-23,英超,Brighton & Hove Albion FC,Aston Villa FC
2026-08-23,英超,Manchester City FC,AFC Bournemouth
2026-08-23,英超,Newcastle United FC,Liverpool FC
2026-08-23,荷甲,Feyenoord,Sparta Rotterdam
2026-08-23,荷甲,Feyenoord,Vitesse Arnhem
2026-08-23,荷甲,Almere City FC,Vitesse Arnhem
2026-08-23,荷甲,Fortuna Sittard,Ajax
2026-08-23,荷甲,Almere City FC,PEC Zwolle
2026-08-23,荷甲,AZ Alkmaar,NEC Nijmegen
2026-08-23,荷甲,PSV Eindhoven,FC Twente
2026-08-23,葡超,Sporting CP,Casa Pia AC
2026-08-23,葡超,Sporting CP,Moreirense FC
2026-08-23,葡超,Portimonense,Moreirense FC
2026-08-23,葡超,Estoril Praia,FC Porto
2026-08-23,葡超,Portimonense,Boavista FC
2026-08-23,葡超,SC Braga,Famalicão
2026-08-23,葡超,SL Benfica,Vitória SC
2026-08-23,西甲,Club Atlético de Madrid,Villarreal CF
2026-08-23,西甲,Elche CF,FC Barcelona
2026-08-23,西甲,Getafe CF,Real Racing Club de Santander
2026-08-23,韩职,Kyoto Sanga,Gimcheon Sangmu
2026-08-23,韩职,Jeonbuk Hyundai Motors,Daegu FC
2026-08-23,韩职,Kyoto Sanga,Ulsan Hyundai
2026-08-23,韩职,Gangwon FC,Incheon United
2026-08-23,韩职,Daegu FC,Ulsan Hyundai
2026-08-23,韩职,Daejeon Hana Citizen,Incheon United
2026-08-23,韩职,Seongnam FC,Busan IPark
2026-08-24,意甲,AS Roma,ACF Fiorentina
2026-08-24,意甲,Bologna FC 1909,SS Lazio
2026-08-24,英超,Fulham FC,Chelsea FC
2026-08-24,西甲,CA Osasuna,Levante UD
2026-08-24,西甲,Málaga CF,RC Deportivo La Coruña
2026-08-25,西甲,Valencia CF,Real Betis Balompié
2026-08-26,西甲,Real Madrid CF,Real Sociedad de Fútbol
2026-08-27,西甲,FC Barcelona,Athletic Club
2026-08-27,西甲,RC Celta de Vigo,CA Osasuna
2026-08-28,德甲,FC Bayern München,VfB Stuttgart
2026-08-28,意甲,AC Milan,Venezia FC
2026-08-28,欧冠,Borussia Dortmund,Paris Saint-Germain FC
2026-08-28,欧冠,FC Barcelona,RB Leipzig
2026-08-28,欧冠,Manchester City FC,Celtic FC
2026-08-28,欧冠,Juventus FC,Inter Milan
2026-08-28,欧冠,Borussia Dortmund,FC Barcelona
2026-08-28,欧冠,Benfica,Manchester City FC
2026-08-28,欧冠,PSV Eindhoven,RB Leipzig
2026-08-28,法甲,Lille OSC,Paris Saint-Germain FC
2026-08-28,英超,Crystal Palace FC,Manchester City FC
2026-08-28,西甲,Deportivo Alavés,Villarreal CF
2026-08-28,西甲,Real Racing Club de Santander,Elche CF
2026-08-29,德甲,1. FC Köln,TSG 1899 Hoffenheim
2026-08-29,德甲,1. FC Union Berlin,Eintracht Frankfurt
2026-08-29,德甲,1. FSV Mainz 05,SC Paderborn 07
2026-08-29,德甲,Borussia Dortmund,Hamburger SV
2026-08-29,德甲,RB Leipzig,Borussia Mönchengladbach
2026-08-29,德甲,SV 07 Elversberg,Bayer 04 Leverkusen
2026-08-29,意甲,AC Monza,Udinese Calcio
2026-08-29,意甲,ACF Fiorentina,Frosinone Calcio
2026-08-29,意甲,Juventus FC,Parma Calcio 1913
2026-08-29,意甲,US Sassuolo Calcio,Torino FC
2026-08-29,法甲,AJ Auxerre,Angers SCO
2026-08-29,法甲,FC Lorient,ES Troyes AC
2026-08-29,法甲,Olympique Lyonnais,Le Havre AC
2026-08-29,法甲,RC Strasbourg Alsace,Racing Club de Lens
2026-08-29,法甲,Stade Brestois 29,Toulouse FC
2026-08-29,英超,AFC Bournemouth,Everton FC
2026-08-29,英超,Coventry City FC,Hull City AFC
2026-08-29,英超,Liverpool FC,Nottingham Forest FC
2026-08-29,英超,Tottenham Hotspur FC,Newcastle United FC
2026-08-29,荷甲,Ajax,Volendam FC
2026-08-29,荷甲,Vitesse Arnhem,NEC Nijmegen
2026-08-29,荷甲,SC Heerenveen,Vitesse Arnhem
2026-08-29,荷甲,FC Twente,Almere City FC
2026-08-29,荷甲,FC Groningen,Fortuna Sittard
2026-08-29,荷甲,Sparta Rotterdam,RKC Waalwijk
2026-08-29,荷甲,AZ Alkmaar,RKC Waalwijk
2026-08-29,葡超,FC Porto,Santa Clara
2026-08-29,葡超,Moreirense FC,Famalicão
2026-08-29,葡超,Estrela da Amadora,Moreirense FC
2026-08-29,葡超,Vitória SC,Portimonense
2026-08-29,葡超,Arouca,Estoril Praia
2026-08-29,葡超,Casa Pia AC,Vizela
2026-08-29,葡超,SC Braga,Vizela
2026-08-29,西甲,Levante UD,Real Betis Balompié
2026-08-29,西甲,Real Sociedad de Fútbol,RCD Espanyol de Barcelona
2026-08-29,西甲,Sevilla FC,Club Atlético de Madrid
2026-08-30,德甲,FC Augsburg,FC Schalke 04
2026-08-30,德甲,SC Freiburg,SV Werder Bremen
2026-08-30,意甲,Cagliari Calcio,FC Internazionale Milano
2026-08-30,意甲,SS Lazio,Genoa CFC
2026-08-30,意甲,SSC Napoli,Como 1907
2026-08-30,法甲,AS Monaco FC,Olympique de Marseille
2026-08-30,法甲,Paris FC,OGC Nice
2026-08-30,法甲,Stade Rennais FC 1901,Le Mans FC
2026-08-30,英超,Chelsea FC,Brighton & Hove Albion FC
2026-08-30,英超,Leeds United FC,Brentford FC
2026-08-30,英超,Manchester United FC,Ipswich Town FC
2026-08-30,英超,Sunderland AFC,Fulham FC
2026-08-30,西甲,RC Celta de Vigo,Athletic Club
2026-08-30,西甲,RC Deportivo La Coruña,Valencia CF
2026-08-30,西甲,Real Madrid CF,Málaga CF
2026-08-31,意甲,Atalanta BC,Bologna FC 1909
2026-08-31,意甲,US Lecce,AS Roma
2026-08-31,英超,Aston Villa FC,Arsenal FC
2026-08-31,西甲,CA Osasuna,Getafe CF
2026-08-31,西甲,FC Barcelona,Rayo Vallecano de Madrid
2026-09-01,日职,Tokyo Verdy,Kyoto Sanga
2026-09-01,日职,Kashima Antlers,Sanfrecce Hiroshima
2026-09-01,日职,Vissel Kobe,Gamba Osaka
2026-09-01,日职,Urawa Red Diamonds,Yokohama F. Marinos
2026-09-01,日职,Cerezo Osaka,FC Tokyo
2026-09-01,日职,Kawasaki Frontale,Sanfrecce Hiroshima
2026-09-01,日职,FC Tokyo,Yokohama F. Marinos
2026-09-02,欧冠,Celtic FC,AC Milan
2026-09-02,欧冠,Chelsea FC,Porto
2026-09-02,欧冠,Liverpool FC,Atlético de Madrid
2026-09-02,欧冠,Inter Milan,AC Milan
2026-09-02,欧冠,Arsenal FC,Inter Milan
2026-09-02,欧冠,Feyenoord,Benfica
2026-09-02,欧冠,AC Milan,PSV Eindhoven
2026-09-02,韩职,Gimcheon Sangmu,Gangwon FC
2026-09-02,韩职,Pohang Steelers,Busan IPark
2026-09-02,韩职,Suwon Samsung Bluewings,Ulsan Hyundai
2026-09-02,韩职,Jeonbuk Hyundai Motors,Jeju United
2026-09-02,韩职,Ulsan Hyundai,Kyoto Sanga
2026-09-02,韩职,Busan IPark,Incheon United
2026-09-02,韩职,Ulsan Hyundai,Pohang Steelers
2026-09-03,法甲,Toulouse FC,Lille OSC
2026-09-03,西甲,Real Sociedad de Fútbol,RC Celta de Vigo
2026-09-04,德甲,VfB Stuttgart,1. FC Köln
2026-09-04,意甲,Genoa CFC,Como 1907
2026-09-04,法甲,Olympique Lyonnais,AJ Auxerre
2026-09-04,法甲,Paris Saint-Germain FC,AS Monaco FC
2026-09-04,英超,Ipswich Town FC,Liverpool FC
2026-09-04,荷甲,Volendam FC,Go Ahead Eagles
2026-09-04,荷甲,RKC Waalwijk,SC Heerenveen
2026-09-04,荷甲,Go Ahead Eagles,Vitesse Arnhem
2026-09-04,荷甲,Heracles Almelo,Volendam FC
2026-09-04,荷甲,Almere City FC,FC Groningen
2026-09-04,荷甲,AZ Alkmaar,Ajax
2026-09-04,荷甲,Heracles Almelo,FC Groningen
2026-09-04,葡超,Santa Clara,Gil Vicente FC
2026-09-04,葡超,Vizela,Estrela da Amadora
2026-09-04,葡超,Gil Vicente FC,Moreirense FC
2026-09-04,葡超,Chaves,Santa Clara
2026-09-04,葡超,Portimonense,Arouca
2026-09-04,葡超,SC Braga,FC Porto
2026-09-04,葡超,Chaves,Arouca
2026-09-04,西甲,Real Betis Balompié,Real Madrid CF
2026-09-05,德甲,Bayer 04 Leverkusen,1. FC Union Berlin
2026-09-05,德甲,Borussia Mönchengladbach,SV 07 Elversberg
2026-09-05,德甲,FC Schalke 04,FC Bayern München
2026-09-05,德甲,SC Paderborn 07,SC Freiburg
2026-09-05,德甲,SV Werder Bremen,RB Leipzig
2026-09-05,德甲,TSG 1899 Hoffenheim,Borussia Dortmund
2026-09-05,意甲,ACF Fiorentina,Torino FC
2026-09-05,意甲,AS Roma,Atalanta BC
2026-09-05,意甲,FC Internazionale Milano,SSC Napoli
2026-09-05,法甲,Le Havre AC,Stade Brestois 29
2026-09-05,法甲,OGC Nice,Le Mans FC
2026-09-05,法甲,Racing Club de Lens,FC Lorient
2026-09-05,英超,Brentford FC,Sunderland AFC
2026-09-05,英超,Brighton & Hove Albion FC,Leeds United FC
2026-09-05,英超,Fulham FC,Crystal Palace FC
2026-09-05,英超,Hull City AFC,Aston Villa FC
2026-09-05,英超,Manchester City FC,Coventry City FC
2026-09-05,英超,Newcastle United FC,AFC Bournemouth
2026-09-05,英超,Nottingham Forest FC,Tottenham Hotspur FC
2026-09-05,西甲,Athletic Club,Club Atlético de Madrid
2026-09-05,西甲,Rayo Vallecano de Madrid,Real Racing Club de Santander
2026-09-05,西甲,Villarreal CF,RC Deportivo La Coruña
2026-09-06,德甲,Eintracht Frankfurt,FC Augsburg
2026-09-06,德甲,Hamburger SV,1. FSV Mainz 05
2026-09-06,意甲,Bologna FC 1909,US Sassuolo Calcio
2026-09-06,意甲,Frosinone Calcio,Venezia FC
2026-09-06,意甲,Juventus FC,AC Milan
2026-09-06,意甲,Parma Calcio 1913,AC Monza
2026-09-06,法甲,Angers SCO,Stade Rennais FC 1901
2026-09-06,法甲,ES Troyes AC,RC Strasbourg Alsace
2026-09-06,法甲,Olympique de Marseille,Paris FC
2026-09-06,英超,Arsenal FC,Chelsea FC
2026-09-06,英超,Everton FC,Manchester United FC
2026-09-06,西甲,Deportivo Alavés,CA Osasuna
2026-09-06,西甲,Málaga CF,Levante UD
2026-09-06,西甲,RCD Espanyol de Barcelona,Sevilla FC
2026-09-06,西甲,Valencia CF,FC Barcelona
2026-09-07,意甲,Cagliari Calcio,US Lecce
2026-09-07,意甲,Udinese Calcio,SS Lazio
2026-09-07,欧冠,Juventus FC,Celtic FC
2026-09-07,欧冠,Borussia Dortmund,Porto
2026-09-07,欧冠,Porto,Atlético de Madrid
2026-09-07,欧冠,Celtic FC,Juventus FC
2026-09-07,欧冠,Real Madrid CF,Feyenoord
2026-09-07,欧冠,Atlético de Madrid,FC Barcelona
2026-09-07,欧冠,Benfica,RB Leipzig
2026-09-07,西甲,Elche CF,Real Sociedad de Fútbol
2026-09-07,西甲,Getafe CF,RC Celta de Vigo
2026-09-10,日职,Nagoya Grampus,Urawa Red Diamonds
2026-09-10,日职,Avispa Fukuoka,Urawa Red Diamonds
2026-09-10,日职,Vissel Kobe,Yokohama F. Marinos
2026-09-10,日职,Tokyo Verdy,Yokohama F. Marinos
2026-09-10,日职,Kyoto Sanga,Sagan Tosu
2026-09-10,日职,Kawasaki Frontale,Nagoya Grampus
2026-09-10,日职,Shonan Bellmare,Cerezo Osaka
2026-09-10,荷甲,Volendam FC,AZ Alkmaar
2026-09-10,荷甲,RKC Waalwijk,Heracles Almelo
2026-09-10,荷甲,RKC Waalwijk,Go Ahead Eagles
2026-09-10,荷甲,Volendam FC,Heracles Almelo
2026-09-10,荷甲,PSV Eindhoven,Ajax
2026-09-10,荷甲,PSV Eindhoven,NEC Nijmegen
2026-09-10,荷甲,RKC Waalwijk,NEC Nijmegen
2026-09-10,葡超,Santa Clara,SC Braga
2026-09-10,葡超,Vizela,Chaves
2026-09-10,葡超,Vizela,Gil Vicente FC
2026-09-10,葡超,Santa Clara,Chaves
2026-09-10,葡超,SL Benfica,FC Porto
2026-09-10,葡超,SL Benfica,Famalicão
2026-09-10,葡超,Vizela,Famalicão
2026-09-11,德甲,1. FC Union Berlin,FC Schalke 04
2026-09-11,意甲,Venezia FC,ACF Fiorentina
2026-09-11,法甲,Stade Rennais FC 1901,Olympique de Marseille
2026-09-12,德甲,1. FC Köln,SV Werder Bremen
2026-09-12,德甲,1. FSV Mainz 05,Eintracht Frankfurt
2026-09-12,德甲,Borussia Dortmund,SC Paderborn 07
2026-09-12,德甲,FC Augsburg,Bayer 04 Leverkusen
2026-09-12,德甲,SC Freiburg,Borussia Mönchengladbach
2026-09-12,德甲,TSG 1899 Hoffenheim,VfB Stuttgart
2026-09-12,意甲,Atalanta BC,Cagliari Calcio
2026-09-12,意甲,Genoa CFC,Frosinone Calcio
2026-09-12,意甲,US Sassuolo Calcio,Juventus FC
2026-09-12,欧冠,Liverpool FC,Borussia Dortmund
2026-09-12,欧冠,Napoli,Liverpool FC
2026-09-12,欧冠,Manchester City FC,Atlético de Madrid
2026-09-12,欧冠,Celtic FC,Atlético de Madrid
2026-09-12,欧冠,Manchester City FC,Chelsea FC
2026-09-12,欧冠,Arsenal FC,Manchester City FC
2026-09-12,欧冠,Inter Milan,Benfica
2026-09-12,法甲,AJ Auxerre,OGC Nice
2026-09-12,法甲,FC Lorient,Toulouse FC
2026-09-12,法甲,Le Havre AC,Angers SCO
2026-09-12,法甲,Paris FC,Olympique Lyonnais
2026-09-12,法甲,RC Strasbourg Alsace,AS Monaco FC
2026-09-12,英超,AFC Bournemouth,Brentford FC
2026-09-12,英超,Aston Villa FC,Nottingham Forest FC
2026-09-12,英超,Chelsea FC,Hull City AFC
2026-09-12,英超,Crystal Palace FC,Ipswich Town FC
2026-09-12,英超,Liverpool FC,Fulham FC
2026-09-12,英超,Sunderland AFC,Arsenal FC
2026-09-12,英超,Tottenham Hotspur FC,Everton FC
2026-09-12,韩职,Incheon United,Busan IPark
2026-09-12,韩职,Gangwon FC,Kyoto Sanga
2026-09-12,韩职,Gangwon FC,Busan IPark
2026-09-12,韩职,Daejeon Hana Citizen,Kyoto Sanga
2026-09-12,韩职,Busan IPark,Suwon Samsung Bluewings
2026-09-12,韩职,Busan IPark,Seongnam FC
2026-09-12,韩职,Daegu FC,Gimcheon Sangmu
2026-09-13,德甲,RB Leipzig,Hamburger SV
2026-09-13,德甲,SV 07 Elversberg,FC Bayern München
2026-09-13,意甲,Como 1907,Parma Calcio 1913
2026-09-13,意甲,SS Lazio,AC Milan
2026-09-13,意甲,SSC Napoli,Bologna FC 1909
2026-09-13,意甲,Torino FC,AS Roma
2026-09-13,意甲,US Lecce,AC Monza
2026-09-13,法甲,Le Mans FC,Racing Club de Lens
2026-09-13,法甲,Lille OSC,ES Troyes AC
2026-09-13,法甲,Stade Brestois 29,Paris Saint-Germain FC
2026-09-13,英超,Coventry City FC,Brighton & Hove Albion FC
2026-09-13,英超,Manchester United FC,Manchester City FC
2026-09-13,西甲,Athletic Club,Elche CF
2026-09-13,西甲,CA Osasuna,RCD Espanyol de Barcelona
2026-09-13,西甲,Getafe CF,RC Deportivo La Coruña
2026-09-13,西甲,Levante UD,FC Barcelona
2026-09-13,西甲,RC Celta de Vigo,Málaga CF
2026-09-13,西甲,Real Madrid CF,Rayo Vallecano de Madrid
2026-09-13,西甲,Real Racing Club de Santander,Deportivo Alavés
2026-09-13,西甲,Real Sociedad de Fútbol,Club Atlético de Madrid
2026-09-13,西甲,Sevilla FC,Valencia CF
2026-09-13,西甲,Villarreal CF,Real Betis Balompié
2026-09-14,意甲,FC Internazionale Milano,Udinese Calcio
2026-09-14,英超,Leeds United FC,Newcastle United FC
2026-09-16,荷甲,Sparta Rotterdam,FC Utrecht
2026-09-16,荷甲,AZ Alkmaar,PSV Eindhoven
2026-09-16,荷甲,RKC Waalwijk,AZ Alkmaar
2026-09-16,荷甲,Go Ahead Eagles,Sparta Rotterdam
2026-09-16,荷甲,PEC Zwolle,Sparta Rotterdam
2026-09-16,荷甲,Go Ahead Eagles,Heracles Almelo
2026-09-16,荷甲,Heracles Almelo,PSV Eindhoven
2026-09-16,葡超,Casa Pia AC,Rio Ave FC
2026-09-16,葡超,SC Braga,SL Benfica
2026-09-16,葡超,Vizela,SC Braga
2026-09-16,葡超,Gil Vicente FC,Casa Pia AC
2026-09-16,葡超,Boavista FC,Casa Pia AC
2026-09-16,葡超,Gil Vicente FC,Chaves
2026-09-16,葡超,Chaves,SL Benfica
2026-09-16,西甲,Club Atlético de Madrid,CA Osasuna
2026-09-16,西甲,Deportivo Alavés,Valencia CF
2026-09-16,西甲,Elche CF,Real Madrid CF
2026-09-16,西甲,FC Barcelona,Real Racing Club de Santander
2026-09-16,西甲,Levante UD,Athletic Club
2026-09-16,西甲,Málaga CF,Villarreal CF
2026-09-16,西甲,RC Deportivo La Coruña,Sevilla FC
2026-09-16,西甲,Rayo Vallecano de Madrid,RCD Espanyol de Barcelona
2026-09-16,西甲,Real Betis Balompié,Getafe CF
2026-09-17,欧冠,Bayern München,FC Barcelona
2026-09-17,欧冠,Porto,Real Madrid CF
2026-09-17,欧冠,Liverpool FC,Porto
2026-09-17,欧冠,FC Barcelona,Celtic FC
2026-09-17,欧冠,Juventus FC,Manchester City FC
2026-09-17,欧冠,Porto,Borussia Dortmund
2026-09-17,欧冠,Atlético de Madrid,Bayern München
2026-09-18,德甲,FC Bayern München,1. FC Union Berlin
2026-09-18,意甲,AC Monza,US Sassuolo Calcio
2026-09-18,英超,Brentford FC,Chelsea FC
2026-09-19,德甲,Borussia Mönchengladbach,1. FSV Mainz 05
2026-09-19,德甲,Eintracht Frankfurt,SC Freiburg
2026-09-19,德甲,Hamburger SV,1. FC Köln
2026-09-19,德甲,SV Werder Bremen,FC Augsburg
2026-09-19,德甲,VfB Stuttgart,Borussia Dortmund
2026-09-19,意甲,AS Roma,FC Internazionale Milano
2026-09-19,意甲,Bologna FC 1909,Torino FC
2026-09-19,意甲,Udinese Calcio,Cagliari Calcio
2026-09-19,意甲,Venezia FC,SS Lazio
2026-09-19,日职,Nagoya Grampus,Kashima Antlers
2026-09-19,日职,Nagoya Grampus,Kyoto Sanga
2026-09-19,日职,Kashima Antlers,Yokohama F. Marinos
2026-09-19,日职,Shonan Bellmare,Kawasaki Frontale
2026-09-19,日职,Sanfrecce Hiroshima,Tokyo Verdy
2026-09-19,日职,Yokohama F. Marinos,Urawa Red Diamonds
2026-09-19,日职,Sagan Tosu,Tokyo Verdy
2026-09-19,法甲,AJ Auxerre,Stade Brestois 29
2026-09-19,法甲,AS Monaco FC,Racing Club de Lens
2026-09-19,法甲,Angers SCO,ES Troyes AC
2026-09-19,法甲,Le Mans FC,FC Lorient
2026-09-19,法甲,OGC Nice,Lille OSC
2026-09-19,法甲,Olympique Lyonnais,Stade Rennais FC 1901
2026-09-19,法甲,Paris FC,RC Strasbourg Alsace
2026-09-19,法甲,Toulouse FC,Le Havre AC
2026-09-19,英超,Brighton & Hove Albion FC,Arsenal FC
2026-09-19,英超,Everton FC,Ipswich Town FC
2026-09-19,英超,Leeds United FC,Crystal Palace FC
2026-09-19,英超,Manchester City FC,Sunderland AFC
2026-09-19,英超,Newcastle United FC,Hull City AFC
2026-09-19,英超,Nottingham Forest FC,Coventry City FC
2026-09-19,英超,Tottenham Hotspur FC,Aston Villa FC
2026-09-20,德甲,Bayer 04 Leverkusen,RB Leipzig
2026-09-20,德甲,FC Schalke 04,SV 07 Elversberg
2026-09-20,德甲,SC Paderborn 07,TSG 1899 Hoffenheim
2026-09-20,意甲,AC Milan,US Lecce
2026-09-20,意甲,ACF Fiorentina,SSC Napoli
2026-09-20,意甲,Frosinone Calcio,Como 1907
2026-09-20,意甲,Juventus FC,Atalanta BC
2026-09-20,意甲,Parma Calcio 1913,Genoa CFC
2026-09-20,法甲,Olympique de Marseille,Paris Saint-Germain FC
2026-09-20,英超,AFC Bournemouth,Liverpool FC
2026-09-20,英超,Fulham FC,Manchester United FC
2026-09-20,西甲,Athletic Club,Deportivo Alavés
2026-09-20,西甲,CA Osasuna,Rayo Vallecano de Madrid
2026-09-20,西甲,Club Atlético de Madrid,Real Madrid CF
2026-09-20,西甲,Getafe CF,Málaga CF
2026-09-20,西甲,RC Celta de Vigo,Real Racing Club de Santander
2026-09-20,西甲,RC Deportivo La Coruña,Real Betis Balompié
2026-09-20,西甲,RCD Espanyol de Barcelona,Elche CF
2026-09-20,西甲,Sevilla FC,FC Barcelona
2026-09-20,西甲,Valencia CF,Real Sociedad de Fútbol
2026-09-20,西甲,Villarreal CF,Levante UD
2026-09-22,欧冠,Feyenoord,Juventus FC
2026-09-22,欧冠,RB Leipzig,Porto
2026-09-22,欧冠,Borussia Dortmund,Chelsea FC
2026-09-22,欧冠,Paris Saint-Germain FC,Inter Milan
2026-09-22,欧冠,Atlético de Madrid,Arsenal FC
2026-09-22,欧冠,Napoli,Manchester City FC
2026-09-22,欧冠,Borussia Dortmund,Bayern München
2026-09-22,荷甲,NEC Nijmegen,Ajax
2026-09-22,荷甲,Vitesse Arnhem,Ajax
2026-09-22,荷甲,FC Groningen,NEC Nijmegen
2026-09-22,荷甲,Volendam FC,PEC Zwolle
2026-09-22,荷甲,NEC Nijmegen,Fortuna Sittard
2026-09-22,荷甲,PSV Eindhoven,Feyenoord
2026-09-22,荷甲,Vitesse Arnhem,Feyenoord
2026-09-22,葡超,Famalicão,FC Porto
2026-09-22,葡超,Moreirense FC,FC Porto
2026-09-22,葡超,Arouca,Famalicão
2026-09-22,葡超,Santa Clara,Boavista FC
2026-09-22,葡超,Famalicão,Estoril Praia
2026-09-22,葡超,SL Benfica,Sporting CP
2026-09-22,葡超,Moreirense FC,Sporting CP
2026-09-22,韩职,FC Seoul,Incheon United
2026-09-22,韩职,Daejeon Hana Citizen,Ulsan Hyundai
2026-09-22,韩职,Pohang Steelers,Kyoto Sanga
2026-09-22,韩职,Suwon Samsung Bluewings,Pohang Steelers
2026-09-22,韩职,Jeonbuk Hyundai Motors,Suwon Samsung Bluewings
2026-09-22,韩职,Kyoto Sanga,Jeju United
2026-09-22,韩职,Kyoto Sanga,Pohang Steelers
2026-09-27,欧冠,Paris Saint-Germain FC,Porto
2026-09-27,欧冠,Paris Saint-Germain FC,RB Leipzig
2026-09-27,欧冠,Real Madrid CF,Benfica
2026-09-27,欧冠,Porto,Arsenal FC
2026-09-27,欧冠,Celtic FC,Inter Milan
2026-09-27,欧冠,Real Madrid CF,Manchester City FC
2026-09-27,欧冠,FC Barcelona,Manchester City FC
2026-09-28,日职,Kawasaki Frontale,Vissel Kobe
2026-09-28,日职,Sanfrecce Hiroshima,Kashima Antlers
2026-09-28,日职,Kawasaki Frontale,Shonan Bellmare
2026-09-28,日职,Tokyo Verdy,Kawasaki Frontale
2026-09-28,日职,Gamba Osaka,Kashima Antlers
2026-09-28,日职,Sagan Tosu,Kashima Antlers
2026-09-28,日职,Shonan Bellmare,Urawa Red Diamonds
2026-09-28,荷甲,Fortuna Sittard,PEC Zwolle
2026-09-28,荷甲,Go Ahead Eagles,AZ Alkmaar
2026-09-28,荷甲,PEC Zwolle,Almere City FC
2026-09-28,荷甲,Heracles Almelo,AZ Alkmaar
2026-09-28,荷甲,Fortuna Sittard,RKC Waalwijk
2026-09-28,荷甲,Sparta Rotterdam,AZ Alkmaar
2026-09-28,荷甲,Heracles Almelo,NEC Nijmegen
2026-09-28,葡超,Estoril Praia,Boavista FC
2026-09-28,葡超,Gil Vicente FC,SC Braga
2026-09-28,葡超,Boavista FC,Portimonense
2026-09-28,葡超,Chaves,SC Braga
2026-09-28,葡超,Estoril Praia,Vizela
2026-09-28,葡超,Casa Pia AC,SC Braga
2026-09-28,葡超,Chaves,Famalicão
2026-10-02,欧冠,Benfica,PSV Eindhoven
2026-10-02,欧冠,Juventus FC,Paris Saint-Germain FC
2026-10-02,欧冠,Atlético de Madrid,Manchester City FC
2026-10-02,欧冠,Juventus FC,Arsenal FC
2026-10-02,欧冠,AC Milan,Atlético de Madrid
2026-10-02,欧冠,Inter Milan,Arsenal FC
2026-10-02,欧冠,RB Leipzig,Liverpool FC
2026-10-02,韩职,Pohang Steelers,Suwon Samsung Bluewings
2026-10-02,韩职,Kyoto Sanga,Daejeon Hana Citizen
2026-10-02,韩职,Gangwon FC,Daejeon Hana Citizen
2026-10-02,韩职,Jeonbuk Hyundai Motors,Busan IPark
2026-10-02,韩职,Jeju United,Pohang Steelers
2026-10-02,韩职,Pohang Steelers,Jeju United
2026-10-02,韩职,Jeju United,FC Seoul
2026-10-04,荷甲,Vitesse Arnhem,Heracles Almelo
2026-10-04,荷甲,AZ Alkmaar,Vitesse Arnhem
2026-10-04,荷甲,Volendam FC,Almere City FC
2026-10-04,荷甲,SC Heerenveen,Feyenoord
2026-10-04,荷甲,Almere City FC,Heracles Almelo
2026-10-04,荷甲,PSV Eindhoven,Go Ahead Eagles
2026-10-04,荷甲,Go Ahead Eagles,FC Twente
2026-10-04,葡超,Moreirense FC,Chaves
2026-10-04,葡超,SC Braga,Moreirense FC
2026-10-04,葡超,Santa Clara,Portimonense
2026-10-04,葡超,Estrela da Amadora,Sporting CP
2026-10-04,葡超,Portimonense,Chaves
2026-10-04,葡超,SL Benfica,Gil Vicente FC
2026-10-04,葡超,Gil Vicente FC,Vitória SC
2026-10-07,日职,Kashima Antlers,Sagan Tosu
2026-10-07,日职,Sagan Tosu,Shonan Bellmare
2026-10-07,日职,FC Tokyo,Tokyo Verdy
2026-10-07,日职,Sanfrecce Hiroshima,Vissel Kobe
2026-10-07,日职,FC Tokyo,Gamba Osaka
2026-10-07,日职,Urawa Red Diamonds,Nagoya Grampus
2026-10-07,日职,Sagan Tosu,FC Tokyo
2026-10-07,欧冠,PSV Eindhoven,Feyenoord
2026-10-07,欧冠,Benfica,Inter Milan
2026-10-07,欧冠,Chelsea FC,Bayern München
2026-10-07,欧冠,Bayern München,AC Milan
2026-10-07,欧冠,Real Madrid CF,Inter Milan
2026-10-07,欧冠,Porto,FC Barcelona
2026-10-07,欧冠,Feyenoord,AC Milan
2026-10-10,德甲,1. FC Köln,Borussia Mönchengladbach
2026-10-10,德甲,1. FC Union Berlin,SV 07 Elversberg
2026-10-10,德甲,1. FSV Mainz 05,Bayer 04 Leverkusen
2026-10-10,德甲,Borussia Dortmund,SV Werder Bremen
2026-10-10,德甲,FC Augsburg,FC Bayern München
2026-10-10,德甲,RB Leipzig,Eintracht Frankfurt
2026-10-10,德甲,SC Freiburg,FC Schalke 04
2026-10-10,德甲,SC Paderborn 07,VfB Stuttgart
2026-10-10,德甲,TSG 1899 Hoffenheim,Hamburger SV
2026-10-10,法甲,AS Monaco FC,Toulouse FC
2026-10-10,法甲,ES Troyes AC,Olympique de Marseille
2026-10-10,法甲,FC Lorient,Paris FC
2026-10-10,法甲,Lille OSC,Le Havre AC
2026-10-10,法甲,OGC Nice,RC Strasbourg Alsace
2026-10-10,法甲,Paris Saint-Germain FC,Le Mans FC
2026-10-10,法甲,Racing Club de Lens,Olympique Lyonnais
2026-10-10,法甲,Stade Brestois 29,Angers SCO
2026-10-10,法甲,Stade Rennais FC 1901,AJ Auxerre
2026-10-10,英超,Arsenal FC,Leeds United FC
2026-10-10,英超,Aston Villa FC,Brentford FC
2026-10-10,英超,Chelsea FC,AFC Bournemouth
2026-10-10,英超,Ipswich Town FC,Fulham FC
2026-10-10,英超,Manchester United FC,Tottenham Hotspur FC
2026-10-10,英超,Sunderland AFC,Brighton & Hove Albion FC
2026-10-10,荷甲,Ajax,SC Heerenveen
2026-10-10,荷甲,PEC Zwolle,Fortuna Sittard
2026-10-10,荷甲,PEC Zwolle,FC Groningen
2026-10-10,荷甲,NEC Nijmegen,AZ Alkmaar
2026-10-10,荷甲,FC Utrecht,SC Heerenveen
2026-10-10,荷甲,Feyenoord,FC Groningen
2026-10-10,荷甲,Ajax,FC Twente
2026-10-10,葡超,FC Porto,Estrela da Amadora
2026-10-10,葡超,Boavista FC,Estoril Praia
2026-10-10,葡超,Boavista FC,Arouca
2026-10-10,葡超,Famalicão,SC Braga
2026-10-10,葡超,Rio Ave FC,Estrela da Amadora
2026-10-10,葡超,Sporting CP,Arouca
2026-10-10,葡超,FC Porto,Vitória SC
2026-10-11,意甲,Atalanta BC,Venezia FC
2026-10-11,意甲,Cagliari Calcio,Juventus FC
2026-10-11,意甲,Como 1907,AS Roma
2026-10-11,意甲,FC Internazionale Milano,Parma Calcio 1913
2026-10-11,意甲,Genoa CFC,ACF Fiorentina
2026-10-11,意甲,SS Lazio,AC Monza
2026-10-11,意甲,SSC Napoli,Frosinone Calcio
2026-10-11,意甲,Torino FC,Udinese Calcio
2026-10-11,意甲,US Lecce,Bologna FC 1909
2026-10-11,意甲,US Sassuolo Calcio,AC Milan
2026-10-11,英超,Crystal Palace FC,Nottingham Forest FC
2026-10-11,英超,Hull City AFC,Everton FC
2026-10-11,英超,Liverpool FC,Manchester City FC
2026-10-11,西甲,Deportivo Alavés,Club Atlético de Madrid
2026-10-11,西甲,Elche CF,RC Celta de Vigo
2026-10-11,西甲,FC Barcelona,Getafe CF
2026-10-11,西甲,Levante UD,Sevilla FC
2026-10-11,西甲,Málaga CF,RCD Espanyol de Barcelona
2026-10-11,西甲,Rayo Vallecano de Madrid,Athletic Club
2026-10-11,西甲,Real Betis Balompié,CA Osasuna
2026-10-11,西甲,Real Madrid CF,Villarreal CF
2026-10-11,西甲,Real Racing Club de Santander,Valencia CF
2026-10-11,西甲,Real Sociedad de Fútbol,RC Deportivo La Coruña
2026-10-12,欧冠,Borussia Dortmund,Inter Milan
2026-10-12,欧冠,Porto,RB Leipzig
2026-10-12,欧冠,FC Barcelona,Porto
2026-10-12,欧冠,Porto,Manchester City FC
2026-10-12,欧冠,Celtic FC,Arsenal FC
2026-10-12,欧冠,Bayern München,Manchester City FC
2026-10-12,欧冠,PSV Eindhoven,AC Milan
2026-10-12,英超,Coventry City FC,Newcastle United FC
2026-10-12,韩职,Busan IPark,Daegu FC
2026-10-12,韩职,Gimcheon Sangmu,Jeju United
2026-10-12,韩职,FC Seoul,Gangwon FC
2026-10-12,韩职,Busan IPark,Jeju United
2026-10-12,韩职,Kyoto Sanga,Busan IPark
2026-10-12,韩职,Ulsan Hyundai,Jeonbuk Hyundai Motors
2026-10-12,韩职,Incheon United,Suwon Samsung Bluewings
2026-10-16,日职,Gamba Osaka,Yokohama F. Marinos
2026-10-16,日职,Yokohama F. Marinos,FC Tokyo
2026-10-16,日职,Kawasaki Frontale,FC Tokyo
2026-10-16,日职,Nagoya Grampus,FC Tokyo
2026-10-16,日职,Kawasaki Frontale,Kyoto Sanga
2026-10-16,日职,Urawa Red Diamonds,Kyoto Sanga
2026-10-16,日职,Cerezo Osaka,Nagoya Grampus
2026-10-16,荷甲,Ajax,FC Groningen
2026-10-16,荷甲,RKC Waalwijk,PEC Zwolle
2026-10-16,荷甲,FC Utrecht,Go Ahead Eagles
2026-10-16,荷甲,FC Twente,NEC Nijmegen
2026-10-16,荷甲,FC Groningen,AZ Alkmaar
2026-10-16,荷甲,Volendam FC,Vitesse Arnhem
2026-10-16,荷甲,NEC Nijmegen,Heracles Almelo
2026-10-16,葡超,FC Porto,Arouca
2026-10-16,葡超,Vizela,Boavista FC
2026-10-16,葡超,Rio Ave FC,Gil Vicente FC
2026-10-16,葡超,Vitória SC,Famalicão
2026-10-16,葡超,Arouca,SC Braga
2026-10-16,葡超,Santa Clara,Moreirense FC
2026-10-16,葡超,Famalicão,Chaves
2026-10-17,德甲,1. FC Union Berlin,Borussia Dortmund
2026-10-17,德甲,Bayer 04 Leverkusen,SC Freiburg
2026-10-17,德甲,Borussia Mönchengladbach,TSG 1899 Hoffenheim
2026-10-17,德甲,Eintracht Frankfurt,1. FC Köln
2026-10-17,德甲,FC Bayern München,RB Leipzig
2026-10-17,德甲,FC Schalke 04,1. FSV Mainz 05
2026-10-17,德甲,Hamburger SV,VfB Stuttgart
2026-10-17,德甲,SV 07 Elversberg,FC Augsburg
2026-10-17,德甲,SV Werder Bremen,SC Paderborn 07
2026-10-17,欧冠,Manchester City FC,Inter Milan
2026-10-17,欧冠,Atlético de Madrid,Celtic FC
2026-10-17,欧冠,Manchester City FC,Liverpool FC
2026-10-17,欧冠,Inter Milan,Bayern München
2026-10-17,欧冠,Chelsea FC,Arsenal FC
2026-10-17,欧冠,Celtic FC,Real Madrid CF
2026-10-17,欧冠,Chelsea FC,Borussia Dortmund
2026-10-17,法甲,Angers SCO,Olympique de Marseille
2026-10-17,法甲,ES Troyes AC,Racing Club de Lens
2026-10-17,法甲,FC Lorient,AS Monaco FC
2026-10-17,法甲,Le Havre AC,AJ Auxerre
2026-10-17,法甲,Le Mans FC,Toulouse FC
2026-10-17,法甲,Lille OSC,Stade Brestois 29
2026-10-17,法甲,Olympique Lyonnais,OGC Nice
2026-10-17,法甲,Paris FC,Stade Rennais FC 1901
2026-10-17,法甲,RC Strasbourg Alsace,Paris Saint-Germain FC
2026-10-17,英超,Brentford FC,Liverpool FC
2026-10-17,英超,Everton FC,Chelsea FC
2026-10-17,英超,Fulham FC,Hull City AFC
2026-10-17,英超,Manchester City FC,Ipswich Town FC
2026-10-17,英超,Newcastle United FC,Aston Villa FC
2026-10-18,意甲,AC Milan,Atalanta BC
2026-10-18,意甲,AC Monza,Cagliari Calcio
2026-10-18,意甲,ACF Fiorentina,Como 1907
2026-10-18,意甲,AS Roma,Genoa CFC
2026-10-18,意甲,Bologna FC 1909,FC Internazionale Milano
2026-10-18,意甲,Frosinone Calcio,US Sassuolo Calcio
2026-10-18,意甲,Juventus FC,SS Lazio
2026-10-18,意甲,Parma Calcio 1913,Torino FC
2026-10-18,意甲,Udinese Calcio,US Lecce
2026-10-18,意甲,Venezia FC,SSC Napoli
2026-10-18,英超,AFC Bournemouth,Sunderland AFC
2026-10-18,英超,Brighton & Hove Albion FC,Crystal Palace FC
2026-10-18,英超,Leeds United FC,Manchester United FC
2026-10-18,英超,Nottingham Forest FC,Arsenal FC
2026-10-18,西甲,CA Osasuna,Real Racing Club de Santander
2026-10-18,西甲,Getafe CF,Rayo Vallecano de Madrid
2026-10-18,西甲,Málaga CF,Real Sociedad de Fútbol
2026-10-18,西甲,RC Celta de Vigo,Deportivo Alavés
2026-10-18,西甲,RC Deportivo La Coruña,Levante UD
2026-10-18,西甲,RCD Espanyol de Barcelona,Club Atlético de Madrid
2026-10-18,西甲,Real Betis Balompié,FC Barcelona
2026-10-18,西甲,Real Madrid CF,Sevilla FC
2026-10-18,西甲,Valencia CF,Athletic Club
2026-10-18,西甲,Villarreal CF,Elche CF
2026-10-19,英超,Tottenham Hotspur FC,Coventry City FC
2026-10-22,欧冠,Atlético de Madrid,Real Madrid CF
2026-10-22,欧冠,Manchester City FC,RB Leipzig
2026-10-22,欧冠,Bayern München,Chelsea FC
2026-10-22,欧冠,Bayern München,Napoli
2026-10-22,欧冠,Liverpool FC,Napoli
2026-10-22,欧冠,Atlético de Madrid,Feyenoord
2026-10-22,欧冠,Benfica,Bayern München
2026-10-22,荷甲,FC Twente,FC Utrecht
2026-10-22,荷甲,Vitesse Arnhem,Fortuna Sittard
2026-10-22,荷甲,Ajax,RKC Waalwijk
2026-10-22,荷甲,Volendam FC,PSV Eindhoven
2026-10-22,荷甲,Heracles Almelo,Almere City FC
2026-10-22,荷甲,PSV Eindhoven,Vitesse Arnhem
2026-10-22,荷甲,FC Twente,Fortuna Sittard
2026-10-22,葡超,Vitória SC,Rio Ave FC
2026-10-22,葡超,Moreirense FC,Estoril Praia
2026-10-22,葡超,FC Porto,Vizela
2026-10-22,葡超,Santa Clara,SL Benfica
2026-10-22,葡超,Chaves,Portimonense
2026-10-22,葡超,SL Benfica,Moreirense FC
2026-10-22,葡超,Vitória SC,Estoril Praia
2026-10-22,韩职,Ulsan Hyundai,Gimcheon Sangmu
2026-10-22,韩职,Seongnam FC,Pohang Steelers
2026-10-22,韩职,Suwon Samsung Bluewings,Daegu FC
2026-10-22,韩职,Gangwon FC,Gimcheon Sangmu
2026-10-22,韩职,Incheon United,Daegu FC
2026-10-22,韩职,Kyoto Sanga,Daegu FC
2026-10-22,韩职,Seongnam FC,Incheon United
2026-10-23,英超,Ipswich Town FC,Nottingham Forest FC
2026-10-24,德甲,1. FC Köln,FC Schalke 04
2026-10-24,德甲,1. FSV Mainz 05,SV Werder Bremen
2026-10-24,德甲,Borussia Dortmund,Eintracht Frankfurt
2026-10-24,德甲,FC Augsburg,1. FC Union Berlin
2026-10-24,德甲,RB Leipzig,SV 07 Elversberg
2026-10-24,德甲,SC Freiburg,FC Bayern München
2026-10-24,德甲,SC Paderborn 07,Hamburger SV
2026-10-24,德甲,TSG 1899 Hoffenheim,Bayer 04 Leverkusen
2026-10-24,德甲,VfB Stuttgart,Borussia Mönchengladbach
2026-10-24,法甲,AJ Auxerre,Le Mans FC
2026-10-24,法甲,AS Monaco FC,Lille OSC
2026-10-24,法甲,Angers SCO,FC Lorient
2026-10-24,法甲,Olympique de Marseille,Le Havre AC
2026-10-24,法甲,Racing Club de Lens,Paris FC
2026-10-24,法甲,Stade Brestois 29,OGC Nice
2026-10-24,法甲,Stade Rennais FC 1901,RC Strasbourg Alsace
2026-10-24,法甲,Toulouse FC,ES Troyes AC
2026-10-24,英超,Arsenal FC,Everton FC
2026-10-24,英超,Aston Villa FC,Manchester City FC
2026-10-24,英超,Chelsea FC,Tottenham Hotspur FC
2026-10-24,英超,Coventry City FC,Fulham FC
2026-10-24,英超,Liverpool FC,Brighton & Hove Albion FC
2026-10-25,意甲,Atalanta BC,Frosinone Calcio
2026-10-25,意甲,Cagliari Calcio,Bologna FC 1909
2026-10-25,意甲,Como 1907,US Sassuolo Calcio
2026-10-25,意甲,FC Internazionale Milano,ACF Fiorentina
2026-10-25,意甲,Genoa CFC,Venezia FC
2026-10-25,意甲,SS Lazio,Parma Calcio 1913
2026-10-25,意甲,SSC Napoli,AS Roma
2026-10-25,意甲,Torino FC,AC Monza
2026-10-25,意甲,US Lecce,Juventus FC
2026-10-25,意甲,Udinese Calcio,AC Milan
2026-10-25,日职,Vissel Kobe,Cerezo Osaka
2026-10-25,日职,Avispa Fukuoka,Gamba Osaka
2026-10-25,日职,Cerezo Osaka,Vissel Kobe
2026-10-25,日职,Cerezo Osaka,Shonan Bellmare
2026-10-25,日职,Gamba Osaka,Sagan Tosu
2026-10-25,日职,Yokohama F. Marinos,Sanfrecce Hiroshima
2026-10-25,日职,Kyoto Sanga,Tokyo Verdy
2026-10-25,法甲,Paris Saint-Germain FC,Olympique Lyonnais
2026-10-25,英超,Crystal Palace FC,Newcastle United FC
2026-10-25,英超,Hull City AFC,Brentford FC
2026-10-25,英超,Manchester United FC,AFC Bournemouth
2026-10-25,英超,Sunderland AFC,Leeds United FC
2026-10-25,西甲,Athletic Club,Getafe CF
2026-10-25,西甲,Club Atlético de Madrid,RC Deportivo La Coruña
2026-10-25,西甲,Deportivo Alavés,Málaga CF
2026-10-25,西甲,FC Barcelona,Real Madrid CF
2026-10-25,西甲,RC Celta de Vigo,Real Betis Balompié
2026-10-25,西甲,Rayo Vallecano de Madrid,Elche CF
2026-10-25,西甲,Real Racing Club de Santander,RCD Espanyol de Barcelona
2026-10-25,西甲,Real Sociedad de Fútbol,Levante UD
2026-10-25,西甲,Sevilla FC,CA Osasuna
2026-10-25,西甲,Valencia CF,Villarreal CF
2026-10-27,欧冠,RB Leipzig,Napoli
2026-10-27,欧冠,Chelsea FC,Liverpool FC
2026-10-27,欧冠,Juventus FC,RB Leipzig
2026-10-27,欧冠,Napoli,Benfica
2026-10-27,欧冠,Paris Saint-Germain FC,Napoli
2026-10-27,欧冠,Bayern München,Real Madrid CF
2026-10-27,欧冠,Paris Saint-Germain FC,Arsenal FC
2026-10-28,意甲,AC Milan,Bologna FC 1909
2026-10-28,意甲,AC Monza,SSC Napoli
2026-10-28,意甲,ACF Fiorentina,Atalanta BC
2026-10-28,意甲,AS Roma,Cagliari Calcio
2026-10-28,意甲,Frosinone Calcio,US Lecce
2026-10-28,意甲,Genoa CFC,Juventus FC
2026-10-28,意甲,Parma Calcio 1913,Udinese Calcio
2026-10-28,意甲,Torino FC,Como 1907
2026-10-28,意甲,US Sassuolo Calcio,SS Lazio
2026-10-28,意甲,Venezia FC,FC Internazionale Milano
2026-10-28,荷甲,NEC Nijmegen,FC Groningen
2026-10-28,荷甲,FC Utrecht,AZ Alkmaar
2026-10-28,荷甲,FC Twente,Ajax
2026-10-28,荷甲,Fortuna Sittard,Sparta Rotterdam
2026-10-28,荷甲,FC Utrecht,Ajax
2026-10-28,荷甲,Fortuna Sittard,FC Utrecht
2026-10-28,荷甲,Sparta Rotterdam,PEC Zwolle
2026-10-28,葡超,Famalicão,Arouca
2026-10-28,葡超,Rio Ave FC,SC Braga
2026-10-28,葡超,Vitória SC,FC Porto
2026-10-28,葡超,Estoril Praia,Casa Pia AC
2026-10-28,葡超,Rio Ave FC,FC Porto
2026-10-28,葡超,Estoril Praia,Rio Ave FC
2026-10-28,葡超,Casa Pia AC,Boavista FC
2026-10-31,德甲,1. FC Union Berlin,1. FC Köln
2026-10-31,德甲,Bayer 04 Leverkusen,VfB Stuttgart
2026-10-31,德甲,Borussia Mönchengladbach,SC Paderborn 07
2026-10-31,德甲,Eintracht Frankfurt,Hamburger SV
2026-10-31,德甲,FC Augsburg,SC Freiburg
2026-10-31,德甲,FC Bayern München,Borussia Dortmund
2026-10-31,德甲,FC Schalke 04,RB Leipzig
2026-10-31,德甲,SV 07 Elversberg,1. FSV Mainz 05
2026-10-31,德甲,SV Werder Bremen,TSG 1899 Hoffenheim
2026-10-31,法甲,ES Troyes AC,Le Mans FC
2026-10-31,法甲,FC Lorient,Stade Brestois 29
2026-10-31,法甲,Le Havre AC,Paris Saint-Germain FC
2026-10-31,法甲,Lille OSC,Racing Club de Lens
2026-10-31,法甲,OGC Nice,Stade Rennais FC 1901
2026-10-31,法甲,Olympique Lyonnais,Angers SCO
2026-10-31,法甲,Olympique de Marseille,Toulouse FC
2026-10-31,法甲,Paris FC,AS Monaco FC
2026-10-31,法甲,RC Strasbourg Alsace,AJ Auxerre
2026-10-31,英超,AFC Bournemouth,Leeds United FC
2026-10-31,英超,Brentford FC,Nottingham Forest FC
2026-10-31,英超,Chelsea FC,Manchester United FC
2026-10-31,英超,Coventry City FC,Sunderland AFC
2026-10-31,英超,Hull City AFC,Ipswich Town FC
2026-10-31,英超,Manchester City FC,Brighton & Hove Albion FC
2026-10-31,英超,Tottenham Hotspur FC,Crystal Palace FC
2026-11-01,意甲,AC Milan,FC Internazionale Milano
2026-11-01,意甲,Atalanta BC,Parma Calcio 1913
2026-11-01,意甲,Bologna FC 1909,AC Monza
2026-11-01,意甲,Como 1907,Venezia FC
2026-11-01,意甲,Frosinone Calcio,Torino FC
2026-11-01,意甲,Juventus FC,SSC Napoli
2026-11-01,意甲,SS Lazio,Cagliari Calcio
2026-11-01,意甲,US Lecce,Genoa CFC
2026-11-01,意甲,US Sassuolo Calcio,ACF Fiorentina
2026-11-01,意甲,Udinese Calcio,AS Roma
2026-11-01,欧冠,Napoli,Juventus FC
2026-11-01,欧冠,Celtic FC,Borussia Dortmund
2026-11-01,欧冠,RB Leipzig,PSV Eindhoven
2026-11-01,欧冠,Porto,Chelsea FC
2026-11-01,欧冠,Celtic FC,Feyenoord
2026-11-01,欧冠,AC Milan,Paris Saint-Germain FC
2026-11-01,欧冠,Manchester City FC,Benfica
2026-11-01,英超,Aston Villa FC,Fulham FC
2026-11-01,英超,Liverpool FC,Arsenal FC
2026-11-01,西甲,Athletic Club,Real Sociedad de Fútbol
2026-11-01,西甲,Elche CF,Valencia CF
2026-11-01,西甲,FC Barcelona,Deportivo Alavés
2026-11-01,西甲,Getafe CF,Sevilla FC
2026-11-01,西甲,Levante UD,Club Atlético de Madrid
2026-11-01,西甲,RC Deportivo La Coruña,CA Osasuna
2026-11-01,西甲,Rayo Vallecano de Madrid,RC Celta de Vigo
2026-11-01,西甲,Real Betis Balompié,Málaga CF
2026-11-01,西甲,Real Racing Club de Santander,Real Madrid CF
2026-11-01,西甲,Villarreal CF,RCD Espanyol de Barcelona
2026-11-01,韩职,Jeonbuk Hyundai Motors,Kyoto Sanga
2026-11-01,韩职,Suwon Samsung Bluewings,Jeju United
2026-11-01,韩职,Suwon Samsung Bluewings,Jeonbuk Hyundai Motors
2026-11-01,韩职,Gangwon FC,Suwon Samsung Bluewings
2026-11-01,韩职,Incheon United,Daejeon Hana Citizen
2026-11-01,韩职,FC Seoul,Daegu FC
2026-11-01,韩职,Jeju United,Busan IPark
2026-11-02,英超,Newcastle United FC,Everton FC
2026-11-03,日职,Kashima Antlers,Kyoto Sanga
2026-11-03,日职,Vissel Kobe,FC Tokyo
2026-11-03,日职,Yokohama F. Marinos,Kawasaki Frontale
2026-11-03,日职,Tokyo Verdy,Cerezo Osaka
2026-11-03,日职,Yokohama F. Marinos,Nagoya Grampus
2026-11-03,日职,Gamba Osaka,Cerezo Osaka
2026-11-03,日职,Avispa Fukuoka,Vissel Kobe
2026-11-03,荷甲,NEC Nijmegen,FC Utrecht
2026-11-03,荷甲,Volendam FC,FC Utrecht
2026-11-03,荷甲,RKC Waalwijk,Almere City FC
2026-11-03,荷甲,Go Ahead Eagles,Volendam FC
2026-11-03,荷甲,PEC Zwolle,FC Utrecht
2026-11-03,荷甲,Go Ahead Eagles,RKC Waalwijk
2026-11-03,荷甲,AZ Alkmaar,Volendam FC
2026-11-03,葡超,Famalicão,Rio Ave FC
2026-11-03,葡超,Santa Clara,Rio Ave FC
2026-11-03,葡超,Vizela,Portimonense
2026-11-03,葡超,Gil Vicente FC,Santa Clara
2026-11-03,葡超,Boavista FC,Rio Ave FC
2026-11-03,葡超,Gil Vicente FC,Vizela
2026-11-03,葡超,SC Braga,Santa Clara
2026-11-06,欧冠,Inter Milan,Real Madrid CF
2026-11-06,欧冠,Bayern München,RB Leipzig
2026-11-06,欧冠,PSV Eindhoven,FC Barcelona
2026-11-06,欧冠,Atlético de Madrid,RB Leipzig
2026-11-06,欧冠,Real Madrid CF,Bayern München
2026-11-06,欧冠,Celtic FC,PSV Eindhoven
2026-11-06,欧冠,Borussia Dortmund,Atlético de Madrid
2026-11-07,德甲,1. FC Köln,Bayer 04 Leverkusen
2026-11-07,德甲,1. FSV Mainz 05,FC Bayern München
2026-11-07,德甲,Borussia Dortmund,SV 07 Elversberg
2026-11-07,德甲,Hamburger SV,Borussia Mönchengladbach
2026-11-07,德甲,RB Leipzig,FC Augsburg
2026-11-07,德甲,SC Freiburg,1. FC Union Berlin
2026-11-07,德甲,SC Paderborn 07,Eintracht Frankfurt
2026-11-07,德甲,TSG 1899 Hoffenheim,FC Schalke 04
2026-11-07,德甲,VfB Stuttgart,SV Werder Bremen
2026-11-07,法甲,AJ Auxerre,Paris FC
2026-11-07,法甲,Angers SCO,OGC Nice
2026-11-07,法甲,Le Havre AC,FC Lorient
2026-11-07,法甲,Le Mans FC,AS Monaco FC
2026-11-07,法甲,Paris Saint-Germain FC,ES Troyes AC
2026-11-07,法甲,Racing Club de Lens,Olympique de Marseille
2026-11-07,法甲,Stade Brestois 29,Olympique Lyonnais
2026-11-07,法甲,Stade Rennais FC 1901,Lille OSC
2026-11-07,法甲,Toulouse FC,RC Strasbourg Alsace
2026-11-07,英超,Arsenal FC,Hull City AFC
2026-11-07,英超,Brighton & Hove Albion FC,Brentford FC
2026-11-07,英超,Crystal Palace FC,Liverpool FC
2026-11-07,英超,Everton FC,Coventry City FC
2026-11-07,英超,Fulham FC,Newcastle United FC
2026-11-07,英超,Ipswich Town FC,AFC Bournemouth
2026-11-07,英超,Leeds United FC,Tottenham Hotspur FC
2026-11-07,英超,Manchester United FC,Aston Villa FC
2026-11-07,英超,Nottingham Forest FC,Manchester City FC
2026-11-07,英超,Sunderland AFC,Chelsea FC
2026-11-08,意甲,AC Monza,Atalanta BC
2026-11-08,意甲,ACF Fiorentina,Juventus FC
2026-11-08,意甲,AS Roma,US Sassuolo Calcio
2026-11-08,意甲,Cagliari Calcio,Frosinone Calcio
2026-11-08,意甲,FC Internazionale Milano,Como 1907
2026-11-08,意甲,Genoa CFC,AC Milan
2026-11-08,意甲,Parma Calcio 1913,Bologna FC 1909
2026-11-08,意甲,SSC Napoli,SS Lazio
2026-11-08,意甲,Torino FC,US Lecce
2026-11-08,意甲,Venezia FC,Udinese Calcio
2026-11-08,西甲,CA Osasuna,Athletic Club
2026-11-08,西甲,Club Atlético de Madrid,FC Barcelona
2026-11-08,西甲,Elche CF,Real Betis Balompié
2026-11-08,西甲,Málaga CF,Real Racing Club de Santander
2026-11-08,西甲,RC Celta de Vigo,Levante UD
2026-11-08,西甲,RCD Espanyol de Barcelona,RC Deportivo La Coruña
2026-11-08,西甲,Real Sociedad de Fútbol,Rayo Vallecano de Madrid
2026-11-08,西甲,Sevilla FC,Deportivo Alavés
2026-11-08,西甲,Valencia CF,Real Madrid CF
2026-11-08,西甲,Villarreal CF,Getafe CF
2026-11-09,荷甲,NEC Nijmegen,FC Twente
2026-11-09,荷甲,RKC Waalwijk,Ajax
2026-11-09,荷甲,SC Heerenveen,Almere City FC
2026-11-09,荷甲,Volendam FC,RKC Waalwijk
2026-11-09,荷甲,Feyenoord,AZ Alkmaar
2026-11-09,荷甲,Fortuna Sittard,Vitesse Arnhem
2026-11-09,荷甲,PEC Zwolle,RKC Waalwijk
2026-11-09,葡超,Famalicão,Vitória SC
2026-11-09,葡超,Vizela,FC Porto
2026-11-09,葡超,Estrela da Amadora,Portimonense
2026-11-09,葡超,Santa Clara,Vizela
2026-11-09,葡超,Sporting CP,SC Braga
2026-11-09,葡超,Estoril Praia,Moreirense FC
2026-11-09,葡超,Boavista FC,Vizela
2026-11-11,欧冠,Bayern München,Liverpool FC
2026-11-11,欧冠,Celtic FC,Liverpool FC
2026-11-11,欧冠,Bayern München,Arsenal FC
2026-11-11,欧冠,Borussia Dortmund,AC Milan
2026-11-11,欧冠,Paris Saint-Germain FC,Real Madrid CF
2026-11-11,欧冠,AC Milan,Feyenoord
2026-11-11,欧冠,RB Leipzig,Real Madrid CF
2026-11-11,韩职,Busan IPark,Kyoto Sanga
2026-11-11,韩职,Daegu FC,Busan IPark
2026-11-11,韩职,Pohang Steelers,Ulsan Hyundai
2026-11-11,韩职,Gangwon FC,Jeju United
2026-11-11,韩职,FC Seoul,Ulsan Hyundai
2026-11-11,韩职,Busan IPark,Daejeon Hana Citizen
2026-11-11,韩职,Jeonbuk Hyundai Motors,Incheon United
2026-11-12,日职,Urawa Red Diamonds,Sanfrecce Hiroshima
2026-11-12,日职,Gamba Osaka,Tokyo Verdy
2026-11-12,日职,Sanfrecce Hiroshima,FC Tokyo
2026-11-12,日职,Kyoto Sanga,Urawa Red Diamonds
2026-11-12,日职,Kashima Antlers,Avispa Fukuoka
2026-11-12,日职,Kawasaki Frontale,Cerezo Osaka
2026-11-12,日职,Shonan Bellmare,FC Tokyo
2026-11-15,荷甲,NEC Nijmegen,Go Ahead Eagles
2026-11-15,荷甲,Heracles Almelo,Feyenoord
2026-11-15,荷甲,Fortuna Sittard,PSV Eindhoven
2026-11-15,荷甲,Go Ahead Eagles,PEC Zwolle
2026-11-15,荷甲,Almere City FC,Feyenoord
2026-11-15,荷甲,Volendam FC,NEC Nijmegen
2026-11-15,荷甲,Feyenoord,SC Heerenveen
2026-11-15,葡超,Famalicão,Gil Vicente FC
2026-11-15,葡超,Chaves,Sporting CP
2026-11-15,葡超,Estoril Praia,SL Benfica
2026-11-15,葡超,Gil Vicente FC,Boavista FC
2026-11-15,葡超,Portimonense,Sporting CP
2026-11-15,葡超,Santa Clara,Famalicão
2026-11-15,葡超,Sporting CP,Estrela da Amadora
2026-11-16,欧冠,Arsenal FC,FC Barcelona
2026-11-16,欧冠,Napoli,Feyenoord
2026-11-16,欧冠,PSV Eindhoven,Napoli
2026-11-16,欧冠,Juventus FC,Borussia Dortmund
2026-11-16,欧冠,Bayern München,Benfica
2026-11-16,欧冠,Atlético de Madrid,Paris Saint-Germain FC
2026-11-16,欧冠,Juventus FC,Atlético de Madrid
2026-11-21,德甲,1. FC Union Berlin,RB Leipzig
2026-11-21,德甲,Bayer 04 Leverkusen,SC Paderborn 07
2026-11-21,德甲,Borussia Mönchengladbach,Borussia Dortmund
2026-11-21,德甲,Eintracht Frankfurt,TSG 1899 Hoffenheim
2026-11-21,德甲,FC Augsburg,1. FSV Mainz 05
2026-11-21,德甲,FC Bayern München,1. FC Köln
2026-11-21,德甲,FC Schalke 04,VfB Stuttgart
2026-11-21,德甲,SV 07 Elversberg,SC Freiburg
2026-11-21,德甲,SV Werder Bremen,Hamburger SV
2026-11-21,日职,Nagoya Grampus,Sanfrecce Hiroshima
2026-11-21,日职,Gamba Osaka,Sanfrecce Hiroshima
2026-11-21,日职,Nagoya Grampus,Avispa Fukuoka
2026-11-21,日职,Cerezo Osaka,Kashima Antlers
2026-11-21,日职,Kyoto Sanga,Cerezo Osaka
2026-11-21,日职,Avispa Fukuoka,Sanfrecce Hiroshima
2026-11-21,日职,Shonan Bellmare,Yokohama F. Marinos
2026-11-21,欧冠,RB Leipzig,Paris Saint-Germain FC
2026-11-21,欧冠,Chelsea FC,Benfica
2026-11-21,欧冠,Chelsea FC,RB Leipzig
2026-11-21,欧冠,Chelsea FC,Napoli
2026-11-21,欧冠,Celtic FC,Bayern München
2026-11-21,欧冠,PSV Eindhoven,Manchester City FC
2026-11-21,欧冠,AC Milan,Napoli
2026-11-21,法甲,AS Monaco FC,AJ Auxerre
2026-11-21,法甲,ES Troyes AC,Le Havre AC
2026-11-21,法甲,FC Lorient,Stade Rennais FC 1901
2026-11-21,法甲,Lille OSC,Olympique Lyonnais
2026-11-21,法甲,OGC Nice,Paris Saint-Germain FC
2026-11-21,法甲,Olympique de Marseille,Le Mans FC
2026-11-21,法甲,Paris FC,Angers SCO
2026-11-21,法甲,RC Strasbourg Alsace,Stade Brestois 29
2026-11-21,法甲,Racing Club de Lens,Toulouse FC
2026-11-21,英超,AFC Bournemouth,Nottingham Forest FC
2026-11-21,英超,Aston Villa FC,Sunderland AFC
2026-11-21,英超,Brentford FC,Everton FC
2026-11-21,英超,Chelsea FC,Leeds United FC
2026-11-21,英超,Coventry City FC,Crystal Palace FC
2026-11-21,英超,Hull City AFC,Brighton & Hove Albion FC
2026-11-21,英超,Liverpool FC,Manchester United FC
2026-11-21,英超,Manchester City FC,Fulham FC
2026-11-21,英超,Newcastle United FC,Arsenal FC
2026-11-21,英超,Tottenham Hotspur FC,Ipswich Town FC
2026-11-21,荷甲,Heracles Almelo,FC Twente
2026-11-21,荷甲,AZ Alkmaar,FC Twente
2026-11-21,荷甲,Heracles Almelo,Go Ahead Eagles
2026-11-21,荷甲,FC Twente,RKC Waalwijk
2026-11-21,荷甲,Sparta Rotterdam,Fortuna Sittard
2026-11-21,荷甲,Go Ahead Eagles,Feyenoord
2026-11-21,荷甲,RKC Waalwijk,Fortuna Sittard
2026-11-21,葡超,Chaves,Vitória SC
2026-11-21,葡超,SC Braga,Vitória SC
2026-11-21,葡超,Chaves,Gil Vicente FC
2026-11-21,葡超,Vitória SC,Vizela
2026-11-21,葡超,Casa Pia AC,Estoril Praia
2026-11-21,葡超,Gil Vicente FC,Sporting CP
2026-11-21,葡超,Vizela,Estoril Praia
2026-11-21,韩职,Daegu FC,Kyoto Sanga
2026-11-21,韩职,FC Seoul,Daejeon Hana Citizen
2026-11-21,韩职,Suwon Samsung Bluewings,Kyoto Sanga
2026-11-21,韩职,Gimcheon Sangmu,FC Seoul
2026-11-21,韩职,Pohang Steelers,Incheon United
2026-11-21,韩职,Daegu FC,FC Seoul
2026-11-21,韩职,Jeju United,Gimcheon Sangmu
2026-11-22,意甲,AC Milan,Frosinone Calcio
2026-11-22,意甲,AC Monza,ACF Fiorentina
2026-11-22,意甲,Atalanta BC,FC Internazionale Milano
2026-11-22,意甲,Bologna FC 1909,Udinese Calcio
2026-11-22,意甲,Como 1907,Cagliari Calcio
2026-11-22,意甲,Juventus FC,Venezia FC
2026-11-22,意甲,Parma Calcio 1913,AS Roma
2026-11-22,意甲,SS Lazio,US Lecce
2026-11-22,意甲,SSC Napoli,Torino FC
2026-11-22,意甲,US Sassuolo Calcio,Genoa CFC
2026-11-22,西甲,Athletic Club,RCD Espanyol de Barcelona
2026-11-22,西甲,CA Osasuna,Málaga CF
2026-11-22,西甲,Deportivo Alavés,RC Deportivo La Coruña
2026-11-22,西甲,FC Barcelona,Villarreal CF
2026-11-22,西甲,Getafe CF,Club Atlético de Madrid
2026-11-22,西甲,Levante UD,Elche CF
2026-11-22,西甲,Rayo Vallecano de Madrid,Valencia CF
2026-11-22,西甲,Real Madrid CF,RC Celta de Vigo
2026-11-22,西甲,Real Racing Club de Santander,Real Sociedad de Fútbol
2026-11-22,西甲,Sevilla FC,Real Betis Balompié
2026-11-26,欧冠,Chelsea FC,Real Madrid CF
2026-11-26,欧冠,Celtic FC,Benfica
2026-11-26,欧冠,Porto,Napoli
2026-11-26,欧冠,Feyenoord,Manchester City FC
2026-11-26,欧冠,Napoli,Chelsea FC
2026-11-26,欧冠,Manchester City FC,Napoli
2026-11-26,欧冠,RB Leipzig,Chelsea FC
2026-11-27,荷甲,Volendam FC,Ajax
2026-11-27,荷甲,PEC Zwolle,Ajax
2026-11-27,荷甲,Feyenoord,FC Utrecht
2026-11-27,荷甲,PSV Eindhoven,Almere City FC
2026-11-27,荷甲,Feyenoord,Heracles Almelo
2026-11-27,荷甲,FC Groningen,Go Ahead Eagles
2026-11-27,荷甲,Almere City FC,FC Utrecht
2026-11-27,葡超,Santa Clara,FC Porto
2026-11-27,葡超,Boavista FC,FC Porto
2026-11-27,葡超,Sporting CP,Rio Ave FC
2026-11-27,葡超,SL Benfica,Portimonense
2026-11-27,葡超,Sporting CP,Chaves
2026-11-27,葡超,Arouca,Gil Vicente FC
2026-11-27,葡超,Portimonense,Rio Ave FC
2026-11-28,德甲,1. FC Köln,SV 07 Elversberg
2026-11-28,德甲,1. FSV Mainz 05,1. FC Union Berlin
2026-11-28,德甲,Borussia Dortmund,Bayer 04 Leverkusen
2026-11-28,德甲,Hamburger SV,FC Bayern München
2026-11-28,德甲,SC Freiburg,RB Leipzig
2026-11-28,德甲,SC Paderborn 07,FC Schalke 04
2026-11-28,德甲,SV Werder Bremen,Borussia Mönchengladbach
2026-11-28,德甲,TSG 1899 Hoffenheim,FC Augsburg
2026-11-28,德甲,VfB Stuttgart,Eintracht Frankfurt
2026-11-28,法甲,AJ Auxerre,Olympique de Marseille
2026-11-28,法甲,Angers SCO,Racing Club de Lens
2026-11-28,法甲,Le Havre AC,RC Strasbourg Alsace
2026-11-28,法甲,Le Mans FC,Lille OSC
2026-11-28,法甲,OGC Nice,ES Troyes AC
2026-11-28,法甲,Olympique Lyonnais,AS Monaco FC
2026-11-28,法甲,Paris Saint-Germain FC,FC Lorient
2026-11-28,法甲,Stade Brestois 29,Paris FC
2026-11-28,法甲,Toulouse FC,Stade Rennais FC 1901
2026-11-28,英超,Arsenal FC,Manchester City FC
2026-11-28,英超,Brighton & Hove Albion FC,Newcastle United FC
2026-11-28,英超,Crystal Palace FC,Hull City AFC
2026-11-28,英超,Everton FC,Liverpool FC
2026-11-28,英超,Fulham FC,AFC Bournemouth
2026-11-28,英超,Ipswich Town FC,Aston Villa FC
2026-11-28,英超,Leeds United FC,Coventry City FC
2026-11-28,英超,Manchester United FC,Brentford FC
2026-11-28,英超,Nottingham Forest FC,Chelsea FC
2026-11-28,英超,Sunderland AFC,Tottenham Hotspur FC
2026-11-29,意甲,AS Roma,AC Monza
2026-11-29,意甲,Cagliari Calcio,AC Milan
2026-11-29,意甲,Como 1907,Juventus FC
2026-11-29,意甲,FC Internazionale Milano,Genoa CFC
2026-11-29,意甲,Frosinone Calcio,Parma Calcio 1913
2026-11-29,意甲,Torino FC,SS Lazio
2026-11-29,意甲,US Lecce,Atalanta BC
2026-11-29,意甲,US Sassuolo Calcio,SSC Napoli
2026-11-29,意甲,Udinese Calcio,ACF Fiorentina
2026-11-29,意甲,Venezia FC,Bologna FC 1909
2026-11-29,西甲,Elche CF,Club Atlético de Madrid
2026-11-29,西甲,Levante UD,Real Racing Club de Santander
2026-11-29,西甲,Málaga CF,Athletic Club
2026-11-29,西甲,RC Celta de Vigo,Villarreal CF
2026-11-29,西甲,RC Deportivo La Coruña,FC Barcelona
2026-11-29,西甲,RCD Espanyol de Barcelona,Getafe CF
2026-11-29,西甲,Real Betis Balompié,Rayo Vallecano de Madrid
2026-11-29,西甲,Real Madrid CF,Deportivo Alavés
2026-11-29,西甲,Real Sociedad de Fútbol,Sevilla FC
2026-11-29,西甲,Valencia CF,CA Osasuna
2026-11-30,日职,Yokohama F. Marinos,Kashima Antlers
2026-11-30,日职,Sanfrecce Hiroshima,Sagan Tosu
2026-11-30,日职,Nagoya Grampus,Tokyo Verdy
2026-11-30,日职,Avispa Fukuoka,Cerezo Osaka
2026-11-30,日职,Kashima Antlers,Urawa Red Diamonds
2026-11-30,日职,FC Tokyo,Sanfrecce Hiroshima
2026-11-30,日职,Gamba Osaka,Nagoya Grampus
2026-12-01,欧冠,Paris Saint-Germain FC,Atlético de Madrid
2026-12-01,欧冠,Juventus FC,Feyenoord
2026-12-01,欧冠,FC Barcelona,AC Milan
2026-12-01,欧冠,Manchester City FC,Feyenoord
2026-12-01,欧冠,Juventus FC,Bayern München
2026-12-01,欧冠,FC Barcelona,Benfica
2026-12-01,欧冠,Atlético de Madrid,Juventus FC
2026-12-01,韩职,Gangwon FC,Daegu FC
2026-12-01,韩职,Daejeon Hana Citizen,Seongnam FC
2026-12-01,韩职,Incheon United,Jeonbuk Hyundai Motors
2026-12-01,韩职,Ulsan Hyundai,Suwon Samsung Bluewings
2026-12-01,韩职,Gangwon FC,Seongnam FC
2026-12-01,韩职,Seongnam FC,Kyoto Sanga
2026-12-01,韩职,Gimcheon Sangmu,Pohang Steelers
2026-12-02,英超,AFC Bournemouth,Brighton & Hove Albion FC
2026-12-02,英超,Aston Villa FC,Everton FC
2026-12-02,英超,Brentford FC,Arsenal FC
2026-12-02,英超,Chelsea FC,Crystal Palace FC
2026-12-02,英超,Coventry City FC,Ipswich Town FC
2026-12-02,英超,Hull City AFC,Nottingham Forest FC
2026-12-02,英超,Liverpool FC,Sunderland AFC
2026-12-02,英超,Manchester City FC,Leeds United FC
2026-12-02,英超,Newcastle United FC,Manchester United FC
2026-12-02,英超,Tottenham Hotspur FC,Fulham FC
2026-12-03,荷甲,FC Utrecht,Almere City FC
2026-12-03,荷甲,FC Utrecht,Fortuna Sittard
2026-12-03,荷甲,NEC Nijmegen,Sparta Rotterdam
2026-12-03,荷甲,Almere City FC,Sparta Rotterdam
2026-12-03,荷甲,AZ Alkmaar,Go Ahead Eagles
2026-12-03,荷甲,SC Heerenveen,Go Ahead Eagles
2026-12-03,荷甲,SC Heerenveen,NEC Nijmegen
2026-12-03,葡超,Rio Ave FC,Portimonense
2026-12-03,葡超,Rio Ave FC,Estoril Praia
2026-12-03,葡超,Famalicão,Casa Pia AC
2026-12-03,葡超,Portimonense,Casa Pia AC
2026-12-03,葡超,SC Braga,Gil Vicente FC
2026-12-03,葡超,Estrela da Amadora,Gil Vicente FC
2026-12-03,葡超,Estrela da Amadora,Famalicão
2026-12-05,德甲,1. FC Union Berlin,Hamburger SV
2026-12-05,德甲,Bayer 04 Leverkusen,Borussia Mönchengladbach
2026-12-05,德甲,Eintracht Frankfurt,SV Werder Bremen
2026-12-05,德甲,FC Augsburg,1. FC Köln
2026-12-05,德甲,FC Bayern München,SC Paderborn 07
2026-12-05,德甲,FC Schalke 04,Borussia Dortmund
2026-12-05,德甲,RB Leipzig,1. FSV Mainz 05
2026-12-05,德甲,SC Freiburg,TSG 1899 Hoffenheim
2026-12-05,德甲,SV 07 Elversberg,VfB Stuttgart
2026-12-05,法甲,AS Monaco FC,Angers SCO
2026-12-05,法甲,ES Troyes AC,Olympique Lyonnais
2026-12-05,法甲,Lille OSC,AJ Auxerre
2026-12-05,法甲,Olympique de Marseille,OGC Nice
2026-12-05,法甲,Paris FC,Le Mans FC
2026-12-05,法甲,RC Strasbourg Alsace,FC Lorient
2026-12-05,法甲,Racing Club de Lens,Le Havre AC
2026-12-05,法甲,Stade Rennais FC 1901,Stade Brestois 29
2026-12-05,法甲,Toulouse FC,Paris Saint-Germain FC
2026-12-05,英超,AFC Bournemouth,Hull City AFC
2026-12-05,英超,Aston Villa FC,Crystal Palace FC
2026-12-05,英超,Brentford FC,Manchester City FC
2026-12-05,英超,Chelsea FC,Liverpool FC
2026-12-05,英超,Everton FC,Fulham FC
2026-12-05,英超,Leeds United FC,Ipswich Town FC
2026-12-05,英超,Manchester United FC,Coventry City FC
2026-12-05,英超,Newcastle United FC,Sunderland AFC
2026-12-05,英超,Nottingham Forest FC,Brighton & Hove Albion FC
2026-12-05,英超,Tottenham Hotspur FC,Arsenal FC
2026-12-06,意甲,AC Milan,Parma Calcio 1913
2026-12-06,意甲,AC Monza,Como 1907
2026-12-06,意甲,ACF Fiorentina,Cagliari Calcio
2026-12-06,意甲,Bologna FC 1909,AS Roma
2026-12-06,意甲,Frosinone Calcio,FC Internazionale Milano
2026-12-06,意甲,Genoa CFC,Torino FC
2026-12-06,意甲,Juventus FC,Udinese Calcio
2026-12-06,意甲,SS Lazio,Atalanta BC
2026-12-06,意甲,SSC Napoli,US Lecce
2026-12-06,意甲,Venezia FC,US Sassuolo Calcio
2026-12-06,欧冠,Bayern München,Juventus FC
2026-12-06,欧冠,Benfica,Celtic FC
2026-12-06,欧冠,AC Milan,Porto
2026-12-06,欧冠,Borussia Dortmund,Napoli
2026-12-06,欧冠,Inter Milan,Juventus FC
2026-12-06,欧冠,Borussia Dortmund,Benfica
2026-12-06,欧冠,FC Barcelona,Chelsea FC
2026-12-06,西甲,Athletic Club,Real Madrid CF
2026-12-06,西甲,CA Osasuna,Elche CF
2026-12-06,西甲,Club Atlético de Madrid,Real Betis Balompié
2026-12-06,西甲,Deportivo Alavés,RCD Espanyol de Barcelona
2026-12-06,西甲,FC Barcelona,RC Celta de Vigo
2026-12-06,西甲,Getafe CF,Valencia CF
2026-12-06,西甲,Rayo Vallecano de Madrid,Levante UD
2026-12-06,西甲,Real Racing Club de Santander,RC Deportivo La Coruña
2026-12-06,西甲,Sevilla FC,Málaga CF
2026-12-06,西甲,Villarreal CF,Real Sociedad de Fútbol
2026-12-09,日职,Kawasaki Frontale,Tokyo Verdy
2026-12-09,日职,Kashima Antlers,Tokyo Verdy
2026-12-09,日职,Gamba Osaka,FC Tokyo
2026-12-09,日职,Urawa Red Diamonds,Vissel Kobe
2026-12-09,日职,Nagoya Grampus,Shonan Bellmare
2026-12-09,日职,Sagan Tosu,Gamba Osaka
2026-12-09,日职,Gamba Osaka,Avispa Fukuoka
2026-12-09,荷甲,Ajax,Vitesse Arnhem
2026-12-09,荷甲,Heracles Almelo,Fortuna Sittard
2026-12-09,荷甲,NEC Nijmegen,PEC Zwolle
2026-12-09,荷甲,NEC Nijmegen,Almere City FC
2026-12-09,荷甲,Almere City FC,PSV Eindhoven
2026-12-09,荷甲,Feyenoord,NEC Nijmegen
2026-12-09,荷甲,Vitesse Arnhem,PEC Zwolle
2026-12-09,葡超,FC Porto,Moreirense FC
2026-12-09,葡超,Chaves,Estoril Praia
2026-12-09,葡超,Famalicão,Boavista FC
2026-12-09,葡超,Famalicão,Portimonense
2026-12-09,葡超,Portimonense,SL Benfica
2026-12-09,葡超,Sporting CP,Famalicão
2026-12-09,葡超,Moreirense FC,Boavista FC
2026-12-11,欧冠,Porto,Liverpool FC
2026-12-11,欧冠,Atlético de Madrid,Benfica
2026-12-11,欧冠,Manchester City FC,Juventus FC
2026-12-11,欧冠,Real Madrid CF,Paris Saint-Germain FC
2026-12-11,欧冠,Inter Milan,PSV Eindhoven
2026-12-11,欧冠,PSV Eindhoven,Bayern München
2026-12-11,欧冠,Feyenoord,Porto
2026-12-11,韩职,FC Seoul,Kyoto Sanga
2026-12-11,韩职,FC Seoul,Suwon Samsung Bluewings
2026-12-11,韩职,FC Seoul,Jeju United
2026-12-11,韩职,Pohang Steelers,Jeonbuk Hyundai Motors
2026-12-11,韩职,Gimcheon Sangmu,Daejeon Hana Citizen
2026-12-11,韩职,Jeju United,Gangwon FC
2026-12-11,韩职,FC Seoul,Pohang Steelers
2026-12-12,德甲,1. FC Köln,RB Leipzig
2026-12-12,德甲,1. FSV Mainz 05,SC Freiburg
2026-12-12,德甲,Borussia Dortmund,FC Augsburg
2026-12-12,德甲,Borussia Mönchengladbach,Eintracht Frankfurt
2026-12-12,德甲,Hamburger SV,FC Schalke 04
2026-12-12,德甲,SC Paderborn 07,SV 07 Elversberg
2026-12-12,德甲,SV Werder Bremen,Bayer 04 Leverkusen
2026-12-12,德甲,TSG 1899 Hoffenheim,FC Bayern München
2026-12-12,德甲,VfB Stuttgart,1. FC Union Berlin
2026-12-12,法甲,AJ Auxerre,Toulouse FC
2026-12-12,法甲,Angers SCO,RC Strasbourg Alsace
2026-12-12,法甲,FC Lorient,Lille OSC
2026-12-12,法甲,Le Havre AC,Le Mans FC
2026-12-12,法甲,OGC Nice,Racing Club de Lens
2026-12-12,法甲,Paris Saint-Germain FC,Paris FC
2026-12-12,法甲,Stade Brestois 29,ES Troyes AC
2026-12-12,法甲,Stade Rennais FC 1901,AS Monaco FC
2026-12-12,英超,Arsenal FC,AFC Bournemouth
2026-12-12,英超,Brighton & Hove Albion FC,Everton FC
2026-12-12,英超,Coventry City FC,Aston Villa FC
2026-12-12,英超,Crystal Palace FC,Manchester United FC
2026-12-12,英超,Fulham FC,Brentford FC
2026-12-12,英超,Hull City AFC,Tottenham Hotspur FC
2026-12-12,英超,Ipswich Town FC,Newcastle United FC
2026-12-12,英超,Liverpool FC,Leeds United FC
2026-12-12,英超,Manchester City FC,Chelsea FC
2026-12-12,英超,Sunderland AFC,Nottingham Forest FC
2026-12-13,意甲,Atalanta BC,Genoa CFC
2026-12-13,意甲,Cagliari Calcio,Venezia FC
2026-12-13,意甲,Como 1907,Bologna FC 1909
2026-12-13,意甲,FC Internazionale Milano,Torino FC
2026-12-13,意甲,Juventus FC,AC Monza
2026-12-13,意甲,Parma Calcio 1913,ACF Fiorentina
2026-12-13,意甲,SS Lazio,AS Roma
2026-12-13,意甲,SSC Napoli,AC Milan
2026-12-13,意甲,US Lecce,US Sassuolo Calcio
2026-12-13,意甲,Udinese Calcio,Frosinone Calcio
2026-12-13,法甲,Olympique Lyonnais,Olympique de Marseille
2026-12-13,西甲,Club Atlético de Madrid,Valencia CF
2026-12-13,西甲,Elche CF,Sevilla FC
2026-12-13,西甲,Levante UD,Deportivo Alavés
2026-12-13,西甲,Málaga CF,FC Barcelona
2026-12-13,西甲,RC Deportivo La Coruña,Athletic Club
2026-12-13,西甲,RCD Espanyol de Barcelona,RC Celta de Vigo
2026-12-13,西甲,Real Betis Balompié,Real Racing Club de Santander
2026-12-13,西甲,Real Madrid CF,CA Osasuna
2026-12-13,西甲,Real Sociedad de Fútbol,Getafe CF
2026-12-13,西甲,Villarreal CF,Rayo Vallecano de Madrid
2026-12-15,荷甲,FC Utrecht,NEC Nijmegen
2026-12-15,荷甲,Ajax,AZ Alkmaar
2026-12-15,荷甲,Almere City FC,Volendam FC
2026-12-15,荷甲,Feyenoord,PEC Zwolle
2026-12-15,荷甲,Vitesse Arnhem,FC Utrecht
2026-12-15,荷甲,FC Groningen,SC Heerenveen
2026-12-15,荷甲,FC Twente,Heracles Almelo
2026-12-15,葡超,Rio Ave FC,Famalicão
2026-12-15,葡超,FC Porto,SC Braga
2026-12-15,葡超,Portimonense,Santa Clara
2026-12-15,葡超,Sporting CP,Boavista FC
2026-12-15,葡超,Moreirense FC,Rio Ave FC
2026-12-15,葡超,Arouca,Estrela da Amadora
2026-12-15,葡超,Vitória SC,Chaves
2026-12-16,欧冠,Real Madrid CF,Atlético de Madrid
2026-12-16,欧冠,FC Barcelona,Real Madrid CF
2026-12-16,欧冠,PSV Eindhoven,Juventus FC
2026-12-16,欧冠,Feyenoord,Bayern München
2026-12-16,欧冠,RB Leipzig,Borussia Dortmund
2026-12-16,欧冠,Paris Saint-Germain FC,Bayern München
2026-12-16,欧冠,Arsenal FC,Benfica
2026-12-18,日职,Nagoya Grampus,Gamba Osaka
2026-12-18,日职,Kashima Antlers,FC Tokyo
2026-12-18,日职,Avispa Fukuoka,Nagoya Grampus
2026-12-18,日职,Cerezo Osaka,Kawasaki Frontale
2026-12-18,日职,Tokyo Verdy,Gamba Osaka
2026-12-18,日职,Shonan Bellmare,Nagoya Grampus
2026-12-18,日职,Vissel Kobe,Nagoya Grampus
2026-12-19,德甲,1. FC Union Berlin,TSG 1899 Hoffenheim
2026-12-19,德甲,1. FSV Mainz 05,1. FC Köln
2026-12-19,德甲,Bayer 04 Leverkusen,Eintracht Frankfurt
2026-12-19,德甲,FC Augsburg,SC Paderborn 07
2026-12-19,德甲,FC Bayern München,SV Werder Bremen
2026-12-19,德甲,FC Schalke 04,Borussia Mönchengladbach
2026-12-19,德甲,RB Leipzig,Borussia Dortmund
2026-12-19,德甲,SC Freiburg,VfB Stuttgart
2026-12-19,德甲,SV 07 Elversberg,Hamburger SV
2026-12-19,英超,AFC Bournemouth,Coventry City FC
2026-12-19,英超,Arsenal FC,Manchester United FC
2026-12-19,英超,Brentford FC,Newcastle United FC
2026-12-19,英超,Brighton & Hove Albion FC,Ipswich Town FC
2026-12-19,英超,Chelsea FC,Aston Villa FC
2026-12-19,英超,Leeds United FC,Fulham FC
2026-12-19,英超,Liverpool FC,Tottenham Hotspur FC
2026-12-19,英超,Manchester City FC,Hull City AFC
2026-12-19,英超,Nottingham Forest FC,Everton FC
2026-12-19,英超,Sunderland AFC,Crystal Palace FC
2026-12-20,意甲,AC Milan,Como 1907
2026-12-20,意甲,ACF Fiorentina,Bologna FC 1909
2026-12-20,意甲,AS Roma,Juventus FC
2026-12-20,意甲,Atalanta BC,SSC Napoli
2026-12-20,意甲,Frosinone Calcio,SS Lazio
2026-12-20,意甲,Genoa CFC,Udinese Calcio
2026-12-20,意甲,Torino FC,Cagliari Calcio
2026-12-20,意甲,US Lecce,FC Internazionale Milano
2026-12-20,意甲,US Sassuolo Calcio,Parma Calcio 1913
2026-12-20,意甲,Venezia FC,AC Monza
2026-12-20,西甲,Athletic Club,Real Betis Balompié
2026-12-20,西甲,CA Osasuna,Villarreal CF
2026-12-20,西甲,Deportivo Alavés,Elche CF
2026-12-20,西甲,FC Barcelona,Real Sociedad de Fútbol
2026-12-20,西甲,Getafe CF,Levante UD
2026-12-20,西甲,RC Celta de Vigo,Club Atlético de Madrid
2026-12-20,西甲,RC Deportivo La Coruña,Real Madrid CF
2026-12-20,西甲,Rayo Vallecano de Madrid,Málaga CF
2026-12-20,西甲,Sevilla FC,Real Racing Club de Santander
2026-12-20,西甲,Valencia CF,RCD Espanyol de Barcelona
2026-12-21,欧冠,Juventus FC,Chelsea FC
2026-12-21,欧冠,Manchester City FC,Borussia Dortmund
2026-12-21,欧冠,Napoli,Atlético de Madrid
2026-12-21,欧冠,Feyenoord,Celtic FC
2026-12-21,欧冠,Arsenal FC,RB Leipzig
2026-12-21,欧冠,Real Madrid CF,RB Leipzig
2026-12-21,欧冠,AC Milan,Liverpool FC
2026-12-21,荷甲,Go Ahead Eagles,SC Heerenveen
2026-12-21,荷甲,Volendam FC,Feyenoord
2026-12-21,荷甲,Heracles Almelo,PEC Zwolle
2026-12-21,荷甲,PSV Eindhoven,Fortuna Sittard
2026-12-21,荷甲,RKC Waalwijk,FC Twente
2026-12-21,荷甲,Feyenoord,Go Ahead Eagles
2026-12-21,荷甲,SC Heerenveen,Ajax
2026-12-21,葡超,Gil Vicente FC,Estrela da Amadora
2026-12-21,葡超,Santa Clara,Sporting CP
2026-12-21,葡超,Chaves,Boavista FC
2026-12-21,葡超,SL Benfica,Estoril Praia
2026-12-21,葡超,Vizela,Vitória SC
2026-12-21,葡超,Sporting CP,Gil Vicente FC
2026-12-21,葡超,Estrela da Amadora,FC Porto
2026-12-21,韩职,Suwon Samsung Bluewings,Busan IPark
2026-12-21,韩职,Ulsan Hyundai,FC Seoul
2026-12-21,韩职,Incheon United,Seongnam FC
2026-12-21,韩职,Seongnam FC,Gimcheon Sangmu
2026-12-21,韩职,Gimcheon Sangmu,Jeonbuk Hyundai Motors
2026-12-21,韩职,Kyoto Sanga,Incheon United
2026-12-21,韩职,Seongnam FC,Daejeon Hana Citizen
2026-12-26,欧冠,Liverpool FC,RB Leipzig
2026-12-26,欧冠,Atlético de Madrid,Borussia Dortmund
2026-12-26,欧冠,Napoli,AC Milan
2026-12-26,欧冠,Atlético de Madrid,Chelsea FC
2026-12-26,欧冠,Inter Milan,Paris Saint-Germain FC
2026-12-26,欧冠,Manchester City FC,PSV Eindhoven
2026-12-26,欧冠,Chelsea FC,PSV Eindhoven
2026-12-26,英超,Aston Villa FC,Leeds United FC
2026-12-26,英超,Coventry City FC,Chelsea FC
2026-12-26,英超,Crystal Palace FC,Arsenal FC
2026-12-26,英超,Everton FC,Sunderland AFC
2026-12-26,英超,Fulham FC,Brighton & Hove Albion FC
2026-12-26,英超,Hull City AFC,Liverpool FC
2026-12-26,英超,Ipswich Town FC,Brentford FC
2026-12-26,英超,Manchester United FC,Nottingham Forest FC
2026-12-26,英超,Newcastle United FC,Manchester City FC
2026-12-26,英超,Tottenham Hotspur FC,AFC Bournemouth
2026-12-27,日职,Sanfrecce Hiroshima,Avispa Fukuoka
2026-12-27,日职,FC Tokyo,Urawa Red Diamonds
2026-12-27,日职,Nagoya Grampus,Vissel Kobe
2026-12-27,日职,Cerezo Osaka,Tokyo Verdy
2026-12-27,日职,Sanfrecce Hiroshima,Cerezo Osaka
2026-12-27,日职,FC Tokyo,Avispa Fukuoka
2026-12-27,日职,Urawa Red Diamonds,Avispa Fukuoka
2026-12-27,荷甲,Sparta Rotterdam,FC Twente
2026-12-27,荷甲,Sparta Rotterdam,PSV Eindhoven
2026-12-27,荷甲,FC Twente,Sparta Rotterdam
2026-12-27,荷甲,FC Groningen,Vitesse Arnhem
2026-12-27,荷甲,Ajax,PSV Eindhoven
2026-12-27,荷甲,NEC Nijmegen,RKC Waalwijk
2026-12-27,荷甲,PEC Zwolle,Volendam FC
2026-12-27,葡超,Casa Pia AC,Vitória SC
2026-12-27,葡超,Casa Pia AC,SL Benfica
2026-12-27,葡超,Vitória SC,Casa Pia AC
2026-12-27,葡超,Arouca,Moreirense FC
2026-12-27,葡超,FC Porto,SL Benfica
2026-12-27,葡超,Famalicão,Vizela
2026-12-27,葡超,Boavista FC,Santa Clara
2026-12-30,英超,Aston Villa FC,Liverpool FC
2026-12-30,英超,Coventry City FC,Brentford FC
2026-12-30,英超,Crystal Palace FC,AFC Bournemouth
2026-12-30,英超,Everton FC,Manchester City FC
2026-12-30,英超,Fulham FC,Arsenal FC
2026-12-30,英超,Hull City AFC,Leeds United FC
2026-12-30,英超,Ipswich Town FC,Chelsea FC
2026-12-30,英超,Manchester United FC,Sunderland AFC
2026-12-30,英超,Newcastle United FC,Nottingham Forest FC
2026-12-30,英超,Tottenham Hotspur FC,Brighton & Hove Albion FC
2026-12-31,欧冠,Napoli,Porto
2026-12-31,欧冠,Arsenal FC,Celtic FC
2026-12-31,欧冠,RB Leipzig,Arsenal FC
2026-12-31,欧冠,FC Barcelona,Atlético de Madrid
2026-12-31,欧冠,Borussia Dortmund,PSV Eindhoven
2026-12-31,欧冠,Juventus FC,AC Milan
2026-12-31,欧冠,RB Leipzig,Inter Milan
2026-12-31,韩职,Daegu FC,Seongnam FC
2026-12-31,韩职,Kyoto Sanga,Seongnam FC
2026-12-31,韩职,Jeju United,Suwon Samsung Bluewings
2026-12-31,韩职,Gimcheon Sangmu,Suwon Samsung Bluewings
2026-12-31,韩职,Suwon Samsung Bluewings,Incheon United
2026-12-31,韩职,Gimcheon Sangmu,Busan IPark
2026-12-31,韩职,Daegu FC,Incheon United
2027-01-02,法甲,AS Monaco FC,OGC Nice
2027-01-02,法甲,ES Troyes AC,Stade Rennais FC 1901
2027-01-02,法甲,FC Lorient,AJ Auxerre
2027-01-02,法甲,Le Mans FC,Olympique Lyonnais
2027-01-02,法甲,Lille OSC,RC Strasbourg Alsace
2027-01-02,法甲,Paris FC,Le Havre AC
2027-01-02,法甲,Stade Brestois 29,Olympique de Marseille
2027-01-02,法甲,Toulouse FC,Angers SCO
2027-01-02,英超,AFC Bournemouth,Aston Villa FC
2027-01-02,英超,Arsenal FC,Ipswich Town FC
2027-01-02,英超,Brentford FC,Crystal Palace FC
2027-01-02,英超,Brighton & Hove Albion FC,Manchester United FC
2027-01-02,英超,Chelsea FC,Newcastle United FC
2027-01-02,英超,Leeds United FC,Everton FC
2027-01-02,英超,Liverpool FC,Coventry City FC
2027-01-02,英超,Manchester City FC,Tottenham Hotspur FC
2027-01-02,英超,Nottingham Forest FC,Fulham FC
2027-01-02,英超,Sunderland AFC,Hull City AFC
2027-01-02,荷甲,FC Groningen,Volendam FC
2027-01-02,荷甲,Sparta Rotterdam,Feyenoord
2027-01-02,荷甲,Fortuna Sittard,FC Groningen
2027-01-02,荷甲,FC Groningen,Feyenoord
2027-01-02,荷甲,SC Heerenveen,Sparta Rotterdam
2027-01-02,荷甲,Vitesse Arnhem,SC Heerenveen
2027-01-02,荷甲,Almere City FC,Ajax
2027-01-02,葡超,Arouca,Santa Clara
2027-01-02,葡超,Casa Pia AC,Sporting CP
2027-01-02,葡超,Estoril Praia,Arouca
2027-01-02,葡超,Arouca,Sporting CP
2027-01-02,葡超,Estrela da Amadora,Casa Pia AC
2027-01-02,葡超,Moreirense FC,Estrela da Amadora
2027-01-02,葡超,Portimonense,FC Porto
2027-01-03,意甲,AC Monza,AC Milan
2027-01-03,意甲,ACF Fiorentina,SS Lazio
2027-01-03,意甲,AS Roma,Frosinone Calcio
2027-01-03,意甲,Bologna FC 1909,Juventus FC
2027-01-03,意甲,Cagliari Calcio,Genoa CFC
2027-01-03,意甲,Como 1907,US Lecce
2027-01-03,意甲,FC Internazionale Milano,US Sassuolo Calcio
2027-01-03,意甲,Parma Calcio 1913,SSC Napoli
2027-01-03,意甲,Torino FC,Venezia FC
2027-01-03,意甲,Udinese Calcio,Atalanta BC
2027-01-03,法甲,Racing Club de Lens,Paris Saint-Germain FC
2027-01-03,西甲,Levante UD,Valencia CF
2027-01-03,西甲,Málaga CF,Elche CF
2027-01-03,西甲,RC Celta de Vigo,RC Deportivo La Coruña
2027-01-03,西甲,RCD Espanyol de Barcelona,FC Barcelona
2027-01-03,西甲,Rayo Vallecano de Madrid,Club Atlético de Madrid
2027-01-03,西甲,Real Betis Balompié,Deportivo Alavés
2027-01-03,西甲,Real Madrid CF,Getafe CF
2027-01-03,西甲,Real Racing Club de Santander,Athletic Club
2027-01-03,西甲,Real Sociedad de Fútbol,CA Osasuna
2027-01-03,西甲,Villarreal CF,Sevilla FC
2027-01-05,日职,Kyoto Sanga,Yokohama F. Marinos
2027-01-05,日职,Avispa Fukuoka,Shonan Bellmare
2027-01-05,日职,Kashima Antlers,Gamba Osaka
2027-01-05,日职,Sagan Tosu,Kawasaki Frontale
2027-01-05,日职,Avispa Fukuoka,Tokyo Verdy
2027-01-05,日职,Nagoya Grampus,Cerezo Osaka
2027-01-05,日职,Yokohama F. Marinos,Vissel Kobe
2027-01-05,欧冠,Benfica,AC Milan
2027-01-05,欧冠,FC Barcelona,Bayern München
2027-01-05,欧冠,PSV Eindhoven,Celtic FC
2027-01-05,欧冠,Atlético de Madrid,Liverpool FC
2027-01-05,欧冠,Bayern München,Celtic FC
2027-01-05,欧冠,Feyenoord,Inter Milan
2027-01-05,欧冠,Porto,Juventus FC
2027-01-06,意甲,AC Milan,ACF Fiorentina
2027-01-06,意甲,Atalanta BC,Como 1907
2027-01-06,意甲,Frosinone Calcio,Bologna FC 1909
2027-01-06,意甲,Genoa CFC,AC Monza
2027-01-06,意甲,Juventus FC,Torino FC
2027-01-06,意甲,SS Lazio,FC Internazionale Milano
2027-01-06,意甲,SSC Napoli,Cagliari Calcio
2027-01-06,意甲,US Lecce,Parma Calcio 1913
2027-01-06,意甲,US Sassuolo Calcio,Udinese Calcio
2027-01-06,意甲,Venezia FC,AS Roma
2027-01-06,英超,Arsenal FC,Brentford FC
2027-01-06,英超,Brighton & Hove Albion FC,AFC Bournemouth
2027-01-06,英超,Crystal Palace FC,Chelsea FC
2027-01-06,英超,Everton FC,Aston Villa FC
2027-01-06,英超,Fulham FC,Tottenham Hotspur FC
2027-01-06,英超,Ipswich Town FC,Coventry City FC
2027-01-06,英超,Leeds United FC,Manchester City FC
2027-01-06,英超,Manchester United FC,Newcastle United FC
2027-01-06,英超,Nottingham Forest FC,Hull City AFC
2027-01-06,英超,Sunderland AFC,Liverpool FC
2027-01-08,荷甲,Ajax,Feyenoord
2027-01-08,荷甲,FC Groningen,FC Twente
2027-01-08,荷甲,PSV Eindhoven,Volendam FC
2027-01-08,荷甲,FC Groningen,PEC Zwolle
2027-01-08,荷甲,RKC Waalwijk,FC Groningen
2027-01-08,荷甲,FC Utrecht,RKC Waalwijk
2027-01-08,荷甲,Go Ahead Eagles,FC Groningen
2027-01-08,葡超,FC Porto,Sporting CP
2027-01-08,葡超,Arouca,Vitória SC
2027-01-08,葡超,SL Benfica,Santa Clara
2027-01-08,葡超,Arouca,Boavista FC
2027-01-08,葡超,Vizela,Arouca
2027-01-08,葡超,Rio Ave FC,Vizela
2027-01-08,葡超,Gil Vicente FC,Arouca
2027-01-09,德甲,1. FC Köln,SC Freiburg
2027-01-09,德甲,Borussia Dortmund,1. FSV Mainz 05
2027-01-09,德甲,Borussia Mönchengladbach,FC Bayern München
2027-01-09,德甲,Eintracht Frankfurt,FC Schalke 04
2027-01-09,德甲,Hamburger SV,Bayer 04 Leverkusen
2027-01-09,德甲,SC Paderborn 07,RB Leipzig
2027-01-09,德甲,SV Werder Bremen,1. FC Union Berlin
2027-01-09,德甲,TSG 1899 Hoffenheim,SV 07 Elversberg
2027-01-09,德甲,VfB Stuttgart,FC Augsburg
2027-01-10,意甲,AC Monza,Frosinone Calcio
2027-01-10,意甲,ACF Fiorentina,US Lecce
2027-01-10,意甲,AS Roma,AC Milan
2027-01-10,意甲,Bologna FC 1909,Genoa CFC
2027-01-10,意甲,Cagliari Calcio,US Sassuolo Calcio
2027-01-10,意甲,Como 1907,SS Lazio
2027-01-10,意甲,FC Internazionale Milano,Juventus FC
2027-01-10,意甲,Parma Calcio 1913,Venezia FC
2027-01-10,意甲,Torino FC,Atalanta BC
2027-01-10,意甲,Udinese Calcio,SSC Napoli
2027-01-10,欧冠,Borussia Dortmund,Juventus FC
2027-01-10,欧冠,Feyenoord,Atlético de Madrid
2027-01-10,欧冠,Atlético de Madrid,Porto
2027-01-10,欧冠,Borussia Dortmund,Real Madrid CF
2027-01-10,欧冠,Liverpool FC,Arsenal FC
2027-01-10,欧冠,Benfica,Paris Saint-Germain FC
2027-01-10,欧冠,Napoli,Real Madrid CF
2027-01-10,西甲,Athletic Club,Villarreal CF
2027-01-10,西甲,CA Osasuna,FC Barcelona
2027-01-10,西甲,Club Atlético de Madrid,Real Racing Club de Santander
2027-01-10,西甲,Deportivo Alavés,Real Sociedad de Fútbol
2027-01-10,西甲,Elche CF,Getafe CF
2027-01-10,西甲,RC Deportivo La Coruña,Rayo Vallecano de Madrid
2027-01-10,西甲,RCD Espanyol de Barcelona,Real Betis Balompié
2027-01-10,西甲,Real Madrid CF,Levante UD
2027-01-10,西甲,Sevilla FC,RC Celta de Vigo
2027-01-10,西甲,Valencia CF,Málaga CF
2027-01-10,韩职,Busan IPark,Gangwon FC
2027-01-10,韩职,Incheon United,Jeju United
2027-01-10,韩职,Pohang Steelers,Seongnam FC
2027-01-10,韩职,Busan IPark,Ulsan Hyundai
2027-01-10,韩职,Incheon United,Gimcheon Sangmu
2027-01-10,韩职,Gangwon FC,FC Seoul
2027-01-10,韩职,Incheon United,Ulsan Hyundai
2027-01-13,德甲,1. FC Köln,Borussia Dortmund
2027-01-13,德甲,1. FC Union Berlin,SC Paderborn 07
2027-01-13,德甲,1. FSV Mainz 05,TSG 1899 Hoffenheim
2027-01-13,德甲,FC Augsburg,Borussia Mönchengladbach
2027-01-13,德甲,FC Bayern München,Bayer 04 Leverkusen
2027-01-13,德甲,FC Schalke 04,SV Werder Bremen
2027-01-13,德甲,RB Leipzig,VfB Stuttgart
2027-01-13,德甲,SC Freiburg,Hamburger SV
2027-01-13,德甲,SV 07 Elversberg,Eintracht Frankfurt
2027-01-14,日职,FC Tokyo,Cerezo Osaka
2027-01-14,日职,Urawa Red Diamonds,Kawasaki Frontale
2027-01-14,日职,Shonan Bellmare,Avispa Fukuoka
2027-01-14,日职,Kyoto Sanga,Vissel Kobe
2027-01-14,日职,Vissel Kobe,Kyoto Sanga
2027-01-14,日职,Shonan Bellmare,Sanfrecce Hiroshima
2027-01-14,日职,Gamba Osaka,Shonan Bellmare
2027-01-14,荷甲,Almere City FC,Fortuna Sittard
2027-01-14,荷甲,Heracles Almelo,Sparta Rotterdam
2027-01-14,荷甲,FC Utrecht,Sparta Rotterdam
2027-01-14,荷甲,AZ Alkmaar,Fortuna Sittard
2027-01-14,荷甲,Fortuna Sittard,Volendam FC
2027-01-14,荷甲,FC Utrecht,PEC Zwolle
2027-01-14,荷甲,FC Twente,PSV Eindhoven
2027-01-14,葡超,Portimonense,Estoril Praia
2027-01-14,葡超,Chaves,Casa Pia AC
2027-01-14,葡超,Rio Ave FC,Casa Pia AC
2027-01-14,葡超,SC Braga,Estoril Praia
2027-01-14,葡超,Estoril Praia,Santa Clara
2027-01-14,葡超,Rio Ave FC,Boavista FC
2027-01-14,葡超,Vitória SC,SL Benfica
2027-01-15,欧冠,Real Madrid CF,Napoli
2027-01-15,欧冠,AC Milan,Bayern München
2027-01-15,欧冠,Napoli,Inter Milan
2027-01-15,欧冠,Real Madrid CF,Juventus FC
2027-01-15,欧冠,Chelsea FC,FC Barcelona
2027-01-15,欧冠,Juventus FC,PSV Eindhoven
2027-01-15,欧冠,Inter Milan,Napoli
2027-01-16,德甲,Bayer 04 Leverkusen,FC Schalke 04
2027-01-16,德甲,Borussia Dortmund,SC Freiburg
2027-01-16,德甲,Borussia Mönchengladbach,1. FC Union Berlin
2027-01-16,德甲,Eintracht Frankfurt,FC Bayern München
2027-01-16,德甲,Hamburger SV,FC Augsburg
2027-01-16,德甲,SC Paderborn 07,1. FC Köln
2027-01-16,德甲,SV Werder Bremen,SV 07 Elversberg
2027-01-16,德甲,TSG 1899 Hoffenheim,RB Leipzig
2027-01-16,德甲,VfB Stuttgart,1. FSV Mainz 05
2027-01-16,法甲,AJ Auxerre,ES Troyes AC
2027-01-16,法甲,AS Monaco FC,Stade Brestois 29
2027-01-16,法甲,Angers SCO,Paris Saint-Germain FC
2027-01-16,法甲,OGC Nice,Le Havre AC
2027-01-16,法甲,Olympique Lyonnais,FC Lorient
2027-01-16,法甲,Olympique de Marseille,Lille OSC
2027-01-16,法甲,Paris FC,Toulouse FC
2027-01-16,法甲,RC Strasbourg Alsace,Le Mans FC
2027-01-16,法甲,Stade Rennais FC 1901,Racing Club de Lens
2027-01-16,英超,AFC Bournemouth,Ipswich Town FC
2027-01-16,英超,Aston Villa FC,Manchester United FC
2027-01-16,英超,Brentford FC,Brighton & Hove Albion FC
2027-01-16,英超,Chelsea FC,Sunderland AFC
2027-01-16,英超,Coventry City FC,Everton FC
2027-01-16,英超,Hull City AFC,Arsenal FC
2027-01-16,英超,Liverpool FC,Crystal Palace FC
2027-01-16,英超,Manchester City FC,Nottingham Forest FC
2027-01-16,英超,Newcastle United FC,Fulham FC
2027-01-16,英超,Tottenham Hotspur FC,Leeds United FC
2027-01-17,意甲,AC Milan,Torino FC
2027-01-17,意甲,Atalanta BC,AS Roma
2027-01-17,意甲,Cagliari Calcio,Como 1907
2027-01-17,意甲,Juventus FC,Genoa CFC
2027-01-17,意甲,Parma Calcio 1913,FC Internazionale Milano
2027-01-17,意甲,SS Lazio,Bologna FC 1909
2027-01-17,意甲,SSC Napoli,ACF Fiorentina
2027-01-17,意甲,US Lecce,Udinese Calcio
2027-01-17,意甲,US Sassuolo Calcio,AC Monza
2027-01-17,意甲,Venezia FC,Frosinone Calcio
2027-01-17,西甲,Club Atlético de Madrid,Real Sociedad de Fútbol
2027-01-17,西甲,FC Barcelona,Elche CF
2027-01-17,西甲,Getafe CF,Athletic Club
2027-01-17,西甲,Levante UD,RCD Espanyol de Barcelona
2027-01-17,西甲,Málaga CF,Real Madrid CF
2027-01-17,西甲,RC Celta de Vigo,Valencia CF
2027-01-17,西甲,Rayo Vallecano de Madrid,Sevilla FC
2027-01-17,西甲,Real Betis Balompié,RC Deportivo La Coruña
2027-01-17,西甲,Real Racing Club de Santander,CA Osasuna
2027-01-17,西甲,Villarreal CF,Deportivo Alavés
2027-01-20,欧冠,Manchester City FC,Arsenal FC
2027-01-20,欧冠,AC Milan,Celtic FC
2027-01-20,欧冠,Real Madrid CF,Liverpool FC
2027-01-20,欧冠,Porto,Benfica
2027-01-20,欧冠,Manchester City FC,AC Milan
2027-01-20,欧冠,Napoli,Bayern München
2027-01-20,欧冠,RB Leipzig,AC Milan
2027-01-20,荷甲,Ajax,Almere City FC
2027-01-20,荷甲,RKC Waalwijk,Volendam FC
2027-01-20,荷甲,SC Heerenveen,Fortuna Sittard
2027-01-20,荷甲,FC Twente,Vitesse Arnhem
2027-01-20,荷甲,FC Twente,Go Ahead Eagles
2027-01-20,荷甲,Vitesse Arnhem,RKC Waalwijk
2027-01-20,荷甲,Fortuna Sittard,Go Ahead Eagles
2027-01-20,葡超,FC Porto,Portimonense
2027-01-20,葡超,Vizela,Santa Clara
2027-01-20,葡超,Estrela da Amadora,Estoril Praia
2027-01-20,葡超,Vitória SC,Moreirense FC
2027-01-20,葡超,Vitória SC,Gil Vicente FC
2027-01-20,葡超,Moreirense FC,Vizela
2027-01-20,葡超,Estoril Praia,Gil Vicente FC
2027-01-20,韩职,FC Seoul,Gimcheon Sangmu
2027-01-20,韩职,Seongnam FC,Daegu FC
2027-01-20,韩职,Seongnam FC,FC Seoul
2027-01-20,韩职,Jeonbuk Hyundai Motors,Gangwon FC
2027-01-20,韩职,Suwon Samsung Bluewings,FC Seoul
2027-01-20,韩职,Daegu FC,Suwon Samsung Bluewings
2027-01-20,韩职,Busan IPark,Jeonbuk Hyundai Motors
2027-01-23,德甲,Bayer 04 Leverkusen,SV 07 Elversberg
2027-01-23,德甲,Borussia Mönchengladbach,RB Leipzig
2027-01-23,德甲,Eintracht Frankfurt,1. FC Union Berlin
2027-01-23,德甲,FC Schalke 04,FC Augsburg
2027-01-23,德甲,Hamburger SV,Borussia Dortmund
2027-01-23,德甲,SC Paderborn 07,1. FSV Mainz 05
2027-01-23,德甲,SV Werder Bremen,SC Freiburg
2027-01-23,德甲,TSG 1899 Hoffenheim,1. FC Köln
2027-01-23,德甲,VfB Stuttgart,FC Bayern München
2027-01-23,日职,Shonan Bellmare,Kashima Antlers
2027-01-23,日职,Sagan Tosu,Kyoto Sanga
2027-01-23,日职,Sanfrecce Hiroshima,Shonan Bellmare
2027-01-23,日职,Tokyo Verdy,FC Tokyo
2027-01-23,日职,Gamba Osaka,Vissel Kobe
2027-01-23,日职,Sanfrecce Hiroshima,Gamba Osaka
2027-01-23,日职,Kawasaki Frontale,Gamba Osaka
2027-01-23,法甲,ES Troyes AC,AS Monaco FC
2027-01-23,法甲,FC Lorient,Olympique de Marseille
2027-01-23,法甲,Le Havre AC,Stade Rennais FC 1901
2027-01-23,法甲,Le Mans FC,Angers SCO
2027-01-23,法甲,Lille OSC,Paris FC
2027-01-23,法甲,Paris Saint-Germain FC,AJ Auxerre
2027-01-23,法甲,RC Strasbourg Alsace,Olympique Lyonnais
2027-01-23,法甲,Racing Club de Lens,Stade Brestois 29
2027-01-23,法甲,Toulouse FC,OGC Nice
2027-01-23,英超,Arsenal FC,Newcastle United FC
2027-01-23,英超,Brighton & Hove Albion FC,Manchester City FC
2027-01-23,英超,Crystal Palace FC,Tottenham Hotspur FC
2027-01-23,英超,Everton FC,Brentford FC
2027-01-23,英超,Fulham FC,Aston Villa FC
2027-01-23,英超,Ipswich Town FC,Hull City AFC
2027-01-23,英超,Leeds United FC,Chelsea FC
2027-01-23,英超,Manchester United FC,Liverpool FC
2027-01-23,英超,Nottingham Forest FC,AFC Bournemouth
2027-01-23,英超,Sunderland AFC,Coventry City FC
2027-01-24,意甲,AC Monza,SS Lazio
2027-01-24,意甲,ACF Fiorentina,US Sassuolo Calcio
2027-01-24,意甲,AS Roma,Udinese Calcio
2027-01-24,意甲,Bologna FC 1909,Atalanta BC
2027-01-24,意甲,Como 1907,SSC Napoli
2027-01-24,意甲,FC Internazionale Milano,Venezia FC
2027-01-24,意甲,Frosinone Calcio,AC Milan
2027-01-24,意甲,Genoa CFC,Parma Calcio 1913
2027-01-24,意甲,Juventus FC,Cagliari Calcio
2027-01-24,意甲,US Lecce,Torino FC
2027-01-24,西甲,Athletic Club,Levante UD
2027-01-24,西甲,Deportivo Alavés,FC Barcelona
2027-01-24,西甲,Elche CF,Rayo Vallecano de Madrid
2027-01-24,西甲,Getafe CF,CA Osasuna
2027-01-24,西甲,RC Deportivo La Coruña,Club Atlético de Madrid
2027-01-24,西甲,RCD Espanyol de Barcelona,Villarreal CF
2027-01-24,西甲,Real Madrid CF,Real Betis Balompié
2027-01-24,西甲,Real Racing Club de Santander,RC Celta de Vigo
2027-01-24,西甲,Real Sociedad de Fútbol,Málaga CF
2027-01-24,西甲,Valencia CF,Sevilla FC
2027-01-25,欧冠,PSV Eindhoven,Benfica
2027-01-25,欧冠,AC Milan,Inter Milan
2027-01-25,欧冠,Benfica,Atlético de Madrid
2027-01-25,欧冠,Liverpool FC,FC Barcelona
2027-01-25,欧冠,Benfica,Feyenoord
2027-01-25,欧冠,Chelsea FC,Manchester City FC
2027-01-25,欧冠,Manchester City FC,FC Barcelona
2027-01-26,荷甲,Feyenoord,RKC Waalwijk
2027-01-26,荷甲,FC Groningen,Sparta Rotterdam
2027-01-26,荷甲,Go Ahead Eagles,Almere City FC
2027-01-26,荷甲,Fortuna Sittard,AZ Alkmaar
2027-01-26,荷甲,Volendam FC,FC Twente
2027-01-26,荷甲,Volendam FC,Fortuna Sittard
2027-01-26,荷甲,PEC Zwolle,FC Twente
2027-01-26,葡超,Sporting CP,Vizela
2027-01-26,葡超,Arouca,Casa Pia AC
2027-01-26,葡超,Gil Vicente FC,Portimonense
2027-01-26,葡超,Estoril Praia,SC Braga
2027-01-26,葡超,Santa Clara,Vitória SC
2027-01-26,葡超,Santa Clara,Estoril Praia
2027-01-26,葡超,Boavista FC,Vitória SC
2027-01-30,德甲,1. FC Köln,VfB Stuttgart
2027-01-30,德甲,1. FC Union Berlin,Bayer 04 Leverkusen
2027-01-30,德甲,1. FSV Mainz 05,Hamburger SV
2027-01-30,德甲,Borussia Dortmund,TSG 1899 Hoffenheim
2027-01-30,德甲,FC Augsburg,Eintracht Frankfurt
2027-01-30,德甲,FC Bayern München,FC Schalke 04
2027-01-30,德甲,RB Leipzig,SV Werder Bremen
2027-01-30,德甲,SC Freiburg,SC Paderborn 07
2027-01-30,德甲,SV 07 Elversberg,Borussia Mönchengladbach
2027-01-30,欧冠,FC Barcelona,Juventus FC
2027-01-30,欧冠,Arsenal FC,Bayern München
2027-01-30,欧冠,Arsenal FC,AC Milan
2027-01-30,欧冠,RB Leipzig,Bayern München
2027-01-30,欧冠,Porto,Inter Milan
2027-01-30,欧冠,Manchester City FC,Bayern München
2027-01-30,欧冠,Bayern München,Porto
2027-01-30,法甲,AS Monaco FC,Paris Saint-Germain FC
2027-01-30,法甲,Angers SCO,Le Havre AC
2027-01-30,法甲,Le Mans FC,OGC Nice
2027-01-30,法甲,Olympique Lyonnais,Lille OSC
2027-01-30,法甲,Olympique de Marseille,ES Troyes AC
2027-01-30,法甲,Paris FC,AJ Auxerre
2027-01-30,法甲,Stade Brestois 29,RC Strasbourg Alsace
2027-01-30,法甲,Stade Rennais FC 1901,FC Lorient
2027-01-30,法甲,Toulouse FC,Racing Club de Lens
2027-01-30,英超,AFC Bournemouth,Fulham FC
2027-01-30,英超,Aston Villa FC,Ipswich Town FC
2027-01-30,英超,Brentford FC,Manchester United FC
2027-01-30,英超,Chelsea FC,Nottingham Forest FC
2027-01-30,英超,Coventry City FC,Leeds United FC
2027-01-30,英超,Hull City AFC,Crystal Palace FC
2027-01-30,英超,Liverpool FC,Everton FC
2027-01-30,英超,Manchester City FC,Arsenal FC
2027-01-30,英超,Newcastle United FC,Brighton & Hove Albion FC
2027-01-30,英超,Tottenham Hotspur FC,Sunderland AFC
2027-01-30,韩职,Seongnam FC,Jeonbuk Hyundai Motors
2027-01-30,韩职,Suwon Samsung Bluewings,Gangwon FC
2027-01-30,韩职,Jeonbuk Hyundai Motors,Seongnam FC
2027-01-30,韩职,Jeju United,Seongnam FC
2027-01-30,韩职,Kyoto Sanga,FC Seoul
2027-01-30,韩职,Daegu FC,Gangwon FC
2027-01-30,韩职,Daejeon Hana Citizen,Suwon Samsung Bluewings
2027-01-31,意甲,AC Milan,Juventus FC
2027-01-31,意甲,AC Monza,AS Roma
2027-01-31,意甲,Atalanta BC,ACF Fiorentina
2027-01-31,意甲,Cagliari Calcio,Parma Calcio 1913
2027-01-31,意甲,Genoa CFC,US Lecce
2027-01-31,意甲,SS Lazio,Venezia FC
2027-01-31,意甲,SSC Napoli,FC Internazionale Milano
2027-01-31,意甲,Torino FC,Frosinone Calcio
2027-01-31,意甲,US Sassuolo Calcio,Como 1907
2027-01-31,意甲,Udinese Calcio,Bologna FC 1909
2027-01-31,西甲,CA Osasuna,RC Deportivo La Coruña
2027-01-31,西甲,Club Atlético de Madrid,RCD Espanyol de Barcelona
2027-01-31,西甲,FC Barcelona,Valencia CF
2027-01-31,西甲,Levante UD,Real Sociedad de Fútbol
2027-01-31,西甲,Málaga CF,Deportivo Alavés
2027-01-31,西甲,RC Celta de Vigo,Getafe CF
2027-01-31,西甲,Rayo Vallecano de Madrid,Real Madrid CF
2027-01-31,西甲,Real Betis Balompié,Elche CF
2027-01-31,西甲,Sevilla FC,Athletic Club
2027-01-31,西甲,Villarreal CF,Real Racing Club de Santander
2027-02-01,日职,Kawasaki Frontale,Avispa Fukuoka
2027-02-01,日职,Cerezo Osaka,Kyoto Sanga
2027-02-01,日职,Gamba Osaka,Kyoto Sanga
2027-02-01,日职,Avispa Fukuoka,Sagan Tosu
2027-02-01,日职,Sanfrecce Hiroshima,Kawasaki Frontale
2027-02-01,日职,Yokohama F. Marinos,Shonan Bellmare
2027-02-01,日职,Urawa Red Diamonds,Shonan Bellmare
2027-02-01,荷甲,SC Heerenveen,FC Twente
2027-02-01,荷甲,Vitesse Arnhem,Almere City FC
2027-02-01,荷甲,PEC Zwolle,Heracles Almelo
2027-02-01,荷甲,FC Groningen,RKC Waalwijk
2027-02-01,荷甲,AZ Alkmaar,Feyenoord
2027-02-01,荷甲,PSV Eindhoven,AZ Alkmaar
2027-02-01,荷甲,SC Heerenveen,AZ Alkmaar
2027-02-01,葡超,Estrela da Amadora,Vitória SC
2027-02-01,葡超,Moreirense FC,Portimonense
2027-02-01,葡超,Boavista FC,Chaves
2027-02-01,葡超,Arouca,Vizela
2027-02-01,葡超,SC Braga,Sporting CP
2027-02-01,葡超,SL Benfica,SC Braga
2027-02-01,葡超,Estrela da Amadora,SC Braga
2027-02-04,欧冠,Inter Milan,Celtic FC
2027-02-04,欧冠,Benfica,Real Madrid CF
2027-02-04,欧冠,Benfica,Liverpool FC
2027-02-04,欧冠,Paris Saint-Germain FC,FC Barcelona
2027-02-04,欧冠,Benfica,Juventus FC
2027-02-04,欧冠,Chelsea FC,Juventus FC
2027-02-04,欧冠,RB Leipzig,FC Barcelona
2027-02-06,德甲,Bayer 04 Leverkusen,FC Augsburg
2027-02-06,德甲,Borussia Mönchengladbach,SC Freiburg
2027-02-06,德甲,Eintracht Frankfurt,1. FSV Mainz 05
2027-02-06,德甲,FC Bayern München,SV 07 Elversberg
2027-02-06,德甲,FC Schalke 04,1. FC Union Berlin
2027-02-06,德甲,Hamburger SV,RB Leipzig
2027-02-06,德甲,SC Paderborn 07,Borussia Dortmund
2027-02-06,德甲,SV Werder Bremen,1. FC Köln
2027-02-06,德甲,VfB Stuttgart,TSG 1899 Hoffenheim
2027-02-06,法甲,AJ Auxerre,AS Monaco FC
2027-02-06,法甲,ES Troyes AC,Lille OSC
2027-02-06,法甲,FC Lorient,Le Mans FC
2027-02-06,法甲,Le Havre AC,Toulouse FC
2027-02-06,法甲,OGC Nice,Stade Brestois 29
2027-02-06,法甲,RC Strasbourg Alsace,Paris FC
2027-02-06,法甲,Racing Club de Lens,Angers SCO
2027-02-06,法甲,Stade Rennais FC 1901,Olympique Lyonnais
2027-02-06,英超,Arsenal FC,Liverpool FC
2027-02-06,英超,Brighton & Hove Albion FC,Hull City AFC
2027-02-06,英超,Crystal Palace FC,Coventry City FC
2027-02-06,英超,Everton FC,Newcastle United FC
2027-02-06,英超,Fulham FC,Manchester City FC
2027-02-06,英超,Ipswich Town FC,Tottenham Hotspur FC
2027-02-06,英超,Leeds United FC,AFC Bournemouth
2027-02-06,英超,Manchester United FC,Chelsea FC
2027-02-06,英超,Nottingham Forest FC,Brentford FC
2027-02-06,英超,Sunderland AFC,Aston Villa FC
2027-02-07,意甲,ACF Fiorentina,Udinese Calcio
2027-02-07,意甲,AS Roma,Torino FC
2027-02-07,意甲,Atalanta BC,SS Lazio
2027-02-07,意甲,Bologna FC 1909,AC Milan
2027-02-07,意甲,Como 1907,AC Monza
2027-02-07,意甲,FC Internazionale Milano,Cagliari Calcio
2027-02-07,意甲,Juventus FC,US Sassuolo Calcio
2027-02-07,意甲,Parma Calcio 1913,Frosinone Calcio
2027-02-07,意甲,US Lecce,SSC Napoli
2027-02-07,意甲,Venezia FC,Genoa CFC
2027-02-07,法甲,Paris Saint-Germain FC,Olympique de Marseille
2027-02-07,荷甲,FC Utrecht,FC Groningen
2027-02-07,荷甲,FC Groningen,Almere City FC
2027-02-07,荷甲,Vitesse Arnhem,FC Twente
2027-02-07,荷甲,SC Heerenveen,FC Utrecht
2027-02-07,荷甲,Sparta Rotterdam,Heracles Almelo
2027-02-07,荷甲,Sparta Rotterdam,SC Heerenveen
2027-02-07,荷甲,SC Heerenveen,PEC Zwolle
2027-02-07,葡超,Rio Ave FC,Arouca
2027-02-07,葡超,Arouca,Portimonense
2027-02-07,葡超,Moreirense FC,Vitória SC
2027-02-07,葡超,Estrela da Amadora,Rio Ave FC
2027-02-07,葡超,Casa Pia AC,Chaves
2027-02-07,葡超,Casa Pia AC,Estrela da Amadora
2027-02-07,葡超,Estrela da Amadora,Boavista FC
2027-02-07,西甲,Athletic Club,CA Osasuna
2027-02-07,西甲,Deportivo Alavés,RC Celta de Vigo
2027-02-07,西甲,Elche CF,Levante UD
2027-02-07,西甲,FC Barcelona,Club Atlético de Madrid
2027-02-07,西甲,Getafe CF,Villarreal CF
2027-02-07,西甲,RC Deportivo La Coruña,Málaga CF
2027-02-07,西甲,RCD Espanyol de Barcelona,Rayo Vallecano de Madrid
2027-02-07,西甲,Real Betis Balompié,Sevilla FC
2027-02-07,西甲,Real Sociedad de Fútbol,Real Madrid CF
2027-02-07,西甲,Valencia CF,Real Racing Club de Santander
2027-02-09,欧冠,AC Milan,RB Leipzig
2027-02-09,欧冠,AC Milan,Juventus FC
2027-02-09,欧冠,Paris Saint-Germain FC,Chelsea FC
2027-02-09,欧冠,Real Madrid CF,FC Barcelona
2027-02-09,欧冠,Napoli,PSV Eindhoven
2027-02-09,欧冠,Arsenal FC,Chelsea FC
2027-02-09,欧冠,PSV Eindhoven,Porto
2027-02-09,韩职,Jeonbuk Hyundai Motors,Daejeon Hana Citizen
2027-02-09,韩职,Ulsan Hyundai,Daegu FC
2027-02-09,韩职,Incheon United,Gangwon FC
2027-02-09,韩职,FC Seoul,Jeonbuk Hyundai Motors
2027-02-09,韩职,Daejeon Hana Citizen,Jeju United
2027-02-09,韩职,Ulsan Hyundai,Gangwon FC
2027-02-09,韩职,Daegu FC,Jeonbuk Hyundai Motors
2027-02-10,日职,Kyoto Sanga,Kawasaki Frontale
2027-02-10,日职,Vissel Kobe,Shonan Bellmare
2027-02-10,日职,Vissel Kobe,Avispa Fukuoka
2027-02-10,日职,Kashima Antlers,Kawasaki Frontale
2027-02-10,日职,Tokyo Verdy,Vissel Kobe
2027-02-10,日职,Cerezo Osaka,Sagan Tosu
2027-02-10,日职,Kashima Antlers,Shonan Bellmare
2027-02-10,英超,Aston Villa FC,AFC Bournemouth
2027-02-10,英超,Coventry City FC,Liverpool FC
2027-02-10,英超,Crystal Palace FC,Brentford FC
2027-02-10,英超,Everton FC,Leeds United FC
2027-02-10,英超,Fulham FC,Nottingham Forest FC
2027-02-10,英超,Hull City AFC,Sunderland AFC
2027-02-10,英超,Ipswich Town FC,Arsenal FC
2027-02-10,英超,Manchester United FC,Brighton & Hove Albion FC
2027-02-10,英超,Newcastle United FC,Chelsea FC
2027-02-10,英超,Tottenham Hotspur FC,Manchester City FC
2027-02-13,德甲,1. FC Köln,Hamburger SV
2027-02-13,德甲,1. FC Union Berlin,FC Bayern München
2027-02-13,德甲,1. FSV Mainz 05,Borussia Mönchengladbach
2027-02-13,德甲,Borussia Dortmund,VfB Stuttgart
2027-02-13,德甲,FC Augsburg,SV Werder Bremen
2027-02-13,德甲,RB Leipzig,Bayer 04 Leverkusen
2027-02-13,德甲,SC Freiburg,Eintracht Frankfurt
2027-02-13,德甲,SV 07 Elversberg,FC Schalke 04
2027-02-13,德甲,TSG 1899 Hoffenheim,SC Paderborn 07
2027-02-13,法甲,AJ Auxerre,RC Strasbourg Alsace
2027-02-13,法甲,FC Lorient,Le Havre AC
2027-02-13,法甲,Le Mans FC,Paris Saint-Germain FC
2027-02-13,法甲,Lille OSC,OGC Nice
2027-02-13,法甲,Olympique Lyonnais,Racing Club de Lens
2027-02-13,法甲,Olympique de Marseille,Angers SCO
2027-02-13,法甲,Paris FC,ES Troyes AC
2027-02-13,法甲,Stade Brestois 29,Stade Rennais FC 1901
2027-02-13,法甲,Toulouse FC,AS Monaco FC
2027-02-13,荷甲,Almere City FC,FC Twente
2027-02-13,荷甲,PSV Eindhoven,Heracles Almelo
2027-02-13,荷甲,Almere City FC,SC Heerenveen
2027-02-13,荷甲,PEC Zwolle,NEC Nijmegen
2027-02-13,荷甲,AZ Alkmaar,Sparta Rotterdam
2027-02-13,荷甲,Feyenoord,Fortuna Sittard
2027-02-13,荷甲,Sparta Rotterdam,FC Groningen
2027-02-13,葡超,Portimonense,Vitória SC
2027-02-13,葡超,SL Benfica,Chaves
2027-02-13,葡超,Portimonense,Estrela da Amadora
2027-02-13,葡超,Boavista FC,Famalicão
2027-02-13,葡超,SC Braga,Casa Pia AC
2027-02-13,葡超,Sporting CP,Estoril Praia
2027-02-13,葡超,Casa Pia AC,Arouca
2027-02-14,意甲,AC Monza,US Lecce
2027-02-14,意甲,AS Roma,Parma Calcio 1913
2027-02-14,意甲,Bologna FC 1909,Como 1907
2027-02-14,意甲,Cagliari Calcio,SS Lazio
2027-02-14,意甲,FC Internazionale Milano,AC Milan
2027-02-14,意甲,Frosinone Calcio,ACF Fiorentina
2027-02-14,意甲,Genoa CFC,Atalanta BC
2027-02-14,意甲,SSC Napoli,Juventus FC
2027-02-14,意甲,Torino FC,US Sassuolo Calcio
2027-02-14,意甲,Udinese Calcio,Venezia FC
2027-02-14,欧冠,Liverpool FC,Manchester City FC
2027-02-14,欧冠,Arsenal FC,Atlético de Madrid
2027-02-14,欧冠,PSV Eindhoven,Atlético de Madrid
2027-02-14,欧冠,Bayern München,PSV Eindhoven
2027-02-14,欧冠,Paris Saint-Germain FC,Celtic FC
2027-02-14,欧冠,FC Barcelona,PSV Eindhoven
2027-02-14,欧冠,Paris Saint-Germain FC,PSV Eindhoven
2027-02-14,西甲,CA Osasuna,Club Atlético de Madrid
2027-02-14,西甲,Elche CF,RC Deportivo La Coruña
2027-02-14,西甲,Levante UD,Málaga CF
2027-02-14,西甲,RC Celta de Vigo,Rayo Vallecano de Madrid
2027-02-14,西甲,Real Madrid CF,Athletic Club
2027-02-14,西甲,Real Racing Club de Santander,Getafe CF
2027-02-14,西甲,Real Sociedad de Fútbol,Real Betis Balompié
2027-02-14,西甲,Sevilla FC,RCD Espanyol de Barcelona
2027-02-14,西甲,Valencia CF,Deportivo Alavés
2027-02-14,西甲,Villarreal CF,FC Barcelona
2027-02-19,日职,FC Tokyo,Sagan Tosu
2027-02-19,日职,Sagan Tosu,Yokohama F. Marinos
2027-02-19,日职,Tokyo Verdy,Avispa Fukuoka
2027-02-19,日职,Kyoto Sanga,Nagoya Grampus
2027-02-19,日职,Urawa Red Diamonds,Sagan Tosu
2027-02-19,日职,Urawa Red Diamonds,Gamba Osaka
2027-02-19,日职,FC Tokyo,Shonan Bellmare
2027-02-19,欧冠,Borussia Dortmund,Celtic FC
2027-02-19,欧冠,AC Milan,Borussia Dortmund
2027-02-19,欧冠,Feyenoord,RB Leipzig
2027-02-19,欧冠,FC Barcelona,Arsenal FC
2027-02-19,欧冠,Liverpool FC,Real Madrid CF
2027-02-19,欧冠,Liverpool FC,Benfica
2027-02-19,欧冠,Porto,AC Milan
2027-02-19,荷甲,Ajax,FC Utrecht
2027-02-19,荷甲,Sparta Rotterdam,Almere City FC
2027-02-19,荷甲,PSV Eindhoven,SC Heerenveen
2027-02-19,荷甲,Ajax,Go Ahead Eagles
2027-02-19,荷甲,Sparta Rotterdam,NEC Nijmegen
2027-02-19,荷甲,Sparta Rotterdam,Go Ahead Eagles
2027-02-19,荷甲,Volendam FC,Sparta Rotterdam
2027-02-19,葡超,FC Porto,Rio Ave FC
2027-02-19,葡超,Casa Pia AC,Portimonense
2027-02-19,葡超,SL Benfica,Estrela da Amadora
2027-02-19,葡超,FC Porto,Gil Vicente FC
2027-02-19,葡超,Casa Pia AC,Famalicão
2027-02-19,葡超,Casa Pia AC,Gil Vicente FC
2027-02-19,葡超,Santa Clara,Casa Pia AC
2027-02-19,韩职,Jeju United,Kyoto Sanga
2027-02-19,韩职,Pohang Steelers,Daegu FC
2027-02-19,韩职,Seongnam FC,Gangwon FC
2027-02-19,韩职,Gimcheon Sangmu,Ulsan Hyundai
2027-02-19,韩职,Daejeon Hana Citizen,Jeonbuk Hyundai Motors
2027-02-19,韩职,Jeju United,Incheon United
2027-02-19,韩职,Incheon United,FC Seoul
2027-02-20,德甲,Bayer 04 Leverkusen,1. FSV Mainz 05
2027-02-20,德甲,Borussia Mönchengladbach,1. FC Köln
2027-02-20,德甲,Eintracht Frankfurt,RB Leipzig
2027-02-20,德甲,FC Bayern München,FC Augsburg
2027-02-20,德甲,FC Schalke 04,SC Freiburg
2027-02-20,德甲,Hamburger SV,TSG 1899 Hoffenheim
2027-02-20,德甲,SV 07 Elversberg,1. FC Union Berlin
2027-02-20,德甲,SV Werder Bremen,Borussia Dortmund
2027-02-20,德甲,VfB Stuttgart,SC Paderborn 07
2027-02-20,法甲,AS Monaco FC,Le Mans FC
2027-02-20,法甲,Angers SCO,Paris FC
2027-02-20,法甲,Le Havre AC,Olympique Lyonnais
2027-02-20,法甲,Lille OSC,FC Lorient
2027-02-20,法甲,OGC Nice,AJ Auxerre
2027-02-20,法甲,Paris Saint-Germain FC,Stade Brestois 29
2027-02-20,法甲,RC Strasbourg Alsace,Olympique de Marseille
2027-02-20,法甲,Racing Club de Lens,ES Troyes AC
2027-02-20,法甲,Stade Rennais FC 1901,Toulouse FC
2027-02-20,英超,AFC Bournemouth,Crystal Palace FC
2027-02-20,英超,Arsenal FC,Fulham FC
2027-02-20,英超,Brentford FC,Coventry City FC
2027-02-20,英超,Brighton & Hove Albion FC,Tottenham Hotspur FC
2027-02-20,英超,Chelsea FC,Ipswich Town FC
2027-02-20,英超,Leeds United FC,Aston Villa FC
2027-02-20,英超,Liverpool FC,Hull City AFC
2027-02-20,英超,Manchester City FC,Newcastle United FC
2027-02-20,英超,Nottingham Forest FC,Manchester United FC
2027-02-20,英超,Sunderland AFC,Everton FC
2027-02-21,意甲,AC Milan,Genoa CFC
2027-02-21,意甲,ACF Fiorentina,FC Internazionale Milano
2027-02-21,意甲,Atalanta BC,AC Monza
2027-02-21,意甲,Como 1907,Torino FC
2027-02-21,意甲,Juventus FC,Bologna FC 1909
2027-02-21,意甲,SS Lazio,SSC Napoli
2027-02-21,意甲,US Lecce,Frosinone Calcio
2027-02-21,意甲,US Sassuolo Calcio,AS Roma
2027-02-21,意甲,Udinese Calcio,Parma Calcio 1913
2027-02-21,意甲,Venezia FC,Cagliari Calcio
2027-02-21,西甲,Athletic Club,RC Celta de Vigo
2027-02-21,西甲,Club Atlético de Madrid,Elche CF
2027-02-21,西甲,Deportivo Alavés,Real Racing Club de Santander
2027-02-21,西甲,FC Barcelona,Levante UD
2027-02-21,西甲,Málaga CF,Real Betis Balompié
2027-02-21,西甲,RC Deportivo La Coruña,Real Sociedad de Fútbol
2027-02-21,西甲,RCD Espanyol de Barcelona,CA Osasuna
2027-02-21,西甲,Rayo Vallecano de Madrid,Getafe CF
2027-02-21,西甲,Sevilla FC,Real Madrid CF
2027-02-21,西甲,Villarreal CF,Valencia CF
2027-02-24,欧冠,Feyenoord,Paris Saint-Germain FC
2027-02-24,欧冠,Celtic FC,Paris Saint-Germain FC
2027-02-24,欧冠,Real Madrid CF,PSV Eindhoven
2027-02-24,欧冠,Feyenoord,Chelsea FC
2027-02-24,欧冠,Chelsea FC,Celtic FC
2027-02-24,欧冠,Manchester City FC,Paris Saint-Germain FC
2027-02-24,欧冠,FC Barcelona,Napoli
2027-02-25,荷甲,PEC Zwolle,Feyenoord
2027-02-25,荷甲,Sparta Rotterdam,Vitesse Arnhem
2027-02-25,荷甲,PSV Eindhoven,FC Groningen
2027-02-25,荷甲,FC Groningen,Heracles Almelo
2027-02-25,荷甲,PEC Zwolle,SC Heerenveen
2027-02-25,荷甲,Heracles Almelo,FC Utrecht
2027-02-25,荷甲,FC Twente,Feyenoord
2027-02-25,葡超,Boavista FC,Sporting CP
2027-02-25,葡超,Casa Pia AC,Moreirense FC
2027-02-25,葡超,SL Benfica,Arouca
2027-02-25,葡超,Arouca,Chaves
2027-02-25,葡超,Boavista FC,Estrela da Amadora
2027-02-25,葡超,Chaves,Rio Ave FC
2027-02-25,葡超,Vitória SC,Sporting CP
2027-02-27,德甲,1. FC Köln,Eintracht Frankfurt
2027-02-27,德甲,1. FSV Mainz 05,FC Schalke 04
2027-02-27,德甲,Borussia Dortmund,1. FC Union Berlin
2027-02-27,德甲,FC Augsburg,SV 07 Elversberg
2027-02-27,德甲,RB Leipzig,FC Bayern München
2027-02-27,德甲,SC Freiburg,Bayer 04 Leverkusen
2027-02-27,德甲,SC Paderborn 07,SV Werder Bremen
2027-02-27,德甲,TSG 1899 Hoffenheim,Borussia Mönchengladbach
2027-02-27,德甲,VfB Stuttgart,Hamburger SV
2027-02-27,法甲,AJ Auxerre,Lille OSC
2027-02-27,法甲,ES Troyes AC,OGC Nice
2027-02-27,法甲,FC Lorient,Angers SCO
2027-02-27,法甲,Le Mans FC,Paris FC
2027-02-27,法甲,Olympique Lyonnais,Toulouse FC
2027-02-27,法甲,Olympique de Marseille,Stade Rennais FC 1901
2027-02-27,法甲,RC Strasbourg Alsace,Le Havre AC
2027-02-27,法甲,Stade Brestois 29,AS Monaco FC
2027-02-27,英超,Aston Villa FC,Chelsea FC
2027-02-27,英超,Coventry City FC,AFC Bournemouth
2027-02-27,英超,Crystal Palace FC,Sunderland AFC
2027-02-27,英超,Everton FC,Nottingham Forest FC
2027-02-27,英超,Fulham FC,Leeds United FC
2027-02-27,英超,Hull City AFC,Manchester City FC
2027-02-27,英超,Ipswich Town FC,Brighton & Hove Albion FC
2027-02-27,英超,Manchester United FC,Arsenal FC
2027-02-27,英超,Newcastle United FC,Brentford FC
2027-02-27,英超,Tottenham Hotspur FC,Liverpool FC
2027-02-28,意甲,AC Monza,Juventus FC
2027-02-28,意甲,AS Roma,Venezia FC
2027-02-28,意甲,Bologna FC 1909,US Lecce
2027-02-28,意甲,Cagliari Calcio,Udinese Calcio
2027-02-28,意甲,Como 1907,AC Milan
2027-02-28,意甲,FC Internazionale Milano,Atalanta BC
2027-02-28,意甲,Frosinone Calcio,SSC Napoli
2027-02-28,意甲,Genoa CFC,SS Lazio
2027-02-28,意甲,Parma Calcio 1913,US Sassuolo Calcio
2027-02-28,意甲,Torino FC,ACF Fiorentina
2027-02-28,日职,Sanfrecce Hiroshima,Yokohama F. Marinos
2027-02-28,日职,Avispa Fukuoka,Kawasaki Frontale
2027-02-28,日职,Tokyo Verdy,Nagoya Grampus
2027-02-28,日职,Vissel Kobe,Tokyo Verdy
2027-02-28,日职,Sagan Tosu,Urawa Red Diamonds
2027-02-28,日职,Kashima Antlers,Nagoya Grampus
2027-02-28,日职,Yokohama F. Marinos,Tokyo Verdy
2027-02-28,法甲,Paris Saint-Germain FC,Racing Club de Lens
2027-02-28,西甲,Athletic Club,FC Barcelona
2027-02-28,西甲,CA Osasuna,Sevilla FC
2027-02-28,西甲,Getafe CF,Deportivo Alavés
2027-02-28,西甲,Levante UD,RC Deportivo La Coruña
2027-02-28,西甲,Málaga CF,Club Atlético de Madrid
2027-02-28,西甲,RC Celta de Vigo,RCD Espanyol de Barcelona
2027-02-28,西甲,Real Betis Balompié,Villarreal CF
2027-02-28,西甲,Real Madrid CF,Valencia CF
2027-02-28,西甲,Real Racing Club de Santander,Rayo Vallecano de Madrid
2027-02-28,西甲,Real Sociedad de Fútbol,Elche CF
2027-03-01,欧冠,Real Madrid CF,Chelsea FC
2027-03-01,欧冠,FC Barcelona,Inter Milan
2027-03-01,欧冠,Juventus FC,Napoli
2027-03-01,欧冠,Juventus FC,Porto
2027-03-01,欧冠,FC Barcelona,Feyenoord
2027-03-01,欧冠,Napoli,Celtic FC
2027-03-01,欧冠,Celtic FC,Napoli
2027-03-01,韩职,Ulsan Hyundai,Busan IPark
2027-03-01,韩职,Jeju United,Daegu FC
2027-03-01,韩职,Jeju United,Jeonbuk Hyundai Motors
2027-03-01,韩职,Gimcheon Sangmu,Incheon United
2027-03-01,韩职,Gangwon FC,Ulsan Hyundai
2027-03-01,韩职,Busan IPark,Pohang Steelers
2027-03-01,韩职,FC Seoul,Seongnam FC
2027-03-03,德甲,1. FC Union Berlin,FC Augsburg
2027-03-03,德甲,Bayer 04 Leverkusen,TSG 1899 Hoffenheim
2027-03-03,德甲,Borussia Mönchengladbach,VfB Stuttgart
2027-03-03,德甲,Eintracht Frankfurt,Borussia Dortmund
2027-03-03,德甲,FC Bayern München,SC Freiburg
2027-03-03,德甲,FC Schalke 04,1. FC Köln
2027-03-03,德甲,Hamburger SV,SC Paderborn 07
2027-03-03,德甲,SV 07 Elversberg,RB Leipzig
2027-03-03,德甲,SV Werder Bremen,1. FSV Mainz 05
2027-03-03,英超,AFC Bournemouth,Tottenham Hotspur FC
2027-03-03,英超,Arsenal FC,Crystal Palace FC
2027-03-03,英超,Brentford FC,Ipswich Town FC
2027-03-03,英超,Brighton & Hove Albion FC,Fulham FC
2027-03-03,英超,Chelsea FC,Coventry City FC
2027-03-03,英超,Leeds United FC,Hull City AFC
2027-03-03,英超,Liverpool FC,Aston Villa FC
2027-03-03,英超,Manchester City FC,Everton FC
2027-03-03,英超,Nottingham Forest FC,Newcastle United FC
2027-03-03,英超,Sunderland AFC,Manchester United FC
2027-03-03,荷甲,NEC Nijmegen,Volendam FC
2027-03-03,荷甲,AZ Alkmaar,Almere City FC
2027-03-03,荷甲,NEC Nijmegen,SC Heerenveen
2027-03-03,荷甲,PSV Eindhoven,RKC Waalwijk
2027-03-03,荷甲,Vitesse Arnhem,FC Groningen
2027-03-03,荷甲,FC Twente,PEC Zwolle
2027-03-03,荷甲,Vitesse Arnhem,PSV Eindhoven
2027-03-03,葡超,Famalicão,Santa Clara
2027-03-03,葡超,SC Braga,Portimonense
2027-03-03,葡超,Famalicão,Estrela da Amadora
2027-03-03,葡超,SL Benfica,Vizela
2027-03-03,葡超,Moreirense FC,Arouca
2027-03-03,葡超,Vitória SC,Boavista FC
2027-03-03,葡超,Moreirense FC,SL Benfica
2027-03-06,德甲,1. FC Köln,1. FC Union Berlin
2027-03-06,德甲,1. FSV Mainz 05,SV 07 Elversberg
2027-03-06,德甲,Borussia Dortmund,FC Bayern München
2027-03-06,德甲,Hamburger SV,Eintracht Frankfurt
2027-03-06,德甲,RB Leipzig,FC Schalke 04
2027-03-06,德甲,SC Freiburg,FC Augsburg
2027-03-06,德甲,SC Paderborn 07,Borussia Mönchengladbach
2027-03-06,德甲,TSG 1899 Hoffenheim,SV Werder Bremen
2027-03-06,德甲,VfB Stuttgart,Bayer 04 Leverkusen
2027-03-06,欧冠,Inter Milan,Atlético de Madrid
2027-03-06,欧冠,PSV Eindhoven,Inter Milan
2027-03-06,欧冠,Liverpool FC,PSV Eindhoven
2027-03-06,欧冠,Arsenal FC,Borussia Dortmund
2027-03-06,欧冠,Liverpool FC,Chelsea FC
2027-03-06,欧冠,Celtic FC,RB Leipzig
2027-03-06,欧冠,Arsenal FC,Feyenoord
2027-03-06,法甲,AS Monaco FC,Olympique Lyonnais
2027-03-06,法甲,Angers SCO,AJ Auxerre
2027-03-06,法甲,ES Troyes AC,FC Lorient
2027-03-06,法甲,Le Havre AC,OGC Nice
2027-03-06,法甲,Lille OSC,Olympique de Marseille
2027-03-06,法甲,Paris FC,Stade Brestois 29
2027-03-06,法甲,Racing Club de Lens,RC Strasbourg Alsace
2027-03-06,法甲,Stade Rennais FC 1901,Paris Saint-Germain FC
2027-03-06,法甲,Toulouse FC,Le Mans FC
2027-03-07,意甲,AC Milan,Cagliari Calcio
2027-03-07,意甲,AC Monza,Genoa CFC
2027-03-07,意甲,ACF Fiorentina,Venezia FC
2027-03-07,意甲,Atalanta BC,Torino FC
2027-03-07,意甲,Juventus FC,AS Roma
2027-03-07,意甲,SS Lazio,Frosinone Calcio
2027-03-07,意甲,SSC Napoli,Parma Calcio 1913
2027-03-07,意甲,US Lecce,Como 1907
2027-03-07,意甲,US Sassuolo Calcio,Bologna FC 1909
2027-03-07,意甲,Udinese Calcio,FC Internazionale Milano
2027-03-07,西甲,Club Atlético de Madrid,RC Celta de Vigo
2027-03-07,西甲,Deportivo Alavés,Athletic Club
2027-03-07,西甲,Elche CF,Málaga CF
2027-03-07,西甲,FC Barcelona,Real Betis Balompié
2027-03-07,西甲,RC Deportivo La Coruña,Getafe CF
2027-03-07,西甲,RCD Espanyol de Barcelona,Real Racing Club de Santander
2027-03-07,西甲,Rayo Vallecano de Madrid,CA Osasuna
2027-03-07,西甲,Sevilla FC,Real Sociedad de Fútbol
2027-03-07,西甲,Valencia CF,Levante UD
2027-03-07,西甲,Villarreal CF,Real Madrid CF
2027-03-09,日职,Vissel Kobe,Sagan Tosu
2027-03-09,日职,Vissel Kobe,Kawasaki Frontale
2027-03-09,日职,Kyoto Sanga,Gamba Osaka
2027-03-09,日职,Sagan Tosu,Cerezo Osaka
2027-03-09,日职,Nagoya Grampus,Yokohama F. Marinos
2027-03-09,日职,Sanfrecce Hiroshima,Urawa Red Diamonds
2027-03-09,日职,Sagan Tosu,Sanfrecce Hiroshima
2027-03-09,荷甲,Almere City FC,NEC Nijmegen
2027-03-09,荷甲,Go Ahead Eagles,FC Utrecht
2027-03-09,荷甲,Ajax,Fortuna Sittard
2027-03-09,荷甲,FC Groningen,FC Utrecht
2027-03-09,荷甲,Heracles Almelo,SC Heerenveen
2027-03-09,荷甲,NEC Nijmegen,Vitesse Arnhem
2027-03-09,荷甲,Feyenoord,FC Twente
2027-03-09,葡超,Portimonense,Famalicão
2027-03-09,葡超,Gil Vicente FC,Rio Ave FC
2027-03-09,葡超,FC Porto,Estoril Praia
2027-03-09,葡超,Arouca,Rio Ave FC
2027-03-09,葡超,Chaves,Estrela da Amadora
2027-03-09,葡超,Famalicão,Moreirense FC
2027-03-09,葡超,Sporting CP,Vitória SC
2027-03-11,欧冠,Celtic FC,FC Barcelona
2027-03-11,欧冠,AC Milan,Chelsea FC
2027-03-11,欧冠,Inter Milan,Borussia Dortmund
2027-03-11,欧冠,Arsenal FC,Juventus FC
2027-03-11,欧冠,Borussia Dortmund,Feyenoord
2027-03-11,欧冠,Atlético de Madrid,Napoli
2027-03-11,欧冠,Liverpool FC,Bayern München
2027-03-11,韩职,Daejeon Hana Citizen,FC Seoul
2027-03-11,韩职,Ulsan Hyundai,Daejeon Hana Citizen
2027-03-11,韩职,Daegu FC,Jeju United
2027-03-11,韩职,Gimcheon Sangmu,Seongnam FC
2027-03-11,韩职,Suwon Samsung Bluewings,Daejeon Hana Citizen
2027-03-11,韩职,FC Seoul,Busan IPark
2027-03-11,韩职,Busan IPark,Gimcheon Sangmu
2027-03-13,德甲,1. FC Union Berlin,SC Freiburg
2027-03-13,德甲,Bayer 04 Leverkusen,1. FC Köln
2027-03-13,德甲,Borussia Mönchengladbach,Hamburger SV
2027-03-13,德甲,Eintracht Frankfurt,SC Paderborn 07
2027-03-13,德甲,FC Augsburg,RB Leipzig
2027-03-13,德甲,FC Bayern München,1. FSV Mainz 05
2027-03-13,德甲,FC Schalke 04,TSG 1899 Hoffenheim
2027-03-13,德甲,SV 07 Elversberg,Borussia Dortmund
2027-03-13,德甲,SV Werder Bremen,VfB Stuttgart
2027-03-13,法甲,AJ Auxerre,Paris Saint-Germain FC
2027-03-13,法甲,Le Havre AC,Racing Club de Lens
2027-03-13,法甲,Le Mans FC,Stade Rennais FC 1901
2027-03-13,法甲,OGC Nice,Toulouse FC
2027-03-13,法甲,Olympique Lyonnais,ES Troyes AC
2027-03-13,法甲,Olympique de Marseille,AS Monaco FC
2027-03-13,法甲,Paris FC,FC Lorient
2027-03-13,法甲,RC Strasbourg Alsace,Angers SCO
2027-03-13,法甲,Stade Brestois 29,Lille OSC
2027-03-13,英超,AFC Bournemouth,Newcastle United FC
2027-03-13,英超,Aston Villa FC,Hull City AFC
2027-03-13,英超,Chelsea FC,Arsenal FC
2027-03-13,英超,Coventry City FC,Manchester City FC
2027-03-13,英超,Crystal Palace FC,Fulham FC
2027-03-13,英超,Leeds United FC,Brighton & Hove Albion FC
2027-03-13,英超,Liverpool FC,Ipswich Town FC
2027-03-13,英超,Manchester United FC,Everton FC
2027-03-13,英超,Sunderland AFC,Brentford FC
2027-03-13,英超,Tottenham Hotspur FC,Nottingham Forest FC
2027-03-14,意甲,AC Milan,US Sassuolo Calcio
2027-03-14,意甲,Bologna FC 1909,SSC Napoli
2027-03-14,意甲,Cagliari Calcio,ACF Fiorentina
2027-03-14,意甲,Como 1907,Udinese Calcio
2027-03-14,意甲,Frosinone Calcio,AC Monza
2027-03-14,意甲,Genoa CFC,AS Roma
2027-03-14,意甲,Parma Calcio 1913,US Lecce
2027-03-14,意甲,SS Lazio,Juventus FC
2027-03-14,意甲,Torino FC,FC Internazionale Milano
2027-03-14,意甲,Venezia FC,Atalanta BC
2027-03-14,西甲,Athletic Club,Valencia CF
2027-03-14,西甲,CA Osasuna,RC Celta de Vigo
2027-03-14,西甲,Deportivo Alavés,Sevilla FC
2027-03-14,西甲,Elche CF,Villarreal CF
2027-03-14,西甲,FC Barcelona,RC Deportivo La Coruña
2027-03-14,西甲,Getafe CF,Real Sociedad de Fútbol
2027-03-14,西甲,Málaga CF,Rayo Vallecano de Madrid
2027-03-14,西甲,Real Betis Balompié,Levante UD
2027-03-14,西甲,Real Madrid CF,RCD Espanyol de Barcelona
2027-03-14,西甲,Real Racing Club de Santander,Club Atlético de Madrid
2027-03-15,荷甲,RKC Waalwijk,FC Utrecht
2027-03-15,荷甲,PEC Zwolle,PSV Eindhoven
2027-03-15,荷甲,Feyenoord,Almere City FC
2027-03-15,荷甲,Feyenoord,Volendam FC
2027-03-15,荷甲,FC Utrecht,PSV Eindhoven
2027-03-15,荷甲,RKC Waalwijk,Feyenoord
2027-03-15,荷甲,RKC Waalwijk,Sparta Rotterdam
2027-03-15,葡超,Vizela,Rio Ave FC
2027-03-15,葡超,Boavista FC,SL Benfica
2027-03-15,葡超,Sporting CP,Portimonense
2027-03-15,葡超,Sporting CP,Santa Clara
2027-03-15,葡超,Rio Ave FC,SL Benfica
2027-03-15,葡超,Vizela,Sporting CP
2027-03-15,葡超,Vizela,Casa Pia AC
2027-03-16,欧冠,PSV Eindhoven,Real Madrid CF
2027-03-16,欧冠,Feyenoord,Liverpool FC
2027-03-16,欧冠,Atlético de Madrid,Inter Milan
2027-03-16,欧冠,Porto,Bayern München
2027-03-16,欧冠,Porto,Celtic FC
2027-03-16,欧冠,Juventus FC,Liverpool FC
2027-03-16,欧冠,Real Madrid CF,Porto
2027-03-18,日职,Vissel Kobe,Sanfrecce Hiroshima
2027-03-18,日职,Shonan Bellmare,Vissel Kobe
2027-03-18,日职,Yokohama F. Marinos,Sagan Tosu
2027-03-18,日职,Sagan Tosu,Vissel Kobe
2027-03-18,日职,Tokyo Verdy,Shonan Bellmare
2027-03-18,日职,Tokyo Verdy,Sagan Tosu
2027-03-18,日职,Vissel Kobe,Kashima Antlers
2027-03-20,德甲,1. FC Köln,FC Bayern München
2027-03-20,德甲,1. FSV Mainz 05,FC Augsburg
2027-03-20,德甲,Borussia Dortmund,Borussia Mönchengladbach
2027-03-20,德甲,Hamburger SV,SV Werder Bremen
2027-03-20,德甲,RB Leipzig,1. FC Union Berlin
2027-03-20,德甲,SC Freiburg,SV 07 Elversberg
2027-03-20,德甲,SC Paderborn 07,Bayer 04 Leverkusen
2027-03-20,德甲,TSG 1899 Hoffenheim,Eintracht Frankfurt
2027-03-20,德甲,VfB Stuttgart,FC Schalke 04
2027-03-20,法甲,AS Monaco FC,Le Havre AC
2027-03-20,法甲,Angers SCO,Le Mans FC
2027-03-20,法甲,ES Troyes AC,AJ Auxerre
2027-03-20,法甲,FC Lorient,OGC Nice
2027-03-20,法甲,Paris Saint-Germain FC,RC Strasbourg Alsace
2027-03-20,法甲,Racing Club de Lens,Lille OSC
2027-03-20,法甲,Stade Rennais FC 1901,Paris FC
2027-03-20,法甲,Toulouse FC,Stade Brestois 29
2027-03-20,英超,Arsenal FC,Sunderland AFC
2027-03-20,英超,Brentford FC,AFC Bournemouth
2027-03-20,英超,Brighton & Hove Albion FC,Coventry City FC
2027-03-20,英超,Everton FC,Tottenham Hotspur FC
2027-03-20,英超,Fulham FC,Liverpool FC
2027-03-20,英超,Hull City AFC,Chelsea FC
2027-03-20,英超,Ipswich Town FC,Crystal Palace FC
2027-03-20,英超,Manchester City FC,Manchester United FC
2027-03-20,英超,Newcastle United FC,Leeds United FC
2027-03-20,英超,Nottingham Forest FC,Aston Villa FC
2027-03-21,意甲,AC Monza,Bologna FC 1909
2027-03-21,意甲,ACF Fiorentina,Genoa CFC
2027-03-21,意甲,AS Roma,US Lecce
2027-03-21,意甲,Atalanta BC,AC Milan
2027-03-21,意甲,FC Internazionale Milano,Frosinone Calcio
2027-03-21,意甲,Juventus FC,Como 1907
2027-03-21,意甲,Parma Calcio 1913,SS Lazio
2027-03-21,意甲,SSC Napoli,Venezia FC
2027-03-21,意甲,US Sassuolo Calcio,Cagliari Calcio
2027-03-21,意甲,Udinese Calcio,Torino FC
2027-03-21,欧冠,Bayern München,Feyenoord
2027-03-21,欧冠,RB Leipzig,Benfica
2027-03-21,欧冠,PSV Eindhoven,Borussia Dortmund
2027-03-21,欧冠,Liverpool FC,Celtic FC
2027-03-21,欧冠,Benfica,Napoli
2027-03-21,欧冠,AC Milan,Benfica
2027-03-21,欧冠,Feyenoord,Arsenal FC
2027-03-21,法甲,Olympique de Marseille,Olympique Lyonnais
2027-03-21,荷甲,FC Utrecht,Heracles Almelo
2027-03-21,荷甲,Fortuna Sittard,SC Heerenveen
2027-03-21,荷甲,Almere City FC,RKC Waalwijk
2027-03-21,荷甲,FC Twente,AZ Alkmaar
2027-03-21,荷甲,FC Groningen,Ajax
2027-03-21,荷甲,PEC Zwolle,Go Ahead Eagles
2027-03-21,荷甲,SC Heerenveen,PSV Eindhoven
2027-03-21,葡超,Rio Ave FC,Chaves
2027-03-21,葡超,Estoril Praia,Estrela da Amadora
2027-03-21,葡超,Portimonense,Vizela
2027-03-21,葡超,Vitória SC,SC Braga
2027-03-21,葡超,Arouca,FC Porto
2027-03-21,葡超,Boavista FC,Gil Vicente FC
2027-03-21,葡超,Estrela da Amadora,SL Benfica
2027-03-21,西甲,Club Atlético de Madrid,Getafe CF
2027-03-21,西甲,Levante UD,CA Osasuna
2027-03-21,西甲,RC Celta de Vigo,Real Madrid CF
2027-03-21,西甲,RCD Espanyol de Barcelona,Athletic Club
2027-03-21,西甲,Rayo Vallecano de Madrid,FC Barcelona
2027-03-21,西甲,Real Racing Club de Santander,Real Betis Balompié
2027-03-21,西甲,Real Sociedad de Fútbol,Deportivo Alavés
2027-03-21,西甲,Sevilla FC,Elche CF
2027-03-21,西甲,Valencia CF,RC Deportivo La Coruña
2027-03-21,西甲,Villarreal CF,Málaga CF
2027-03-21,韩职,Kyoto Sanga,Jeonbuk Hyundai Motors
2027-03-21,韩职,Gimcheon Sangmu,Kyoto Sanga
2027-03-21,韩职,Busan IPark,FC Seoul
2027-03-21,韩职,Daejeon Hana Citizen,Gimcheon Sangmu
2027-03-21,韩职,Jeonbuk Hyundai Motors,Gimcheon Sangmu
2027-03-21,韩职,Jeonbuk Hyundai Motors,Ulsan Hyundai
2027-03-21,韩职,Daejeon Hana Citizen,Pohang Steelers
2027-03-26,欧冠,Feyenoord,PSV Eindhoven
2027-03-26,欧冠,Napoli,Borussia Dortmund
2027-03-26,欧冠,Borussia Dortmund,Manchester City FC
2027-03-26,欧冠,Real Madrid CF,Celtic FC
2027-03-26,欧冠,Liverpool FC,Feyenoord
2027-03-26,欧冠,Celtic FC,Manchester City FC
2027-03-26,欧冠,Napoli,Paris Saint-Germain FC
2027-03-27,日职,Shonan Bellmare,Tokyo Verdy
2027-03-27,日职,FC Tokyo,Kawasaki Frontale
2027-03-27,日职,Avispa Fukuoka,Kashima Antlers
2027-03-27,日职,Kashima Antlers,Vissel Kobe
2027-03-27,日职,Shonan Bellmare,Sagan Tosu
2027-03-27,日职,Kawasaki Frontale,Kashima Antlers
2027-03-27,日职,Kawasaki Frontale,Yokohama F. Marinos
2027-03-27,荷甲,Go Ahead Eagles,Fortuna Sittard
2027-03-27,荷甲,Ajax,PEC Zwolle
2027-03-27,荷甲,Fortuna Sittard,Heracles Almelo
2027-03-27,荷甲,FC Twente,Volendam FC
2027-03-27,荷甲,AZ Alkmaar,SC Heerenveen
2027-03-27,荷甲,Heracles Almelo,Ajax
2027-03-27,荷甲,Feyenoord,PSV Eindhoven
2027-03-27,葡超,Gil Vicente FC,Estoril Praia
2027-03-27,葡超,FC Porto,Boavista FC
2027-03-27,葡超,Estoril Praia,Chaves
2027-03-27,葡超,Vitória SC,Santa Clara
2027-03-27,葡超,SC Braga,Estrela da Amadora
2027-03-27,葡超,Chaves,FC Porto
2027-03-27,葡超,Sporting CP,SL Benfica
2027-03-31,欧冠,Porto,Paris Saint-Germain FC
2027-03-31,欧冠,AC Milan,Manchester City FC
2027-03-31,欧冠,Paris Saint-Germain FC,Benfica
2027-03-31,欧冠,AC Milan,Arsenal FC
2027-03-31,欧冠,PSV Eindhoven,Chelsea FC
2027-03-31,欧冠,Benfica,Chelsea FC
2027-03-31,欧冠,Juventus FC,FC Barcelona
2027-03-31,韩职,Daegu FC,Daejeon Hana Citizen
2027-03-31,韩职,Incheon United,Kyoto Sanga
2027-03-31,韩职,Pohang Steelers,Gangwon FC
2027-03-31,韩职,Seongnam FC,Jeju United
2027-03-31,韩职,Suwon Samsung Bluewings,Seongnam FC
2027-03-31,韩职,Pohang Steelers,FC Seoul
2027-03-31,韩职,Gimcheon Sangmu,Daegu FC
2027-04-02,荷甲,AZ Alkmaar,FC Utrecht
2027-04-02,荷甲,Heracles Almelo,Vitesse Arnhem
2027-04-02,荷甲,FC Utrecht,Vitesse Arnhem
2027-04-02,荷甲,PSV Eindhoven,FC Utrecht
2027-04-02,荷甲,RKC Waalwijk,Vitesse Arnhem
2027-04-02,荷甲,RKC Waalwijk,PSV Eindhoven
2027-04-02,荷甲,Fortuna Sittard,NEC Nijmegen
2027-04-02,葡超,SC Braga,Rio Ave FC
2027-04-02,葡超,Chaves,Moreirense FC
2027-04-02,葡超,Rio Ave FC,Moreirense FC
2027-04-02,葡超,SL Benfica,Rio Ave FC
2027-04-02,葡超,Vizela,Moreirense FC
2027-04-02,葡超,Vizela,SL Benfica
2027-04-02,葡超,Estoril Praia,Famalicão
2027-04-03,德甲,1. FC Union Berlin,1. FSV Mainz 05
2027-04-03,德甲,Bayer 04 Leverkusen,Borussia Dortmund
2027-04-03,德甲,Borussia Mönchengladbach,SV Werder Bremen
2027-04-03,德甲,Eintracht Frankfurt,VfB Stuttgart
2027-04-03,德甲,FC Augsburg,TSG 1899 Hoffenheim
2027-04-03,德甲,FC Bayern München,Hamburger SV
2027-04-03,德甲,FC Schalke 04,SC Paderborn 07
2027-04-03,德甲,RB Leipzig,SC Freiburg
2027-04-03,德甲,SV 07 Elversberg,1. FC Köln
2027-04-03,法甲,AJ Auxerre,Racing Club de Lens
2027-04-03,法甲,Angers SCO,AS Monaco FC
2027-04-03,法甲,Le Havre AC,ES Troyes AC
2027-04-03,法甲,Le Mans FC,Olympique de Marseille
2027-04-03,法甲,Lille OSC,Stade Rennais FC 1901
2027-04-03,法甲,OGC Nice,Olympique Lyonnais
2027-04-03,法甲,Paris FC,Paris Saint-Germain FC
2027-04-03,法甲,RC Strasbourg Alsace,Toulouse FC
2027-04-03,法甲,Stade Brestois 29,FC Lorient
2027-04-04,意甲,AC Milan,AC Monza
2027-04-04,意甲,AS Roma,Bologna FC 1909
2027-04-04,意甲,Cagliari Calcio,SSC Napoli
2027-04-04,意甲,Como 1907,ACF Fiorentina
2027-04-04,意甲,Frosinone Calcio,Udinese Calcio
2027-04-04,意甲,Genoa CFC,FC Internazionale Milano
2027-04-04,意甲,Torino FC,Juventus FC
2027-04-04,意甲,US Lecce,SS Lazio
2027-04-04,意甲,US Sassuolo Calcio,Atalanta BC
2027-04-04,意甲,Venezia FC,Parma Calcio 1913
2027-04-04,西甲,Athletic Club,Real Racing Club de Santander
2027-04-04,西甲,Elche CF,Deportivo Alavés
2027-04-04,西甲,FC Barcelona,Sevilla FC
2027-04-04,西甲,Getafe CF,RCD Espanyol de Barcelona
2027-04-04,西甲,Levante UD,Rayo Vallecano de Madrid
2027-04-04,西甲,Málaga CF,CA Osasuna
2027-04-04,西甲,RC Deportivo La Coruña,Villarreal CF
2027-04-04,西甲,Real Betis Balompié,RC Celta de Vigo
2027-04-04,西甲,Real Madrid CF,Club Atlético de Madrid
2027-04-04,西甲,Real Sociedad de Fútbol,Valencia CF
2027-04-05,日职,Tokyo Verdy,Urawa Red Diamonds
2027-04-05,日职,Nagoya Grampus,Sagan Tosu
2027-04-05,日职,Cerezo Osaka,Avispa Fukuoka
2027-04-05,日职,Urawa Red Diamonds,Cerezo Osaka
2027-04-05,日职,Kashima Antlers,Cerezo Osaka
2027-04-05,日职,Kyoto Sanga,Shonan Bellmare
2027-04-05,日职,Kyoto Sanga,Kashima Antlers
2027-04-05,欧冠,Porto,PSV Eindhoven
2027-04-05,欧冠,Arsenal FC,Porto
2027-04-05,欧冠,Bayern München,Borussia Dortmund
2027-04-05,欧冠,Liverpool FC,Juventus FC
2027-04-05,欧冠,Arsenal FC,Real Madrid CF
2027-04-05,欧冠,Feyenoord,Real Madrid CF
2027-04-05,欧冠,Manchester City FC,Porto
2027-04-08,荷甲,Ajax,Heracles Almelo
2027-04-08,荷甲,Fortuna Sittard,FC Twente
2027-04-08,荷甲,Vitesse Arnhem,Go Ahead Eagles
2027-04-08,荷甲,PEC Zwolle,Vitesse Arnhem
2027-04-08,荷甲,NEC Nijmegen,PSV Eindhoven
2027-04-08,荷甲,Vitesse Arnhem,Volendam FC
2027-04-08,荷甲,Volendam FC,FC Groningen
2027-04-08,葡超,FC Porto,Chaves
2027-04-08,葡超,Estoril Praia,Vitória SC
2027-04-08,葡超,Moreirense FC,Gil Vicente FC
2027-04-08,葡超,Boavista FC,Moreirense FC
2027-04-08,葡超,Famalicão,SL Benfica
2027-04-08,葡超,Moreirense FC,Santa Clara
2027-04-08,葡超,Santa Clara,Arouca
2027-04-10,德甲,1. FC Köln,FC Augsburg
2027-04-10,德甲,1. FSV Mainz 05,RB Leipzig
2027-04-10,德甲,Borussia Dortmund,FC Schalke 04
2027-04-10,德甲,Borussia Mönchengladbach,Bayer 04 Leverkusen
2027-04-10,德甲,Hamburger SV,1. FC Union Berlin
2027-04-10,德甲,SC Paderborn 07,FC Bayern München
2027-04-10,德甲,SV Werder Bremen,Eintracht Frankfurt
2027-04-10,德甲,TSG 1899 Hoffenheim,SC Freiburg
2027-04-10,德甲,VfB Stuttgart,SV 07 Elversberg
2027-04-10,欧冠,Chelsea FC,Atlético de Madrid
2027-04-10,欧冠,Chelsea FC,Paris Saint-Germain FC
2027-04-10,欧冠,Napoli,RB Leipzig
2027-04-10,欧冠,Feyenoord,Napoli
2027-04-10,欧冠,Bayern München,Atlético de Madrid
2027-04-10,欧冠,Borussia Dortmund,RB Leipzig
2027-04-10,欧冠,FC Barcelona,Liverpool FC
2027-04-10,法甲,AS Monaco FC,Stade Rennais FC 1901
2027-04-10,法甲,ES Troyes AC,Angers SCO
2027-04-10,法甲,FC Lorient,Racing Club de Lens
2027-04-10,法甲,Le Mans FC,AJ Auxerre
2027-04-10,法甲,Lille OSC,Toulouse FC
2027-04-10,法甲,OGC Nice,Paris FC
2027-04-10,法甲,Olympique Lyonnais,RC Strasbourg Alsace
2027-04-10,法甲,Olympique de Marseille,Stade Brestois 29
2027-04-10,法甲,Paris Saint-Germain FC,Le Havre AC
2027-04-10,英超,AFC Bournemouth,Manchester City FC
2027-04-10,英超,Aston Villa FC,Brighton & Hove Albion FC
2027-04-10,英超,Chelsea FC,Fulham FC
2027-04-10,英超,Coventry City FC,Arsenal FC
2027-04-10,英超,Crystal Palace FC,Everton FC
2027-04-10,英超,Leeds United FC,Nottingham Forest FC
2027-04-10,英超,Liverpool FC,Newcastle United FC
2027-04-10,英超,Manchester United FC,Hull City AFC
2027-04-10,英超,Sunderland AFC,Ipswich Town FC
2027-04-10,英超,Tottenham Hotspur FC,Brentford FC
2027-04-10,韩职,Daejeon Hana Citizen,Busan IPark
2027-04-10,韩职,Kyoto Sanga,Suwon Samsung Bluewings
2027-04-10,韩职,Kyoto Sanga,Gangwon FC
2027-04-10,韩职,Daegu FC,Pohang Steelers
2027-04-10,韩职,Incheon United,Pohang Steelers
2027-04-10,韩职,Seongnam FC,Ulsan Hyundai
2027-04-10,韩职,Jeju United,Ulsan Hyundai
2027-04-11,意甲,ACF Fiorentina,AC Milan
2027-04-11,意甲,Bologna FC 1909,Venezia FC
2027-04-11,意甲,Cagliari Calcio,Atalanta BC
2027-04-11,意甲,FC Internazionale Milano,AS Roma
2027-04-11,意甲,Frosinone Calcio,Genoa CFC
2027-04-11,意甲,Juventus FC,US Lecce
2027-04-11,意甲,Parma Calcio 1913,Como 1907
2027-04-11,意甲,SS Lazio,Torino FC
2027-04-11,意甲,SSC Napoli,US Sassuolo Calcio
2027-04-11,意甲,Udinese Calcio,AC Monza
2027-04-11,西甲,CA Osasuna,Real Madrid CF
2027-04-11,西甲,Club Atlético de Madrid,Levante UD
2027-04-11,西甲,Deportivo Alavés,Real Betis Balompié
2027-04-11,西甲,RC Celta de Vigo,Elche CF
2027-04-11,西甲,RCD Espanyol de Barcelona,Málaga CF
2027-04-11,西甲,Rayo Vallecano de Madrid,Real Sociedad de Fútbol
2027-04-11,西甲,Real Racing Club de Santander,FC Barcelona
2027-04-11,西甲,Sevilla FC,RC Deportivo La Coruña
2027-04-11,西甲,Valencia CF,Getafe CF
2027-04-11,西甲,Villarreal CF,Athletic Club
2027-04-14,日职,FC Tokyo,Kyoto Sanga
2027-04-14,日职,Tokyo Verdy,Sanfrecce Hiroshima
2027-04-14,日职,Kawasaki Frontale,Sagan Tosu
2027-04-14,日职,Sanfrecce Hiroshima,Nagoya Grampus
2027-04-14,日职,Kyoto Sanga,Avispa Fukuoka
2027-04-14,日职,FC Tokyo,Kashima Antlers
2027-04-14,日职,Shonan Bellmare,Gamba Osaka
2027-04-14,荷甲,Volendam FC,SC Heerenveen
2027-04-14,荷甲,FC Utrecht,Volendam FC
2027-04-14,荷甲,AZ Alkmaar,PEC Zwolle
2027-04-14,荷甲,NEC Nijmegen,Feyenoord
2027-04-14,荷甲,Heracles Almelo,RKC Waalwijk
2027-04-14,荷甲,Vitesse Arnhem,Sparta Rotterdam
2027-04-14,荷甲,SC Heerenveen,RKC Waalwijk
2027-04-14,葡超,Santa Clara,Estrela da Amadora
2027-04-14,葡超,Rio Ave FC,Santa Clara
2027-04-14,葡超,SC Braga,Boavista FC
2027-04-14,葡超,Famalicão,Sporting CP
2027-04-14,葡超,Chaves,Vizela
2027-04-14,葡超,Moreirense FC,Casa Pia AC
2027-04-14,葡超,Estrela da Amadora,Vizela
2027-04-15,欧冠,PSV Eindhoven,Paris Saint-Germain FC
2027-04-15,欧冠,Benfica,FC Barcelona
2027-04-15,欧冠,Borussia Dortmund,Arsenal FC
2027-04-15,欧冠,Chelsea FC,AC Milan
2027-04-15,欧冠,Real Madrid CF,Arsenal FC
2027-04-15,欧冠,PSV Eindhoven,Liverpool FC
2027-04-15,欧冠,Arsenal FC,Napoli
2027-04-17,德甲,1. FC Union Berlin,VfB Stuttgart
2027-04-17,德甲,Bayer 04 Leverkusen,SV Werder Bremen
2027-04-17,德甲,Eintracht Frankfurt,Borussia Mönchengladbach
2027-04-17,德甲,FC Augsburg,Borussia Dortmund
2027-04-17,德甲,FC Bayern München,TSG 1899 Hoffenheim
2027-04-17,德甲,FC Schalke 04,Hamburger SV
2027-04-17,德甲,RB Leipzig,1. FC Köln
2027-04-17,德甲,SC Freiburg,1. FSV Mainz 05
2027-04-17,德甲,SV 07 Elversberg,SC Paderborn 07
2027-04-17,法甲,AJ Auxerre,FC Lorient
2027-04-17,法甲,AS Monaco FC,RC Strasbourg Alsace
2027-04-17,法甲,Angers SCO,Olympique Lyonnais
2027-04-17,法甲,Le Havre AC,Olympique de Marseille
2027-04-17,法甲,Paris Saint-Germain FC,Lille OSC
2027-04-17,法甲,Racing Club de Lens,OGC Nice
2027-04-17,法甲,Stade Brestois 29,Le Mans FC
2027-04-17,法甲,Stade Rennais FC 1901,ES Troyes AC
2027-04-17,法甲,Toulouse FC,Paris FC
2027-04-17,英超,Arsenal FC,Aston Villa FC
2027-04-17,英超,Brentford FC,Leeds United FC
2027-04-17,英超,Brighton & Hove Albion FC,Chelsea FC
2027-04-17,英超,Everton FC,AFC Bournemouth
2027-04-17,英超,Fulham FC,Sunderland AFC
2027-04-17,英超,Hull City AFC,Coventry City FC
2027-04-17,英超,Ipswich Town FC,Manchester United FC
2027-04-17,英超,Manchester City FC,Crystal Palace FC
2027-04-17,英超,Newcastle United FC,Tottenham Hotspur FC
2027-04-17,英超,Nottingham Forest FC,Liverpool FC
2027-04-18,意甲,AC Milan,SSC Napoli
2027-04-18,意甲,AC Monza,FC Internazionale Milano
2027-04-18,意甲,ACF Fiorentina,Parma Calcio 1913
2027-04-18,意甲,AS Roma,SS Lazio
2027-04-18,意甲,Atalanta BC,Udinese Calcio
2027-04-18,意甲,Bologna FC 1909,Cagliari Calcio
2027-04-18,意甲,Como 1907,Frosinone Calcio
2027-04-18,意甲,Torino FC,Genoa CFC
2027-04-18,意甲,US Sassuolo Calcio,US Lecce
2027-04-18,意甲,Venezia FC,Juventus FC
2027-04-18,西甲,Club Atlético de Madrid,Sevilla FC
2027-04-18,西甲,Deportivo Alavés,Rayo Vallecano de Madrid
2027-04-18,西甲,Elche CF,CA Osasuna
2027-04-18,西甲,FC Barcelona,RCD Espanyol de Barcelona
2027-04-18,西甲,Getafe CF,Real Madrid CF
2027-04-18,西甲,Levante UD,Villarreal CF
2027-04-18,西甲,Málaga CF,Valencia CF
2027-04-18,西甲,RC Deportivo La Coruña,RC Celta de Vigo
2027-04-18,西甲,Real Betis Balompié,Athletic Club
2027-04-18,西甲,Real Sociedad de Fútbol,Real Racing Club de Santander
2027-04-20,欧冠,Paris Saint-Germain FC,Borussia Dortmund
2027-04-20,欧冠,Arsenal FC,Paris Saint-Germain FC
2027-04-20,欧冠,AC Milan,FC Barcelona
2027-04-20,欧冠,Paris Saint-Germain FC,Feyenoord
2027-04-20,欧冠,Porto,Feyenoord
2027-04-20,欧冠,RB Leipzig,Celtic FC
2027-04-20,欧冠,Paris Saint-Germain FC,AC Milan
2027-04-20,荷甲,Fortuna Sittard,Feyenoord
2027-04-20,荷甲,Feyenoord,Ajax
2027-04-20,荷甲,FC Twente,SC Heerenveen
2027-04-20,荷甲,Almere City FC,Go Ahead Eagles
2027-04-20,荷甲,AZ Alkmaar,Heracles Almelo
2027-04-20,荷甲,Sparta Rotterdam,Volendam FC
2027-04-20,荷甲,SC Heerenveen,Volendam FC
2027-04-20,葡超,Estoril Praia,Sporting CP
2027-04-20,葡超,Sporting CP,FC Porto
2027-04-20,葡超,Vitória SC,Estrela da Amadora
2027-04-20,葡超,Portimonense,Gil Vicente FC
2027-04-20,葡超,SC Braga,Chaves
2027-04-20,葡超,Casa Pia AC,Santa Clara
2027-04-20,葡超,Estrela da Amadora,Santa Clara
2027-04-20,韩职,Ulsan Hyundai,Incheon United
2027-04-20,韩职,Jeju United,Daejeon Hana Citizen
2027-04-20,韩职,Daejeon Hana Citizen,Daegu FC
2027-04-20,韩职,Ulsan Hyundai,Seongnam FC
2027-04-20,韩职,Daejeon Hana Citizen,Gangwon FC
2027-04-20,韩职,Seongnam FC,Suwon Samsung Bluewings
2027-04-20,韩职,Jeonbuk Hyundai Motors,Pohang Steelers
2027-04-21,西甲,Athletic Club,RC Deportivo La Coruña
2027-04-21,西甲,CA Osasuna,Deportivo Alavés
2027-04-21,西甲,Getafe CF,Real Betis Balompié
2027-04-21,西甲,RC Celta de Vigo,FC Barcelona
2027-04-21,西甲,RCD Espanyol de Barcelona,Real Sociedad de Fútbol
2027-04-21,西甲,Real Madrid CF,Elche CF
2027-04-21,西甲,Real Racing Club de Santander,Málaga CF
2027-04-21,西甲,Sevilla FC,Levante UD
2027-04-21,西甲,Valencia CF,Rayo Vallecano de Madrid
2027-04-21,西甲,Villarreal CF,Club Atlético de Madrid
2027-04-23,日职,Gamba Osaka,Urawa Red Diamonds
2027-04-23,日职,Vissel Kobe,Urawa Red Diamonds
2027-04-23,日职,Avispa Fukuoka,Yokohama F. Marinos
2027-04-23,日职,Cerezo Osaka,Yokohama F. Marinos
2027-04-23,日职,Yokohama F. Marinos,Gamba Osaka
2027-04-23,日职,Cerezo Osaka,Sanfrecce Hiroshima
2027-04-23,日职,Sagan Tosu,Nagoya Grampus
2027-04-24,德甲,1. FC Köln,1. FSV Mainz 05
2027-04-24,德甲,Borussia Dortmund,RB Leipzig
2027-04-24,德甲,Borussia Mönchengladbach,FC Schalke 04
2027-04-24,德甲,Eintracht Frankfurt,Bayer 04 Leverkusen
2027-04-24,德甲,Hamburger SV,SV 07 Elversberg
2027-04-24,德甲,SC Paderborn 07,FC Augsburg
2027-04-24,德甲,SV Werder Bremen,FC Bayern München
2027-04-24,德甲,TSG 1899 Hoffenheim,1. FC Union Berlin
2027-04-24,德甲,VfB Stuttgart,SC Freiburg
2027-04-24,法甲,ES Troyes AC,Toulouse FC
2027-04-24,法甲,FC Lorient,Paris Saint-Germain FC
2027-04-24,法甲,Le Mans FC,Le Havre AC
2027-04-24,法甲,Lille OSC,AS Monaco FC
2027-04-24,法甲,OGC Nice,Angers SCO
2027-04-24,法甲,Olympique Lyonnais,Stade Brestois 29
2027-04-24,法甲,Olympique de Marseille,AJ Auxerre
2027-04-24,法甲,Paris FC,Racing Club de Lens
2027-04-24,法甲,RC Strasbourg Alsace,Stade Rennais FC 1901
2027-04-24,英超,AFC Bournemouth,Arsenal FC
2027-04-24,英超,Aston Villa FC,Coventry City FC
2027-04-24,英超,Brentford FC,Fulham FC
2027-04-24,英超,Chelsea FC,Manchester City FC
2027-04-24,英超,Everton FC,Brighton & Hove Albion FC
2027-04-24,英超,Leeds United FC,Liverpool FC
2027-04-24,英超,Manchester United FC,Crystal Palace FC
2027-04-24,英超,Newcastle United FC,Ipswich Town FC
2027-04-24,英超,Nottingham Forest FC,Sunderland AFC
2027-04-24,英超,Tottenham Hotspur FC,Hull City AFC
2027-04-25,意甲,Cagliari Calcio,AC Monza
2027-04-25,意甲,FC Internazionale Milano,Bologna FC 1909
2027-04-25,意甲,Frosinone Calcio,AS Roma
2027-04-25,意甲,Genoa CFC,US Sassuolo Calcio
2027-04-25,意甲,Juventus FC,ACF Fiorentina
2027-04-25,意甲,Parma Calcio 1913,Atalanta BC
2027-04-25,意甲,SS Lazio,Como 1907
2027-04-25,意甲,SSC Napoli,Udinese Calcio
2027-04-25,意甲,US Lecce,AC Milan
2027-04-25,意甲,Venezia FC,Torino FC
2027-04-25,欧冠,Liverpool FC,Paris Saint-Germain FC
2027-04-25,欧冠,Paris Saint-Germain FC,Manchester City FC
2027-04-25,欧冠,Benfica,Porto
2027-04-25,欧冠,Paris Saint-Germain FC,Juventus FC
2027-04-25,欧冠,Celtic FC,Porto
2027-04-25,欧冠,Inter Milan,Manchester City FC
2027-04-25,欧冠,Manchester City FC,Real Madrid CF
2027-04-26,荷甲,Vitesse Arnhem,AZ Alkmaar
2027-04-26,荷甲,SC Heerenveen,FC Groningen
2027-04-26,荷甲,Sparta Rotterdam,Ajax
2027-04-26,荷甲,Fortuna Sittard,Almere City FC
2027-04-26,荷甲,Almere City FC,AZ Alkmaar
2027-04-26,荷甲,PEC Zwolle,AZ Alkmaar
2027-04-26,荷甲,Go Ahead Eagles,PSV Eindhoven
2027-04-26,葡超,Moreirense FC,SC Braga
2027-04-26,葡超,Estrela da Amadora,Arouca
2027-04-26,葡超,Casa Pia AC,FC Porto
2027-04-26,葡超,Estoril Praia,Portimonense
2027-04-26,葡超,Portimonense,SC Braga
2027-04-26,葡超,Boavista FC,SC Braga
2027-04-26,葡超,Gil Vicente FC,SL Benfica
2027-04-30,欧冠,Bayern München,Inter Milan
2027-04-30,欧冠,RB Leipzig,Atlético de Madrid
2027-04-30,欧冠,Atlético de Madrid,AC Milan
2027-04-30,欧冠,Liverpool FC,Inter Milan
2027-04-30,欧冠,Inter Milan,Porto
2027-04-30,欧冠,RB Leipzig,Feyenoord
2027-04-30,欧冠,Arsenal FC,PSV Eindhoven
2027-04-30,韩职,Gangwon FC,Jeonbuk Hyundai Motors
2027-04-30,韩职,Gangwon FC,Pohang Steelers
2027-04-30,韩职,Pohang Steelers,Gimcheon Sangmu
2027-04-30,韩职,Pohang Steelers,Daejeon Hana Citizen
2027-04-30,韩职,Ulsan Hyundai,Jeju United
2027-04-30,韩职,Jeonbuk Hyundai Motors,FC Seoul
2027-04-30,韩职,Suwon Samsung Bluewings,Gimcheon Sangmu
2027-05-01,法甲,AJ Auxerre,Olympique Lyonnais
2027-05-01,法甲,AS Monaco FC,FC Lorient
2027-05-01,法甲,ES Troyes AC,Stade Brestois 29
2027-05-01,法甲,Le Havre AC,Paris FC
2027-05-01,法甲,Paris Saint-Germain FC,Angers SCO
2027-05-01,法甲,RC Strasbourg Alsace,Lille OSC
2027-05-01,法甲,Racing Club de Lens,Le Mans FC
2027-05-01,法甲,Stade Rennais FC 1901,OGC Nice
2027-05-01,法甲,Toulouse FC,Olympique de Marseille
2027-05-01,英超,Arsenal FC,Tottenham Hotspur FC
2027-05-01,英超,Brighton & Hove Albion FC,Nottingham Forest FC
2027-05-01,英超,Coventry City FC,Manchester United FC
2027-05-01,英超,Crystal Palace FC,Aston Villa FC
2027-05-01,英超,Fulham FC,Everton FC
2027-05-01,英超,Hull City AFC,AFC Bournemouth
2027-05-01,英超,Ipswich Town FC,Leeds United FC
2027-05-01,英超,Liverpool FC,Chelsea FC
2027-05-01,英超,Manchester City FC,Brentford FC
2027-05-01,英超,Sunderland AFC,Newcastle United FC
2027-05-02,意甲,AC Milan,SS Lazio
2027-05-02,意甲,AC Monza,Venezia FC
2027-05-02,意甲,AS Roma,SSC Napoli
2027-05-02,意甲,Atalanta BC,Juventus FC
2027-05-02,意甲,Bologna FC 1909,ACF Fiorentina
2027-05-02,意甲,Como 1907,FC Internazionale Milano
2027-05-02,意甲,Torino FC,Parma Calcio 1913
2027-05-02,意甲,US Lecce,Cagliari Calcio
2027-05-02,意甲,US Sassuolo Calcio,Frosinone Calcio
2027-05-02,意甲,Udinese Calcio,Genoa CFC
2027-05-02,日职,Yokohama F. Marinos,Avispa Fukuoka
2027-05-02,日职,FC Tokyo,Nagoya Grampus
2027-05-02,日职,Avispa Fukuoka,Kyoto Sanga
2027-05-02,日职,Tokyo Verdy,Kashima Antlers
2027-05-02,日职,Yokohama F. Marinos,Kyoto Sanga
2027-05-02,日职,Sanfrecce Hiroshima,Kyoto Sanga
2027-05-02,日职,Gamba Osaka,Kawasaki Frontale
2027-05-02,荷甲,Go Ahead Eagles,Ajax
2027-05-02,荷甲,Ajax,NEC Nijmegen
2027-05-02,荷甲,Go Ahead Eagles,NEC Nijmegen
2027-05-02,荷甲,PSV Eindhoven,Sparta Rotterdam
2027-05-02,荷甲,SC Heerenveen,Heracles Almelo
2027-05-02,荷甲,PSV Eindhoven,PEC Zwolle
2027-05-02,荷甲,FC Utrecht,Feyenoord
2027-05-02,葡超,Gil Vicente FC,FC Porto
2027-05-02,葡超,FC Porto,Famalicão
2027-05-02,葡超,Gil Vicente FC,Famalicão
2027-05-02,葡超,SL Benfica,Casa Pia AC
2027-05-02,葡超,Estrela da Amadora,Chaves
2027-05-02,葡超,SL Benfica,Boavista FC
2027-05-02,葡超,Rio Ave FC,Sporting CP
2027-05-02,西甲,Club Atlético de Madrid,Deportivo Alavés
2027-05-02,西甲,Elche CF,RCD Espanyol de Barcelona
2027-05-02,西甲,FC Barcelona,CA Osasuna
2027-05-02,西甲,Levante UD,Real Madrid CF
2027-05-02,西甲,Málaga CF,Getafe CF
2027-05-02,西甲,RC Celta de Vigo,Sevilla FC
2027-05-02,西甲,RC Deportivo La Coruña,Real Racing Club de Santander
2027-05-02,西甲,Rayo Vallecano de Madrid,Villarreal CF
2027-05-02,西甲,Real Betis Balompié,Valencia CF
2027-05-02,西甲,Real Sociedad de Fútbol,Athletic Club
2027-05-05,欧冠,RB Leipzig,Manchester City FC
2027-05-05,欧冠,Feyenoord,Borussia Dortmund
2027-05-05,欧冠,AC Milan,Real Madrid CF
2027-05-05,欧冠,Napoli,Arsenal FC
2027-05-05,欧冠,Juventus FC,Benfica
2027-05-05,欧冠,Borussia Dortmund,Liverpool FC
2027-05-05,欧冠,Paris Saint-Germain FC,Liverpool FC
2027-05-08,德甲,1. FC Union Berlin,SV Werder Bremen
2027-05-08,德甲,1. FSV Mainz 05,Borussia Dortmund
2027-05-08,德甲,Bayer 04 Leverkusen,Hamburger SV
2027-05-08,德甲,FC Augsburg,VfB Stuttgart
2027-05-08,德甲,FC Bayern München,Borussia Mönchengladbach
2027-05-08,德甲,FC Schalke 04,Eintracht Frankfurt
2027-05-08,德甲,RB Leipzig,SC Paderborn 07
2027-05-08,德甲,SC Freiburg,1. FC Köln
2027-05-08,德甲,SV 07 Elversberg,TSG 1899 Hoffenheim
2027-05-08,法甲,Angers SCO,Toulouse FC
2027-05-08,法甲,FC Lorient,RC Strasbourg Alsace
2027-05-08,法甲,Le Mans FC,ES Troyes AC
2027-05-08,法甲,OGC Nice,Olympique de Marseille
2027-05-08,法甲,Paris FC,Lille OSC
2027-05-08,法甲,Racing Club de Lens,AS Monaco FC
2027-05-08,法甲,Stade Brestois 29,AJ Auxerre
2027-05-08,法甲,Stade Rennais FC 1901,Le Havre AC
2027-05-08,英超,AFC Bournemouth,Manchester United FC
2027-05-08,英超,Brentford FC,Aston Villa FC
2027-05-08,英超,Brighton & Hove Albion FC,Sunderland AFC
2027-05-08,英超,Everton FC,Hull City AFC
2027-05-08,英超,Fulham FC,Ipswich Town FC
2027-05-08,英超,Leeds United FC,Arsenal FC
2027-05-08,英超,Manchester City FC,Liverpool FC
2027-05-08,英超,Newcastle United FC,Coventry City FC
2027-05-08,英超,Nottingham Forest FC,Crystal Palace FC
2027-05-08,英超,Tottenham Hotspur FC,Chelsea FC
2027-05-08,荷甲,AZ Alkmaar,FC Groningen
2027-05-08,荷甲,FC Utrecht,FC Twente
2027-05-08,荷甲,FC Twente,FC Groningen
2027-05-08,荷甲,Ajax,Sparta Rotterdam
2027-05-08,荷甲,FC Groningen,PSV Eindhoven
2027-05-08,葡超,SC Braga,Arouca
2027-05-08,葡超,Rio Ave FC,Vitória SC
2027-05-08,葡超,Vitória SC,Arouca
2027-05-08,葡超,FC Porto,Casa Pia AC
2027-05-08,葡超,Arouca,SL Benfica
2027-05-09,意甲,ACF Fiorentina,AS Roma
2027-05-09,意甲,FC Internazionale Milano,US Lecce
2027-05-09,意甲,Frosinone Calcio,Atalanta BC
2027-05-09,意甲,Genoa CFC,Cagliari Calcio
2027-05-09,意甲,Parma Calcio 1913,AC Milan
2027-05-09,意甲,SS Lazio,US Sassuolo Calcio
2027-05-09,意甲,SSC Napoli,AC Monza
2027-05-09,意甲,Torino FC,Bologna FC 1909
2027-05-09,意甲,Udinese Calcio,Juventus FC
2027-05-09,意甲,Venezia FC,Como 1907
2027-05-09,法甲,Olympique Lyonnais,Paris Saint-Germain FC
2027-05-09,西甲,Athletic Club,Málaga CF
2027-05-09,西甲,CA Osasuna,Real Sociedad de Fútbol
2027-05-09,西甲,Deportivo Alavés,Levante UD
2027-05-09,西甲,Getafe CF,Elche CF
2027-05-09,西甲,Rayo Vallecano de Madrid,RC Deportivo La Coruña
2027-05-09,西甲,Real Betis Balompié,RCD Espanyol de Barcelona
2027-05-09,西甲,Real Madrid CF,FC Barcelona
2027-05-09,西甲,Real Racing Club de Santander,Sevilla FC
2027-05-09,西甲,Valencia CF,Club Atlético de Madrid
2027-05-09,西甲,Villarreal CF,RC Celta de Vigo
2027-05-10,欧冠,Inter Milan,FC Barcelona
2027-05-10,欧冠,Juventus FC,Real Madrid CF
2027-05-10,欧冠,Real Madrid CF,Borussia Dortmund
2027-05-10,欧冠,Inter Milan,RB Leipzig
2027-05-10,欧冠,Atlético de Madrid,PSV Eindhoven
2027-05-10,欧冠,FC Barcelona,Paris Saint-Germain FC
2027-05-10,欧冠,Benfica,Borussia Dortmund
2027-05-11,日职,Cerezo Osaka,Urawa Red Diamonds
2027-05-11,日职,Urawa Red Diamonds,FC Tokyo
2027-05-11,日职,Urawa Red Diamonds,Tokyo Verdy
2027-05-11,日职,Kyoto Sanga,Sanfrecce Hiroshima
2027-05-11,日职,Yokohama F. Marinos,Cerezo Osaka
2027-05-11,日职,Kawasaki Frontale,Urawa Red Diamonds
2027-05-11,日职,Avispa Fukuoka,FC Tokyo
2027-05-15,德甲,Bayer 04 Leverkusen,FC Bayern München
2027-05-15,德甲,Borussia Dortmund,1. FC Köln
2027-05-15,德甲,Borussia Mönchengladbach,FC Augsburg
2027-05-15,德甲,Eintracht Frankfurt,SV 07 Elversberg
2027-05-15,德甲,Hamburger SV,SC Freiburg
2027-05-15,德甲,SC Paderborn 07,1. FC Union Berlin
2027-05-15,德甲,SV Werder Bremen,FC Schalke 04
2027-05-15,德甲,TSG 1899 Hoffenheim,1. FSV Mainz 05
2027-05-15,德甲,VfB Stuttgart,RB Leipzig
2027-05-15,欧冠,Chelsea FC,Feyenoord
2027-05-15,欧冠,FC Barcelona,Borussia Dortmund
2027-05-15,欧冠,Feyenoord,FC Barcelona
2027-05-15,欧冠,Liverpool FC,AC Milan
2027-05-15,欧冠,Arsenal FC,Liverpool FC
2027-05-15,欧冠,Bayern München,Paris Saint-Germain FC
2027-05-15,欧冠,Real Madrid CF,AC Milan
2027-05-15,英超,Arsenal FC,Nottingham Forest FC
2027-05-15,英超,Aston Villa FC,Newcastle United FC
2027-05-15,英超,Chelsea FC,Everton FC
2027-05-15,英超,Coventry City FC,Tottenham Hotspur FC
2027-05-15,英超,Crystal Palace FC,Brighton & Hove Albion FC
2027-05-15,英超,Hull City AFC,Fulham FC
2027-05-15,英超,Ipswich Town FC,Manchester City FC
2027-05-15,英超,Liverpool FC,Brentford FC
2027-05-15,英超,Manchester United FC,Leeds United FC
2027-05-15,英超,Sunderland AFC,AFC Bournemouth
2027-05-16,意甲,AC Milan,AS Roma
2027-05-16,意甲,AC Monza,Parma Calcio 1913
2027-05-16,意甲,Bologna FC 1909,Frosinone Calcio
2027-05-16,意甲,Cagliari Calcio,Torino FC
2027-05-16,意甲,Como 1907,Atalanta BC
2027-05-16,意甲,Juventus FC,FC Internazionale Milano
2027-05-16,意甲,SS Lazio,Udinese Calcio
2027-05-16,意甲,SSC Napoli,Genoa CFC
2027-05-16,意甲,US Lecce,ACF Fiorentina
2027-05-16,意甲,US Sassuolo Calcio,Venezia FC
2027-05-16,法甲,AJ Auxerre,Stade Rennais FC 1901
2027-05-16,法甲,AS Monaco FC,Paris FC
2027-05-16,法甲,Lille OSC,Angers SCO
2027-05-16,法甲,Olympique Lyonnais,Le Mans FC
2027-05-16,法甲,Olympique de Marseille,Racing Club de Lens
2027-05-16,法甲,Paris Saint-Germain FC,OGC Nice
2027-05-16,法甲,RC Strasbourg Alsace,ES Troyes AC
2027-05-16,法甲,Stade Brestois 29,Le Havre AC
2027-05-16,法甲,Toulouse FC,FC Lorient
2027-05-16,西甲,CA Osasuna,Real Betis Balompié
2027-05-16,西甲,Club Atlético de Madrid,Rayo Vallecano de Madrid
2027-05-16,西甲,Elche CF,Athletic Club
2027-05-16,西甲,Levante UD,Getafe CF
2027-05-16,西甲,Málaga CF,RC Celta de Vigo
2027-05-16,西甲,RC Deportivo La Coruña,Deportivo Alavés
2027-05-16,西甲,RCD Espanyol de Barcelona,Valencia CF
2027-05-16,西甲,Real Madrid CF,Real Racing Club de Santander
2027-05-16,西甲,Real Sociedad de Fútbol,FC Barcelona
2027-05-16,西甲,Sevilla FC,Villarreal CF
2027-05-20,欧冠,Napoli,FC Barcelona
2027-05-20,欧冠,Benfica,Arsenal FC
2027-05-22,德甲,1. FC Köln,SC Paderborn 07
2027-05-22,德甲,1. FC Union Berlin,Borussia Mönchengladbach
2027-05-22,德甲,1. FSV Mainz 05,VfB Stuttgart
2027-05-22,德甲,FC Augsburg,Hamburger SV
2027-05-22,德甲,FC Bayern München,Eintracht Frankfurt
2027-05-22,德甲,FC Schalke 04,Bayer 04 Leverkusen
2027-05-22,德甲,RB Leipzig,TSG 1899 Hoffenheim
2027-05-22,德甲,SC Freiburg,Borussia Dortmund
2027-05-22,德甲,SV 07 Elversberg,SV Werder Bremen
2027-05-22,法甲,Angers SCO,Stade Brestois 29
2027-05-22,法甲,ES Troyes AC,Paris Saint-Germain FC
2027-05-22,法甲,FC Lorient,Olympique Lyonnais
2027-05-22,法甲,Le Havre AC,Lille OSC
2027-05-22,法甲,Le Mans FC,RC Strasbourg Alsace
2027-05-22,法甲,OGC Nice,AS Monaco FC
2027-05-22,法甲,Paris FC,Olympique de Marseille
2027-05-22,法甲,Racing Club de Lens,Stade Rennais FC 1901
2027-05-22,法甲,Toulouse FC,AJ Auxerre
2027-05-23,意甲,ACF Fiorentina,AC Monza
2027-05-23,意甲,AS Roma,Como 1907
2027-05-23,意甲,Atalanta BC,US Lecce
2027-05-23,意甲,FC Internazionale Milano,SS Lazio
2027-05-23,意甲,Frosinone Calcio,Cagliari Calcio
2027-05-23,意甲,Genoa CFC,Bologna FC 1909
2027-05-23,意甲,Parma Calcio 1913,Juventus FC
2027-05-23,意甲,Torino FC,SSC Napoli
2027-05-23,意甲,Udinese Calcio,US Sassuolo Calcio
2027-05-23,意甲,Venezia FC,AC Milan
2027-05-23,英超,AFC Bournemouth,Chelsea FC
2027-05-23,英超,Brentford FC,Hull City AFC
2027-05-23,英超,Brighton & Hove Albion FC,Liverpool FC
2027-05-23,英超,Everton FC,Arsenal FC
2027-05-23,英超,Fulham FC,Coventry City FC
2027-05-23,英超,Leeds United FC,Sunderland AFC
2027-05-23,英超,Manchester City FC,Aston Villa FC
2027-05-23,英超,Newcastle United FC,Crystal Palace FC
2027-05-23,英超,Nottingham Forest FC,Ipswich Town FC
2027-05-23,英超,Tottenham Hotspur FC,Manchester United FC
2027-05-23,西甲,Club Atlético de Madrid,Athletic Club
2027-05-23,西甲,Deportivo Alavés,Real Madrid CF
2027-05-23,西甲,FC Barcelona,Málaga CF
2027-05-23,西甲,RC Celta de Vigo,Real Sociedad de Fútbol
2027-05-23,西甲,RC Deportivo La Coruña,RCD Espanyol de Barcelona
2027-05-23,西甲,Rayo Vallecano de Madrid,Real Betis Balompié
2027-05-23,西甲,Real Racing Club de Santander,Levante UD
2027-05-23,西甲,Sevilla FC,Getafe CF
2027-05-23,西甲,Valencia CF,Elche CF
2027-05-23,西甲,Villarreal CF,CA Osasuna
2027-05-29,法甲,AJ Auxerre,Le Havre AC
2027-05-29,法甲,AS Monaco FC,ES Troyes AC
2027-05-29,法甲,Lille OSC,Le Mans FC
2027-05-29,法甲,Olympique Lyonnais,Paris FC
2027-05-29,法甲,Olympique de Marseille,FC Lorient
2027-05-29,法甲,Paris Saint-Germain FC,Toulouse FC
2027-05-29,法甲,RC Strasbourg Alsace,OGC Nice
2027-05-29,法甲,Stade Brestois 29,Racing Club de Lens
2027-05-29,法甲,Stade Rennais FC 1901,Angers SCO
2027-05-30,意甲,AC Milan,Udinese Calcio
2027-05-30,意甲,AC Monza,Torino FC
2027-05-30,意甲,Bologna FC 1909,Parma Calcio 1913
2027-05-30,意甲,Cagliari Calcio,AS Roma
2027-05-30,意甲,Como 1907,Genoa CFC
2027-05-30,意甲,Juventus FC,Frosinone Calcio
2027-05-30,意甲,SS Lazio,ACF Fiorentina
2027-05-30,意甲,SSC Napoli,Atalanta BC
2027-05-30,意甲,US Lecce,Venezia FC
2027-05-30,意甲,US Sassuolo Calcio,FC Internazionale Milano
2027-05-30,英超,Arsenal FC,Brighton & Hove Albion FC
2027-05-30,英超,Aston Villa FC,Tottenham Hotspur FC
2027-05-30,英超,Chelsea FC,Brentford FC
2027-05-30,英超,Coventry City FC,Nottingham Forest FC
2027-05-30,英超,Crystal Palace FC,Leeds United FC
2027-05-30,英超,Hull City AFC,Newcastle United FC
2027-05-30,英超,Ipswich Town FC,Everton FC
2027-05-30,英超,Liverpool FC,AFC Bournemouth
2027-05-30,英超,Manchester United FC,Fulham FC
2027-05-30,英超,Sunderland AFC,Manchester City FC
2027-05-30,西甲,Athletic Club,Rayo Vallecano de Madrid
2027-05-30,西甲,CA Osasuna,Valencia CF
2027-05-30,西甲,Elche CF,Real Racing Club de Santander
2027-05-30,西甲,Getafe CF,FC Barcelona
2027-05-30,西甲,Levante UD,RC Celta de Vigo
2027-05-30,西甲,Málaga CF,Sevilla FC
2027-05-30,西甲,RCD Espanyol de Barcelona,Deportivo Alavés
2027-05-30,西甲,Real Betis Balompié,Club Atlético de Madrid
2027-05-30,西甲,Real Madrid CF,RC Deportivo La Coruña
2027-05-30,西甲,Real Sociedad de Fútbol,Villarreal CF
